job_id,skill_type,original_skill,normalized_skill,category,method,confidence,esco_uri
3891074946,technical,Requirements Gathering,interact with users to gather requirements,,semantic,0.7574,http://data.europa.eu/esco/skill/a8797f21-1af0-4c5e-98ca-bf1442929363
3891074946,technical,Requirements Analysis,analyse business requirements,,fuzzy_alt,0.95,http://data.europa.eu/esco/skill/b04f377b-ee80-4b38-aca1-19d266a23b17
3891074946,technical,Requirements Documentation,,,unmatched,0.0,
3891074946,technical,User Acceptance Testing (UAT),,,unmatched,0.0,
3891074946,technical,Integration Testing,execute integration testing,,fuzzy_preferred,0.95,http://data.europa.eu/esco/skill/ea412de3-9d7a-4943-8d8c-c6d3c7495d0e
3891074946,technical,Data Cleaning,perform data cleansing,,semantic,0.8936,http://data.europa.eu/esco/skill/50b100ea-74fd-4706-99db-3e4ca55e51b8
3891074946,technical,Data Analysis,statistics,,alt_label,0.99,http://data.europa.eu/esco/skill/7ee4c2ea-b349-4bd2-81a3-ec31475d4833
3891074946,technical,Database Management,database management systems,,fuzzy_preferred,0.95,http://data.europa.eu/esco/skill/ab1e97ed-2319-4293-a8b7-072d2648822f
3891074946,technical,Business Process Automation,operate automated process control,,semantic,0.7621,http://data.europa.eu/esco/skill/0a0532c2-ee60-4410-8e07-70e4d69370ec
3891074946,technical,Agile,ICT project management methodologies,,alt_label,0.99,http://data.europa.eu/esco/skill/bec4359e-cb92-468f-a997-8fb28e32fba9
3891074946,technical,Scrum,ICT project management methodologies,,alt_label,0.99,http://data.europa.eu/esco/skill/bec4359e-cb92-468f-a997-8fb28e32fba9
3891074946,technical,User Story Writing,,,unmatched,0.0,
3891074946,technical,Test Planning,,,unmatched,0.0,
3891074946,technical,Microsoft Office,use microsoft office,,fuzzy_preferred,0.95,http://data.europa.eu/esco/skill/f683ae1d-cb7c-4aa1-b9fe-205e1bd23535
3891074946,tool,Microsoft Excel,Microsoft Excel,Spreadsheet,technology_dictionary,1.0,
3891074946,technical,SQL,SQL,Database Language,technology_dictionary,1.0,
3891074946,tool,Tableau,Tableau,BI Tool,technology_dictionary,1.0,
3891074946,technical,R,R,Programming Language,technology_dictionary,1.0,
3891074946,tool,Power BI,Power BI,BI Tool,technology_dictionary,1.0,
3891074946,technical,Python,Python,Programming Language,technology_dictionary,1.0,
3891074946,technical,Azure DevOps,,,unmatched,0.0,
3891074946,technical,Analytical Skills,,,unmatched,0.0,
3891074946,technical,Critical Thinking,think critically,,fuzzy_alt,0.95,http://data.europa.eu/esco/skill/7dd94ad3-13d6-43fe-8b94-51fcbf67ced9
3891074946,soft,Communication,communication,,exact,1.0,http://data.europa.eu/esco/skill/15d76317-c71a-4fa2-aadc-2ecc34e627b7
3891074946,technical,Interpersonal Skills,,,unmatched,0.0,
3891074946,technical,Adaptability,,,unmatched,0.0,
3891074946,technical,Attention to Detail,attend to detail,,semantic,0.7608,http://data.europa.eu/esco/skill/83e6510b-ffeb-4aec-959c-4265fd0ff7b7
3891074946,technical,Self-Motivation,motivate others,,semantic,0.7575,http://data.europa.eu/esco/skill/e2d44a9b-f28c-489e-9861-b654b5ded507
3891074946,technical,Azure DevOps Certification,,,unmatched,0.0,
3887101270,technical,Product Management,plan product management,,fuzzy_preferred,0.95,http://data.europa.eu/esco/skill/29fb886c-6be0-4e93-9ea1-232881f2092a
3887101270,technical,Agile,ICT project management methodologies,,alt_label,0.99,http://data.europa.eu/esco/skill/bec4359e-cb92-468f-a997-8fb28e32fba9
3887101270,technical,Data Infrastructure,information structure,,alt_label,0.99,http://data.europa.eu/esco/skill/03ff0d53-573a-47a0-a0ad-1995815a4339
3887101270,technical,Platform Engineering,hardware platforms,,semantic,0.7907,http://data.europa.eu/esco/skill/117373c8-f04b-4fff-8683-aebe36edac81
3887101270,technical,Backend Engineering,,,unmatched,0.0,
3887101270,technical,Data Engineering,data engineering,,exact,1.0,http://data.europa.eu/esco/skill/48db96bf-3314-45c6-bad8-fdb6e20e5639
3887101270,technical,User Research,,,unmatched,0.0,
3887101270,technical,User Experience (UX),,,unmatched,0.0,
3887101270,technical,Design Thinking,design thinking,,exact,1.0,http://data.europa.eu/esco/skill/df64a7cc-2e96-4304-95d3-56fe0ac2dd39
3887101270,technical,User Story Writing,,,unmatched,0.0,
3887101270,technical,Requirements Gathering,interact with users to gather requirements,,semantic,0.7574,http://data.europa.eu/esco/skill/a8797f21-1af0-4c5e-98ca-bf1442929363
3887101270,technical,Objectives and Key Results (OKRs),,,unmatched,0.0,
3887101270,technical,Jira,,,unmatched,0.0,
3887101270,technical,Figma,,,unmatched,0.0,
3887101270,technical,Adobe XD,,,unmatched,0.0,
3887101270,technical,Leadership,leadership principles,,semantic,0.77,http://data.europa.eu/esco/skill/d5145a9a-602e-40bf-b3e1-f04cf9c3ef86
3887101270,soft,Communication,communication,,exact,1.0,http://data.europa.eu/esco/skill/15d76317-c71a-4fa2-aadc-2ecc34e627b7
3887101270,technical,Collaboration,,,unmatched,0.0,
3887101270,technical,Customer Empathy,,,unmatched,0.0,
3887101270,technical,Partnership,,,unmatched,0.0,
3887101270,technical,Growth Mindset,,,unmatched,0.0,
3903434413,technical,Production Support,,,unmatched,0.0,
3903434413,technical,Application Maintenance,,,unmatched,0.0,
3903434413,technical,Technical Documentation,provide technical documentation,,fuzzy_preferred,0.95,http://data.europa.eu/esco/skill/2636b3d3-843e-46a9-8b4c-a9d6ca3f5a2d
3903434413,technical,Functional Specification,,,unmatched,0.0,
3903434413,technical,Technical Specification,write specifications,,semantic,0.7594,http://data.europa.eu/esco/skill/3d64b8fd-bb09-4d13-a3cf-300ed8909088
3903434413,technical,Incident Management,manage major incidents,,semantic,0.8434,http://data.europa.eu/esco/skill/8071881c-d652-46e7-9cf4-e06a7f1e57c7
3903434413,technical,Software Quality Assurance,quality assurance procedures,,semantic,0.7995,http://data.europa.eu/esco/skill/1177c6f5-09c5-4c35-873c-afd22d170ad3
3903434413,technical,Amazon Web Services (AWS),,,unmatched,0.0,
3903434413,technical,Python,Python,Programming Language,technology_dictionary,1.0,
3903434413,technical,Leadership,leadership principles,,semantic,0.77,http://data.europa.eu/esco/skill/d5145a9a-602e-40bf-b3e1-f04cf9c3ef86
3903434413,technical,Teamwork,manage teamwork,,semantic,0.8047,http://data.europa.eu/esco/skill/75e48971-3242-4ea5-a1ba-4deec48ad41c
3903434413,technical,Mentoring,mentor individuals,,semantic,0.8722,http://data.europa.eu/esco/skill/a584a638-a2c0-4b3c-bdf3-a64f87225be9
3903434413,soft,Communication,communication,,exact,1.0,http://data.europa.eu/esco/skill/15d76317-c71a-4fa2-aadc-2ecc34e627b7
3902357366,technical,Product Management,plan product management,,fuzzy_preferred,0.95,http://data.europa.eu/esco/skill/29fb886c-6be0-4e93-9ea1-232881f2092a
3902357366,technical,Agile,ICT project management methodologies,,alt_label,0.99,http://data.europa.eu/esco/skill/bec4359e-cb92-468f-a997-8fb28e32fba9
3902357366,technical,API Integration,,,unmatched,0.0,
3902357366,technical,Jira,,,unmatched,0.0,
3902357366,soft,Communication,communication,,exact,1.0,http://data.europa.eu/esco/skill/15d76317-c71a-4fa2-aadc-2ecc34e627b7
3902348430,technical,Business Analysis,business analysis,,exact,1.0,http://data.europa.eu/esco/skill/633a3637-2c6b-40ae-ac38-289eb2a62aa6
3902348430,technical,Requirements Gathering,interact with users to gather requirements,,semantic,0.7574,http://data.europa.eu/esco/skill/a8797f21-1af0-4c5e-98ca-bf1442929363
3902348430,technical,Requirements Documentation,,,unmatched,0.0,
3902348430,technical,Stakeholder Analysis,engage with stakeholders,,semantic,0.7701,http://data.europa.eu/esco/skill/99c4c69a-025c-464f-adda-874c7f107a31
3902348430,technical,Gap Analysis,,,unmatched,0.0,
3902348430,technical,Root Cause Analysis,root cause analysis,,exact,1.0,http://data.europa.eu/esco/skill/55514865-3066-4abd-86a9-dbe45a440882
3902348430,technical,User Acceptance Testing (UAT),,,unmatched,0.0,
3902348430,technical,Quality Acceptance Testing,,,unmatched,0.0,
3902348430,technical,Test Planning,,,unmatched,0.0,
3902348430,technical,Test Case Development,,,unmatched,0.0,
3902348430,technical,Test Scenario Development,,,unmatched,0.0,
3902348430,technical,Business Case Development,develop business case,,alt_label,0.99,http://data.europa.eu/esco/skill/a4bbd0d9-a6be-4472-b05d-291e60cf6b4b
3902348430,technical,Process Improvement,identify process improvements,,semantic,0.8211,http://data.europa.eu/esco/skill/958b8802-ec3e-4813-97f7-6c8f48610dbd
3902348430,technical,System Integration,ICT system integration,,alt_label,0.99,http://data.europa.eu/esco/skill/6fa1c2c0-a012-4ca0-9642-e01569ba322c
3902348430,technical,Change Management,apply change management,,alt_label,0.99,http://data.europa.eu/esco/skill/3c03ee71-4a23-448f-b79e-81fd75d27dca
3902348430,technical,Agile,ICT project management methodologies,,alt_label,0.99,http://data.europa.eu/esco/skill/bec4359e-cb92-468f-a997-8fb28e32fba9
3902348430,technical,Waterfall,Waterfall development,,semantic,0.8201,http://data.europa.eu/esco/skill/6a876489-7ad8-4a13-b09c-c9b8e97a302e
3902348430,technical,SAP FICO,,,unmatched,0.0,
3902348430,technical,SAP S/4HANA,,,unmatched,0.0,
3902348430,technical,SAP FI,SAP R3,,semantic,0.7619,http://data.europa.eu/esco/skill/bb99af26-71ff-4dca-bde7-1eb1f6194426
3902348430,technical,SAP CO,SAP R3,,semantic,0.7701,http://data.europa.eu/esco/skill/bb99af26-71ff-4dca-bde7-1eb1f6194426
3902348430,technical,SAP Analytics Cloud (SAC),SAP Data Services,,alt_label,0.99,http://data.europa.eu/esco/skill/f8e3425c-fe44-4ffb-bafe-0e20d91dadf4
3902348430,technical,SAP Analytics Cloud Planning,SAP Data Services,,fuzzy_alt,0.95,http://data.europa.eu/esco/skill/f8e3425c-fe44-4ffb-bafe-0e20d91dadf4
3902348430,technical,SQL,SQL,Database Language,technology_dictionary,1.0,
3902348430,soft,Communication,communication,,exact,1.0,http://data.europa.eu/esco/skill/15d76317-c71a-4fa2-aadc-2ecc34e627b7
3902348430,technical,Presentation,prepare presentation material,,semantic,0.7906,http://data.europa.eu/esco/skill/1ba59ce0-7fec-434b-8d5c-9b275250a26c
3902348430,technical,Interpersonal Skills,,,unmatched,0.0,
3902348430,technical,Analytical Skills,,,unmatched,0.0,
3902348430,soft,Problem Solving,solve problems,,fuzzy_alt,0.95,http://data.europa.eu/esco/skill/adc6dc11-3376-467b-96c5-9b0a21edc869
3902348430,technical,Attention to Detail,attend to detail,,semantic,0.7608,http://data.europa.eu/esco/skill/83e6510b-ffeb-4aec-959c-4265fd0ff7b7
3902348430,technical,Planning,urban planning,,semantic,0.7856,http://data.europa.eu/esco/skill/7f18039d-dfae-471b-9daa-507f6b2d2842
3902348430,technical,Organization,represent the organisation,,semantic,0.769,http://data.europa.eu/esco/skill/1a4fdd0e-2cbe-4b77-aa6e-e46efc181b76
3902348430,soft,Customer Service,customer service,,exact,1.0,http://data.europa.eu/esco/skill/15a33d76-4640-438d-ae64-fdc0c1d3eebc
3902348430,technical,Teamwork,manage teamwork,,semantic,0.8047,http://data.europa.eu/esco/skill/75e48971-3242-4ea5-a1ba-4deec48ad41c
3888994430,technical,Data Pipeline Development,analyse pipeline database information,,semantic,0.7675,http://data.europa.eu/esco/skill/484d048c-a5d1-46a5-b57f-45b69c0ac552
3888994430,technical,Data Modeling,data models,,fuzzy_alt,0.96,http://data.europa.eu/esco/skill/fecf8a0d-62c4-4e71-9b03-0f4fc2ad7bf5
3888994430,technical,Database Design,design database scheme,,fuzzy_preferred,0.95,http://data.europa.eu/esco/skill/6c08403c-a5bb-4868-b8c2-b7d039c0e511
3888994430,technical,Data Governance,,,unmatched,0.0,
3888994430,technical,Data Security,apply information security policies,,alt_label,0.99,http://data.europa.eu/esco/skill/86d2e2ea-1ba2-4aa6-b465-8a1f9abc81b8
3888994430,technical,ETL,,,unmatched,0.0,
3888994430,technical,Data Quality,data quality assessment,,semantic,0.9108,http://data.europa.eu/esco/skill/cc7370dd-69fa-4c67-a96f-d4d135d38700
3888994430,technical,Data Integration,,,unmatched,0.0,
3888994430,technical,Data Flow Mapping,,,unmatched,0.0,
3888994430,technical,Python,Python,Programming Language,technology_dictionary,1.0,
3888994430,technical,SQL,SQL,Database Language,technology_dictionary,1.0,
3888994430,technical,ETL Tools,,,unmatched,0.0,
3888994430,tool,PostgreSQL,PostgreSQL,Database,technology_dictionary,1.0,
3888994430,soft,Problem Solving,solve problems,,fuzzy_alt,0.95,http://data.europa.eu/esco/skill/adc6dc11-3376-467b-96c5-9b0a21edc869
3888994430,soft,Communication,communication,,exact,1.0,http://data.europa.eu/esco/skill/15d76317-c71a-4fa2-aadc-2ecc34e627b7
3888994430,technical,Interpersonal Skills,,,unmatched,0.0,
3888994430,technical,Collaboration,,,unmatched,0.0,
3888994430,technical,Independent Working,work independently,,fuzzy_alt,0.95,http://data.europa.eu/esco/skill/c29aa9d2-4da8-4bdd-831c-8d4a2fb51730
3906253680,technical,Business Analysis,business analysis,,exact,1.0,http://data.europa.eu/esco/skill/633a3637-2c6b-40ae-ac38-289eb2a62aa6
3906253680,technical,Requirements Gathering,interact with users to gather requirements,,semantic,0.7574,http://data.europa.eu/esco/skill/a8797f21-1af0-4c5e-98ca-bf1442929363
3906253680,technical,Requirements Documentation,,,unmatched,0.0,
3906253680,technical,Business Process Analysis,business analysis,,fuzzy_preferred,0.95,http://data.europa.eu/esco/skill/633a3637-2c6b-40ae-ac38-289eb2a62aa6
3906253680,technical,Business Process Documentation,,,unmatched,0.0,
3906253680,technical,Business Process Improvement,improve business processes,,semantic,0.8927,http://data.europa.eu/esco/skill/75b30aeb-34c0-40f4-b77d-271d75a98b14
3906253680,technical,Business Process Optimization,improve business processes,,semantic,0.7657,http://data.europa.eu/esco/skill/75b30aeb-34c0-40f4-b77d-271d75a98b14
3906253680,technical,Process Design,design process,,alt_label,0.99,http://data.europa.eu/esco/skill/2c28fc20-8a60-4311-8899-5ef8729c05b3
3906253680,technical,Software Development Lifecycle (SDLC),,,unmatched,0.0,
3906253680,technical,Audit Controls,audit techniques,,semantic,0.752,http://data.europa.eu/esco/skill/6a536b36-c5c7-4d10-bf67-a4fb0f8549b2
3906253680,technical,Backlog Management,manage backlogs,,semantic,0.9367,http://data.europa.eu/esco/skill/9c0ac2f1-6ed5-4413-9831-e8e3f8b0d695
3906253680,technical,ERP,,,unmatched,0.0,
3906253680,technical,Human Capital Management (HCM),,,unmatched,0.0,
3906253680,technical,Workforce Management Software,,,unmatched,0.0,
3906253680,technical,Software as a Service (SaaS),service-oriented modelling,,alt_label,0.99,http://data.europa.eu/esco/skill/83218cac-3599-417e-93d2-26013cdccd98
3906253680,technical,Organizational Skills,,,unmatched,0.0,
3906253680,technical,Planning,urban planning,,semantic,0.7856,http://data.europa.eu/esco/skill/7f18039d-dfae-471b-9daa-507f6b2d2842
3906253680,technical,Time Management,manage time,,semantic,0.8936,http://data.europa.eu/esco/skill/d9013e0e-e937-43d5-ab71-0e917ee882b8
3906253680,soft,Problem Solving,solve problems,,fuzzy_alt,0.95,http://data.europa.eu/esco/skill/adc6dc11-3376-467b-96c5-9b0a21edc869
3906253680,technical,Critical Thinking,think critically,,fuzzy_alt,0.95,http://data.europa.eu/esco/skill/7dd94ad3-13d6-43fe-8b94-51fcbf67ced9
3906253680,technical,Conflict Resolution,conflict management,,alt_label,0.99,http://data.europa.eu/esco/skill/afd49651-9119-4327-91fc-844a6dda1254
3906253680,soft,Communication,communication,,exact,1.0,http://data.europa.eu/esco/skill/15d76317-c71a-4fa2-aadc-2ecc34e627b7
3906253680,technical,Teamwork,manage teamwork,,semantic,0.8047,http://data.europa.eu/esco/skill/75e48971-3242-4ea5-a1ba-4deec48ad41c
3906253680,technical,Independent Working,work independently,,fuzzy_alt,0.95,http://data.europa.eu/esco/skill/c29aa9d2-4da8-4bdd-831c-8d4a2fb51730
3903875936,technical,Data Pipeline Development,analyse pipeline database information,,semantic,0.7675,http://data.europa.eu/esco/skill/484d048c-a5d1-46a5-b57f-45b69c0ac552
3903875936,technical,Workflow Management,manage workflow processes,,semantic,0.8467,http://data.europa.eu/esco/skill/7add3681-17b6-4027-8a9d-ee92d2b96a42
3903875936,technical,Continuous Integration and Continuous Delivery (CI/CD),,,unmatched,0.0,
3903875936,technical,Full-Stack Development,,,unmatched,0.0,
3903875936,technical,Software Development Lifecycle (SDLC),,,unmatched,0.0,
3903875936,technical,Agile,ICT project management methodologies,,alt_label,0.99,http://data.europa.eu/esco/skill/bec4359e-cb92-468f-a997-8fb28e32fba9
3903875936,technical,SQL,SQL,Database Language,technology_dictionary,1.0,
3903875936,technical,NoSQL,NoSQL,Database,technology_dictionary,1.0,
3903875936,technical,Amazon DynamoDB,,,unmatched,0.0,
3903875936,tool,PostgreSQL,PostgreSQL,Database,technology_dictionary,1.0,
3903875936,technical,Oracle Database,Oracle Relational Database,,semantic,0.8874,http://data.europa.eu/esco/skill/de9f85ba-e77f-48fd-8c66-f5ebaf32d655
3903875936,tool,Apache Airflow,Apache Airflow,Workflow,technology_dictionary,1.0,
3903875936,technical,Control-M,,,unmatched,0.0,
3903875936,technical,Amazon Web Services (AWS),,,unmatched,0.0,
3903875936,technical,Amazon EC2,,,unmatched,0.0,
3903875936,technical,Amazon S3,,,unmatched,0.0,
3903875936,technical,AWS Identity and Access Management (IAM),,,unmatched,0.0,
3903875936,technical,Python,Python,Programming Language,technology_dictionary,1.0,
3903875936,technical,Jenkins,Jenkins (tools for software configuration management),,alt_label,0.99,http://data.europa.eu/esco/skill/f47a1998-0beb-43be-9f46-380aa4d183da
3903875936,technical,Collaboration,,,unmatched,0.0,
3903875936,technical,Self-Motivation,motivate others,,semantic,0.7575,http://data.europa.eu/esco/skill/e2d44a9b-f28c-489e-9861-b654b5ded507
3902780924,technical,Machine Learning,machine learning,,exact,1.0,http://data.europa.eu/esco/skill/3a2d5b45-56e4-4f5a-a55a-4a4a65afdc43
3902780924,technical,Machine Learning Model Development,,,unmatched,0.0,
3902780924,technical,Machine Learning Model Deployment,,,unmatched,0.0,
3902780924,technical,Machine Learning Model Monitoring,,,unmatched,0.0,
3902780924,technical,Machine Learning Model Maintenance,,,unmatched,0.0,
3902780924,technical,Machine Learning Architecture,machine learning,,semantic,0.7519,http://data.europa.eu/esco/skill/3a2d5b45-56e4-4f5a-a55a-4a4a65afdc43
3902780924,technical,Machine Learning Infrastructure,,,unmatched,0.0,
3902780924,technical,Model Training,,,unmatched,0.0,
3902780924,technical,Hyperparameter Tuning,,,unmatched,0.0,
3902780924,technical,Model Validation,,,unmatched,0.0,
3902780924,technical,Data Pipeline Development,analyse pipeline database information,,semantic,0.7675,http://data.europa.eu/esco/skill/484d048c-a5d1-46a5-b57f-45b69c0ac552
3902780924,technical,Distributed Computing,distributed computing,,exact,1.0,http://data.europa.eu/esco/skill/897b393f-e7e0-4248-a40d-d77119694e83
3902780924,technical,Continuous Integration and Continuous Delivery (CI/CD),,,unmatched,0.0,
3902780924,technical,Test Automation,tools for ICT test automation,,fuzzy_alt,0.95,http://data.europa.eu/esco/skill/7557f0f4-b8bc-4ac0-b91e-222ab1ba744f
3902780924,technical,Agile,ICT project management methodologies,,alt_label,0.99,http://data.europa.eu/esco/skill/bec4359e-cb92-468f-a997-8fb28e32fba9
3902780924,technical,Responsible AI,,,unmatched,0.0,
3902780924,technical,Explainable AI,,,unmatched,0.0,
3902780924,technical,Python,Python,Programming Language,technology_dictionary,1.0,
3902780924,technical,PySpark,,,unmatched,0.0,
3902780924,technical,SQL,SQL,Database Language,technology_dictionary,1.0,
3902780924,technical,Scala,Scala,,exact,1.0,http://data.europa.eu/esco/skill/ffddfc7c-a9dd-449f-9e96-882dc447c8b6
3902780924,technical,Java,Java (computer programming),,alt_label,0.99,http://data.europa.eu/esco/skill/19a8293b-8e95-4de3-983f-77484079c389
3902780924,technical,Scikit-learn,,,unmatched,0.0,
3902780924,tool,PyTorch,PyTorch,Machine Learning,technology_dictionary,1.0,
3902780924,technical,Dask,,,unmatched,0.0,
3902780924,tool,Apache Spark,Apache Spark,Big Data,technology_dictionary,1.0,
3902780924,tool,TensorFlow,TensorFlow,Machine Learning,technology_dictionary,1.0,
3902780924,technical,Amazon Web Services (AWS),,,unmatched,0.0,
3902780924,tool,Microsoft Azure,Microsoft Azure,Cloud,technology_dictionary,1.0,
3902780924,technical,Google Cloud Platform (GCP),,,unmatched,0.0,
3902780924,technical,Collaboration,,,unmatched,0.0,
3902780924,technical,Continuous Learning,,,unmatched,0.0,
3902829691,technical,Content Management,use content management system software,,semantic,0.8324,http://data.europa.eu/esco/skill/56a10e3e-c9e7-4d39-b6f1-6013398fcb3a
3902829691,technical,Document Management,document management,,exact,1.0,http://data.europa.eu/esco/skill/ea1bf5e5-e7f0-4d2c-a415-1c39c00512b1
3902829691,technical,Program Management,program management,,exact,1.0,http://data.europa.eu/esco/skill/06d09f70-6ca8-4078-be72-4c2c2a11ee61
3902829691,technical,Data Modeling,data models,,fuzzy_alt,0.96,http://data.europa.eu/esco/skill/fecf8a0d-62c4-4e71-9b03-0f4fc2ad7bf5
3902829691,technical,Agile,ICT project management methodologies,,alt_label,0.99,http://data.europa.eu/esco/skill/bec4359e-cb92-468f-a997-8fb28e32fba9
3902829691,technical,JavaScript,JavaScript,,exact,1.0,http://data.europa.eu/esco/skill/3cd569a2-4f88-4c1e-9995-8dce8c5e51a7
3902829691,technical,XML,,,unmatched,0.0,
3902829691,technical,XML Schema Definition (XSD),,,unmatched,0.0,
3902829691,technical,Adobe InDesign,,,unmatched,0.0,
3902829691,technical,Oracle Database,Oracle Relational Database,,semantic,0.8874,http://data.europa.eu/esco/skill/de9f85ba-e77f-48fd-8c66-f5ebaf32d655
3902829691,technical,Adobe Workfront,,,unmatched,0.0,
3902829691,technical,Attention to Detail,attend to detail,,semantic,0.7608,http://data.europa.eu/esco/skill/83e6510b-ffeb-4aec-959c-4265fd0ff7b7
3902829691,soft,Communication,communication,,exact,1.0,http://data.europa.eu/esco/skill/15d76317-c71a-4fa2-aadc-2ecc34e627b7
3902829691,technical,Analytical Thinking,think analytically,,alt_label,0.99,http://data.europa.eu/esco/skill/4707da90-9cfc-46ca-8de0-38a0b7bfb137
3902829691,soft,Problem Solving,solve problems,,fuzzy_alt,0.95,http://data.europa.eu/esco/skill/adc6dc11-3376-467b-96c5-9b0a21edc869
3895272957,technical,Quality Management,quality assurance procedures,,alt_label,0.99,http://data.europa.eu/esco/skill/1177c6f5-09c5-4c35-873c-afd22d170ad3
3895272957,technical,Quality Process Management,quality assurance procedures,,fuzzy_alt,0.95,http://data.europa.eu/esco/skill/1177c6f5-09c5-4c35-873c-afd22d170ad3
3895272957,technical,Process Development,social development,,fuzzy_alt,0.95,http://data.europa.eu/esco/skill/4e3db6d7-88b8-492d-89e5-a93d01c3e369
3895272957,technical,Data Analytics,data analytics,,exact,1.0,http://data.europa.eu/esco/skill/97bd1c21-66b2-4b7e-ad0f-e3cda590e378
3895272957,technical,Digital Quality,,,unmatched,0.0,
3895272957,technical,Nonconformity Management,,,unmatched,0.0,
3895272957,technical,Advanced Product Quality Planning (APQP),,,unmatched,0.0,
3895272957,technical,Failure Mode and Effects Analysis (FMEA),perform failure analysis of production process,,fuzzy_alt,0.98,http://data.europa.eu/esco/skill/12b5cc46-bf35-464c-ac7d-1bdbc23262f7
3895272957,technical,Root Cause Analysis (RCA),root cause analysis,,exact,1.0,http://data.europa.eu/esco/skill/55514865-3066-4abd-86a9-dbe45a440882
3895272957,technical,Supplier Quality Management,supplier management,,fuzzy_preferred,0.95,http://data.europa.eu/esco/skill/fe1ec582-d63b-466c-9149-e7fc4fe93e22
3895272957,technical,Quality Strategy,manage quality,,semantic,0.7958,http://data.europa.eu/esco/skill/35ebe444-9ece-4fbc-a55d-e99ea37267ae
3895272957,technical,Change Management,apply change management,,alt_label,0.99,http://data.europa.eu/esco/skill/3c03ee71-4a23-448f-b79e-81fd75d27dca
3895272957,technical,Continuous Improvement,continuous improvement philosophies,,fuzzy_alt,0.95,http://data.europa.eu/esco/skill/0550431f-9c8b-4204-9c45-59bc5feacf06
3895272957,technical,Lean,,,unmatched,0.0,
3895272957,technical,Leadership,leadership principles,,semantic,0.77,http://data.europa.eu/esco/skill/d5145a9a-602e-40bf-b3e1-f04cf9c3ef86
3895272957,soft,Communication,communication,,exact,1.0,http://data.europa.eu/esco/skill/15d76317-c71a-4fa2-aadc-2ecc34e627b7
3895272957,technical,Interpersonal Skills,,,unmatched,0.0,
3895272957,technical,Stakeholder Management,engage with stakeholders,,semantic,0.776,http://data.europa.eu/esco/skill/99c4c69a-025c-464f-adda-874c7f107a31
3895272957,technical,Teamwork,manage teamwork,,semantic,0.8047,http://data.europa.eu/esco/skill/75e48971-3242-4ea5-a1ba-4deec48ad41c
3895272957,technical,Collaboration,,,unmatched,0.0,
3903824576,technical,Business Analysis,business analysis,,exact,1.0,http://data.europa.eu/esco/skill/633a3637-2c6b-40ae-ac38-289eb2a62aa6
3903824576,technical,Requirements Gathering,interact with users to gather requirements,,semantic,0.7574,http://data.europa.eu/esco/skill/a8797f21-1af0-4c5e-98ca-bf1442929363
3903824576,technical,Requirements Documentation,,,unmatched,0.0,
3903824576,technical,User Story Writing,,,unmatched,0.0,
3903824576,technical,Business Case Development,develop business case,,alt_label,0.99,http://data.europa.eu/esco/skill/a4bbd0d9-a6be-4472-b05d-291e60cf6b4b
3903824576,technical,Test Case Development,,,unmatched,0.0,
3903824576,technical,Test Planning,,,unmatched,0.0,
3903824576,technical,Regression Testing,,,unmatched,0.0,
3903824576,technical,Agile,ICT project management methodologies,,alt_label,0.99,http://data.europa.eu/esco/skill/bec4359e-cb92-468f-a997-8fb28e32fba9
3903824576,technical,Scrum,ICT project management methodologies,,alt_label,0.99,http://data.europa.eu/esco/skill/bec4359e-cb92-468f-a997-8fb28e32fba9
3903824576,technical,Kanban,,,unmatched,0.0,
3903824576,technical,Continuous Integration and Continuous Delivery (CI/CD),,,unmatched,0.0,
3903824576,tool,Microsoft Azure,Microsoft Azure,Cloud,technology_dictionary,1.0,
3903824576,technical,Azure DevOps,,,unmatched,0.0,
3903824576,technical,Jira,,,unmatched,0.0,
3903824576,technical,Rally,,,unmatched,0.0,
3903824576,technical,Amazon Web Services (AWS),,,unmatched,0.0,
3903824576,technical,Google Cloud Platform (GCP),,,unmatched,0.0,
3903824576,technical,Attention to Detail,attend to detail,,semantic,0.7608,http://data.europa.eu/esco/skill/83e6510b-ffeb-4aec-959c-4265fd0ff7b7
3903824576,soft,Communication,communication,,exact,1.0,http://data.europa.eu/esco/skill/15d76317-c71a-4fa2-aadc-2ecc34e627b7
3903824576,technical,Collaboration,,,unmatched,0.0,
3901950783,technical,Business Intelligence,business intelligence,,exact,1.0,http://data.europa.eu/esco/skill/143769cb-b61e-47d8-a61e-eedfbec1016c
3901950783,technical,Report Development,develop reporting software,,semantic,0.8381,http://data.europa.eu/esco/skill/9d2f77af-4307-4ac5-bc50-a9980cec7e83
3901950783,technical,Dashboard Development,,,unmatched,0.0,
3901950783,technical,Data Modeling,data models,,fuzzy_alt,0.96,http://data.europa.eu/esco/skill/fecf8a0d-62c4-4e71-9b03-0f4fc2ad7bf5
3901950783,technical,DAX,,,unmatched,0.0,
3901950783,technical,KPI Development,,,unmatched,0.0,
3901950783,technical,Database Development,database development tools,,fuzzy_preferred,0.95,http://data.europa.eu/esco/skill/9ef0f3a0-9ce2-4ef1-a987-0366b5cb2dbe
3901950783,technical,Performance Optimization,,,unmatched,0.0,
3901950783,technical,Microsoft Power BI,,,unmatched,0.0,
3901950783,technical,SQL Server Integration Services (SSIS),SQL Server Integration Services,,exact,1.0,http://data.europa.eu/esco/skill/6f7512ab-d46d-402a-8c30-a8878d7c1f88
3901950783,technical,SQL Server Reporting Services (SSRS),,,unmatched,0.0,
3901950783,tool,Microsoft Excel,Microsoft Excel,Spreadsheet,technology_dictionary,1.0,
3901950783,technical,Microsoft SQL Server,SQL Server,,semantic,0.9785,http://data.europa.eu/esco/skill/c062bab3-3ea0-4291-9220-a2d8fef4bead
3898174637,technical,Data Analysis,statistics,,alt_label,0.99,http://data.europa.eu/esco/skill/7ee4c2ea-b349-4bd2-81a3-ec31475d4833
3898174637,technical,Data Reporting,report analysis results,,fuzzy_alt,0.95,http://data.europa.eu/esco/skill/c544a9f3-5945-4b54-afed-de0697852817
3898174637,technical,Data Visualization,data visualisation software,,semantic,0.8764,http://data.europa.eu/esco/skill/65e58886-bd1e-4c5b-8ca5-8d9b353c8aa1
3898174637,technical,Natural Language Processing (NLP),natural language processing,,exact,1.0,http://data.europa.eu/esco/skill/fff0e2cd-d0bd-4b02-9daf-158b79d9688a
3898174637,technical,Machine Learning,machine learning,,exact,1.0,http://data.europa.eu/esco/skill/3a2d5b45-56e4-4f5a-a55a-4a4a65afdc43
3898174637,technical,Data Auditing,audit techniques,,semantic,0.7807,http://data.europa.eu/esco/skill/6a536b36-c5c7-4d10-bf67-a4fb0f8549b2
3898174637,technical,Project Management,project management,,exact,1.0,http://data.europa.eu/esco/skill/7111b95d-0ce3-441a-9d92-4c75d05c4388
3898174637,technical,Change Management,apply change management,,alt_label,0.99,http://data.europa.eu/esco/skill/3c03ee71-4a23-448f-b79e-81fd75d27dca
3898174637,technical,Process Documentation,,,unmatched,0.0,
3898174637,technical,Survey Design,survey techniques,,semantic,0.8017,http://data.europa.eu/esco/skill/5b6fb4d6-582e-4187-9f17-f6e582f8714f
3898174637,tool,Microsoft Excel,Microsoft Excel,Spreadsheet,technology_dictionary,1.0,
3898174637,technical,Microsoft PowerPoint,use presentation software,,fuzzy_alt,0.95,http://data.europa.eu/esco/skill/234aeb8d-56c3-4531-9193-1c5e6a8d16cb
3898174637,technical,Microsoft Word,use microsoft office,,semantic,0.7613,http://data.europa.eu/esco/skill/f683ae1d-cb7c-4aa1-b9fe-205e1bd23535
3898174637,technical,Veeva,,,unmatched,0.0,
3898174637,technical,Workday,,,unmatched,0.0,
3898174637,technical,Qualtrics,,,unmatched,0.0,
3898174637,technical,Project Management,project management,,exact,1.0,http://data.europa.eu/esco/skill/7111b95d-0ce3-441a-9d92-4c75d05c4388
3898174637,technical,Planning,urban planning,,semantic,0.7856,http://data.europa.eu/esco/skill/7f18039d-dfae-471b-9daa-507f6b2d2842
3898174637,technical,Organization,represent the organisation,,semantic,0.769,http://data.europa.eu/esco/skill/1a4fdd0e-2cbe-4b77-aa6e-e46efc181b76
3898174637,soft,Communication,communication,,exact,1.0,http://data.europa.eu/esco/skill/15d76317-c71a-4fa2-aadc-2ecc34e627b7
3898174637,technical,Professionalism,,,unmatched,0.0,
3898174637,technical,Integrity,morality,,alt_label,0.99,http://data.europa.eu/esco/skill/7cf2762d-32e1-4b21-8ef8-574e40310c18
3898174637,technical,Teamwork,manage teamwork,,semantic,0.8047,http://data.europa.eu/esco/skill/75e48971-3242-4ea5-a1ba-4deec48ad41c
3898174637,technical,Independent Working,work independently,,fuzzy_alt,0.95,http://data.europa.eu/esco/skill/c29aa9d2-4da8-4bdd-831c-8d4a2fb51730
3898174637,technical,Adaptability,,,unmatched,0.0,
3895200298,technical,Data Analysis,statistics,,alt_label,0.99,http://data.europa.eu/esco/skill/7ee4c2ea-b349-4bd2-81a3-ec31475d4833
3895200298,technical,Data Reporting,report analysis results,,fuzzy_alt,0.95,http://data.europa.eu/esco/skill/c544a9f3-5945-4b54-afed-de0697852817
3895200298,technical,Natural Language Processing (NLP),natural language processing,,exact,1.0,http://data.europa.eu/esco/skill/fff0e2cd-d0bd-4b02-9daf-158b79d9688a
3895200298,technical,Machine Learning,machine learning,,exact,1.0,http://data.europa.eu/esco/skill/3a2d5b45-56e4-4f5a-a55a-4a4a65afdc43
3895200298,technical,Data Auditing,audit techniques,,semantic,0.7807,http://data.europa.eu/esco/skill/6a536b36-c5c7-4d10-bf67-a4fb0f8549b2
3895200298,technical,Project Management,project management,,exact,1.0,http://data.europa.eu/esco/skill/7111b95d-0ce3-441a-9d92-4c75d05c4388
3895200298,technical,Process Documentation,,,unmatched,0.0,
3895200298,technical,Change Management,apply change management,,alt_label,0.99,http://data.europa.eu/esco/skill/3c03ee71-4a23-448f-b79e-81fd75d27dca
3895200298,technical,Survey Design,survey techniques,,semantic,0.8017,http://data.europa.eu/esco/skill/5b6fb4d6-582e-4187-9f17-f6e582f8714f
3895200298,tool,Microsoft Excel,Microsoft Excel,Spreadsheet,technology_dictionary,1.0,
3895200298,technical,Microsoft PowerPoint,use presentation software,,fuzzy_alt,0.95,http://data.europa.eu/esco/skill/234aeb8d-56c3-4531-9193-1c5e6a8d16cb
3895200298,technical,Microsoft Word,use microsoft office,,semantic,0.7613,http://data.europa.eu/esco/skill/f683ae1d-cb7c-4aa1-b9fe-205e1bd23535
3895200298,technical,Veeva,,,unmatched,0.0,
3895200298,technical,Workday,,,unmatched,0.0,
3895200298,technical,Qualtrics,,,unmatched,0.0,
3895200298,technical,Project Management,project management,,exact,1.0,http://data.europa.eu/esco/skill/7111b95d-0ce3-441a-9d92-4c75d05c4388
3895200298,technical,Planning,urban planning,,semantic,0.7856,http://data.europa.eu/esco/skill/7f18039d-dfae-471b-9daa-507f6b2d2842
3895200298,technical,Organization,represent the organisation,,semantic,0.769,http://data.europa.eu/esco/skill/1a4fdd0e-2cbe-4b77-aa6e-e46efc181b76
3895200298,soft,Communication,communication,,exact,1.0,http://data.europa.eu/esco/skill/15d76317-c71a-4fa2-aadc-2ecc34e627b7
3895200298,technical,Professionalism,,,unmatched,0.0,
3895200298,technical,Integrity,morality,,alt_label,0.99,http://data.europa.eu/esco/skill/7cf2762d-32e1-4b21-8ef8-574e40310c18
3895200298,technical,Stakeholder Management,engage with stakeholders,,semantic,0.776,http://data.europa.eu/esco/skill/99c4c69a-025c-464f-adda-874c7f107a31
3895200298,technical,Independent Working,work independently,,fuzzy_alt,0.95,http://data.europa.eu/esco/skill/c29aa9d2-4da8-4bdd-831c-8d4a2fb51730
3895200298,technical,Collaboration,,,unmatched,0.0,
3895200298,technical,Adaptability,,,unmatched,0.0,
3891072418,technical,Systems Analysis,perform system analysis,,semantic,0.8463,http://data.europa.eu/esco/skill/3f86173d-e101-4fcd-934f-ff9de29c081c
3891072418,technical,Requirements Gathering,interact with users to gather requirements,,semantic,0.7574,http://data.europa.eu/esco/skill/a8797f21-1af0-4c5e-98ca-bf1442929363
3891072418,technical,Requirements Documentation,,,unmatched,0.0,
3891072418,technical,Data Analysis,statistics,,alt_label,0.99,http://data.europa.eu/esco/skill/7ee4c2ea-b349-4bd2-81a3-ec31475d4833
3891072418,technical,ETL,,,unmatched,0.0,
3891072418,technical,Agile,ICT project management methodologies,,alt_label,0.99,http://data.europa.eu/esco/skill/bec4359e-cb92-468f-a997-8fb28e32fba9
3891072418,technical,SQL,SQL,Database Language,technology_dictionary,1.0,
3891072418,technical,Informatica,,,unmatched,0.0,
3891072418,technical,SnapLogic,,,unmatched,0.0,
3891072418,soft,Communication,communication,,exact,1.0,http://data.europa.eu/esco/skill/15d76317-c71a-4fa2-aadc-2ecc34e627b7
3905218828,technical,Data Science,data science,,exact,1.0,http://data.europa.eu/esco/skill/edebd83d-35f6-4ed5-a940-6c203d178c01
3905218828,technical,Deep Learning,deep learning,,exact,1.0,http://data.europa.eu/esco/skill/ecc4552a-92c5-4222-b18d-faf5ac841080
3905218828,technical,Transformer Models,,,unmatched,0.0,
3905218828,technical,Natural Language Processing (NLP),natural language processing,,exact,1.0,http://data.europa.eu/esco/skill/fff0e2cd-d0bd-4b02-9daf-158b79d9688a
3905218828,technical,Large Language Models (LLMs),,,unmatched,0.0,
3905218828,technical,Model Training,,,unmatched,0.0,
3905218828,technical,Model Evaluation,,,unmatched,0.0,
3905218828,technical,Distributed Computing,distributed computing,,exact,1.0,http://data.europa.eu/esco/skill/897b393f-e7e0-4248-a40d-d77119694e83
3905218828,technical,Python,Python,Programming Language,technology_dictionary,1.0,
3905218828,tool,PyTorch,PyTorch,Machine Learning,technology_dictionary,1.0,
3905218828,technical,Linux,,,unmatched,0.0,
3905218828,tool,Docker,Docker,DevOps,technology_dictionary,1.0,
3905218828,tool,Kubernetes,Kubernetes,DevOps,technology_dictionary,1.0,
3905218828,technical,Jupyter,,,unmatched,0.0,
3905218828,technical,Ray,,,unmatched,0.0,
3905218828,technical,Dask,,,unmatched,0.0,
3905218828,tool,Apache Spark,Apache Spark,Big Data,technology_dictionary,1.0,
3905218828,technical,BERT,,,unmatched,0.0,
3891088945,technical,Machine Learning,machine learning,,exact,1.0,http://data.europa.eu/esco/skill/3a2d5b45-56e4-4f5a-a55a-4a4a65afdc43
3891088945,technical,Machine Learning Operations (MLOps),,,unmatched,0.0,
3891088945,technical,Model Deployment,,,unmatched,0.0,
3891088945,technical,Model Monitoring,,,unmatched,0.0,
3891088945,technical,Data Collection,statistics,,alt_label,0.99,http://data.europa.eu/esco/skill/7ee4c2ea-b349-4bd2-81a3-ec31475d4833
3891088945,technical,Model Validation,,,unmatched,0.0,
3891088945,technical,Workflow Development,,,unmatched,0.0,
3891088945,technical,Continuous Integration and Continuous Delivery (CI/CD),,,unmatched,0.0,
3891088945,technical,Large Language Models (LLMs),,,unmatched,0.0,
3891088945,technical,Retrieval-Augmented Generation (RAG),,,unmatched,0.0,
3891088945,technical,Clustering,,,unmatched,0.0,
3891088945,technical,Binary Classification,,,unmatched,0.0,
3891088945,tool,Apache Airflow,Apache Airflow,Workflow,technology_dictionary,1.0,
3891088945,tool,Apache Spark,Apache Spark,Big Data,technology_dictionary,1.0,
3891088945,tool,Kubernetes,Kubernetes,DevOps,technology_dictionary,1.0,
3891088945,technical,Amazon SageMaker,,,unmatched,0.0,
3891088945,technical,Amazon Web Services (AWS),,,unmatched,0.0,
3891088945,tool,PyTorch,PyTorch,Machine Learning,technology_dictionary,1.0,
3891088945,technical,PySpark,,,unmatched,0.0,
3891088945,technical,Python,Python,Programming Language,technology_dictionary,1.0,
3891088945,technical,C,,,unmatched,0.0,
3891088945,technical,Bitbucket,,,unmatched,0.0,
3891088945,technical,Amazon Redshift,,,unmatched,0.0,
3891088945,technical,Amazon Athena,,,unmatched,0.0,
3891088945,technical,XGBoost,XGBoost,Machine Learning,technology_dictionary,1.0,
3891088945,technical,K-Means,,,unmatched,0.0,
3891088945,technical,Self-Motivation,motivate others,,semantic,0.7575,http://data.europa.eu/esco/skill/e2d44a9b-f28c-489e-9861-b654b5ded507
3891088945,technical,Continuous Learning,,,unmatched,0.0,
3891088945,technical,Initiative,show initiative,,semantic,0.8116,http://data.europa.eu/esco/skill/001115fb-569f-4ee6-8381-c6807ef2527f
3902340711,technical,Data Entry,supervise data entry,,semantic,0.7621,http://data.europa.eu/esco/skill/f399a9c1-be41-4117-bf86-a64b503c4cfd
3902340711,technical,Data Integrity,,,unmatched,0.0,
3902340711,technical,Data Reporting,report analysis results,,fuzzy_alt,0.95,http://data.europa.eu/esco/skill/c544a9f3-5945-4b54-afed-de0697852817
3902340711,technical,Data Management,SAS Data Management,,fuzzy_preferred,0.95,http://data.europa.eu/esco/skill/e5a6e1e0-1b07-4432-83ba-77d593b2cb47
3902340711,technical,Data Analysis,statistics,,alt_label,0.99,http://data.europa.eu/esco/skill/7ee4c2ea-b349-4bd2-81a3-ec31475d4833
3902340711,technical,Vendor Management,,,unmatched,0.0,
3902340711,technical,Invoice Management,,,unmatched,0.0,
3902340711,technical,Business Mathematics,mathematics,,semantic,0.7803,http://data.europa.eu/esco/skill/4339176e-3acd-4f7f-a5d9-445bee3d23f2
3902340711,technical,Training,,,unmatched,0.0,
3902340711,tool,Microsoft Excel,Microsoft Excel,Spreadsheet,technology_dictionary,1.0,
3902340711,technical,Microsoft Office,use microsoft office,,fuzzy_preferred,0.95,http://data.europa.eu/esco/skill/f683ae1d-cb7c-4aa1-b9fe-205e1bd23535
3902340711,technical,Coupa,,,unmatched,0.0,
3902340711,technical,Workday,,,unmatched,0.0,
3902340711,technical,Procore,,,unmatched,0.0,
3902340711,technical,Verisae,,,unmatched,0.0,
3902340711,soft,Customer Service,customer service,,exact,1.0,http://data.europa.eu/esco/skill/15a33d76-4640-438d-ae64-fdc0c1d3eebc
3902340711,soft,Problem Solving,solve problems,,fuzzy_alt,0.95,http://data.europa.eu/esco/skill/adc6dc11-3376-467b-96c5-9b0a21edc869
3902340711,soft,Communication,communication,,exact,1.0,http://data.europa.eu/esco/skill/15d76317-c71a-4fa2-aadc-2ecc34e627b7
3902340711,technical,Time Management,manage time,,semantic,0.8936,http://data.europa.eu/esco/skill/d9013e0e-e937-43d5-ab71-0e917ee882b8
3902340711,technical,Research,,,unmatched,0.0,
3902340711,technical,Presentation,prepare presentation material,,semantic,0.7906,http://data.europa.eu/esco/skill/1ba59ce0-7fec-434b-8d5c-9b275250a26c
3902340711,technical,Teamwork,manage teamwork,,semantic,0.8047,http://data.europa.eu/esco/skill/75e48971-3242-4ea5-a1ba-4deec48ad41c
3902340711,technical,Mentoring,mentor individuals,,semantic,0.8722,http://data.europa.eu/esco/skill/a584a638-a2c0-4b3c-bdf3-a64f87225be9
3904406917,technical,Deep Learning,deep learning,,exact,1.0,http://data.europa.eu/esco/skill/ecc4552a-92c5-4222-b18d-faf5ac841080
3904406917,technical,Machine Learning,machine learning,,exact,1.0,http://data.europa.eu/esco/skill/3a2d5b45-56e4-4f5a-a55a-4a4a65afdc43
3904406917,technical,Computer Vision,computer vision,,exact,1.0,http://data.europa.eu/esco/skill/7b0d5000-00da-4864-b776-6de49a87a669
3904406917,technical,Algorithm Development,task algorithmisation,,fuzzy_alt,0.95,http://data.europa.eu/esco/skill/7482a123-e801-48de-9733-262125671410
3904406917,technical,Model Training,,,unmatched,0.0,
3904406917,technical,Predictive Analytics,develop predictive models,,semantic,0.7572,http://data.europa.eu/esco/skill/e2887d71-8ff4-4188-9926-22bdaefa7713
3904406917,technical,Python,Python,Programming Language,technology_dictionary,1.0,
3904406917,tool,PyTorch,PyTorch,Machine Learning,technology_dictionary,1.0,
3904406917,tool,TensorFlow,TensorFlow,Machine Learning,technology_dictionary,1.0,
3904406917,technical,Analytical Skills,,,unmatched,0.0,
3904406917,soft,Problem Solving,solve problems,,fuzzy_alt,0.95,http://data.europa.eu/esco/skill/adc6dc11-3376-467b-96c5-9b0a21edc869
3904406917,soft,Communication,communication,,exact,1.0,http://data.europa.eu/esco/skill/15d76317-c71a-4fa2-aadc-2ecc34e627b7
3904406917,technical,Independent Working,work independently,,fuzzy_alt,0.95,http://data.europa.eu/esco/skill/c29aa9d2-4da8-4bdd-831c-8d4a2fb51730
3904406917,technical,Teamwork,manage teamwork,,semantic,0.8047,http://data.europa.eu/esco/skill/75e48971-3242-4ea5-a1ba-4deec48ad41c
3904406917,technical,Creativity,stimulate creative processes,,semantic,0.7752,http://data.europa.eu/esco/skill/d97c894e-d330-4bd3-b8ba-138fc11855ee
3904406917,technical,Innovation,innovation processes,,semantic,0.7867,http://data.europa.eu/esco/skill/2fb8480e-de3c-462b-b169-e8bbb344da68
3904406917,technical,Self-Motivation,motivate others,,semantic,0.7575,http://data.europa.eu/esco/skill/e2d44a9b-f28c-489e-9861-b654b5ded507
3902343179,technical,Requirements Gathering,interact with users to gather requirements,,semantic,0.7574,http://data.europa.eu/esco/skill/a8797f21-1af0-4c5e-98ca-bf1442929363
3902343179,technical,Requirements Analysis,analyse business requirements,,fuzzy_alt,0.95,http://data.europa.eu/esco/skill/b04f377b-ee80-4b38-aca1-19d266a23b17
3902343179,technical,Requirements Documentation,,,unmatched,0.0,
3902343179,technical,Agile,ICT project management methodologies,,alt_label,0.99,http://data.europa.eu/esco/skill/bec4359e-cb92-468f-a997-8fb28e32fba9
3902343179,technical,User Story Writing,,,unmatched,0.0,
3902343179,technical,Roadmap Planning,,,unmatched,0.0,
3902343179,technical,System Design,system design,,exact,1.0,http://data.europa.eu/esco/skill/fae27053-8924-4bfd-b565-c9fe502044c9
3902343179,technical,Software Development Lifecycle (SDLC),,,unmatched,0.0,
3902343179,technical,System Testing,manage system testing,,semantic,0.792,http://data.europa.eu/esco/skill/ce354460-500e-4eaa-8e95-8f243fcea3db
3902343179,technical,Integration Testing,execute integration testing,,fuzzy_preferred,0.95,http://data.europa.eu/esco/skill/ea412de3-9d7a-4943-8d8c-c6d3c7495d0e
3902343179,technical,User Acceptance Testing (UAT),,,unmatched,0.0,
3902343179,technical,Use Case Development,develop business case,,semantic,0.7997,http://data.europa.eu/esco/skill/a4bbd0d9-a6be-4472-b05d-291e60cf6b4b
3902343179,technical,Test Condition Development,,,unmatched,0.0,
3902343179,technical,Leadership,leadership principles,,semantic,0.77,http://data.europa.eu/esco/skill/d5145a9a-602e-40bf-b3e1-f04cf9c3ef86
3902343179,technical,Initiative,show initiative,,semantic,0.8116,http://data.europa.eu/esco/skill/001115fb-569f-4ee6-8381-c6807ef2527f
3902343179,technical,Analytical Skills,,,unmatched,0.0,
3902343179,technical,Business Acumen,apply business acumen,,fuzzy_preferred,0.95,http://data.europa.eu/esco/skill/4ddf5204-95f5-4be2-ad35-571e2f493ae5
3902343179,soft,Communication,communication,,exact,1.0,http://data.europa.eu/esco/skill/15d76317-c71a-4fa2-aadc-2ecc34e627b7
3902343179,technical,Adaptability,,,unmatched,0.0,
3904957834,technical,Project Management,project management,,exact,1.0,http://data.europa.eu/esco/skill/7111b95d-0ce3-441a-9d92-4c75d05c4388
3904957834,technical,Business Process Analysis,business analysis,,fuzzy_preferred,0.95,http://data.europa.eu/esco/skill/633a3637-2c6b-40ae-ac38-289eb2a62aa6
3904957834,technical,Business Process Improvement,improve business processes,,semantic,0.8927,http://data.europa.eu/esco/skill/75b30aeb-34c0-40f4-b77d-271d75a98b14
3904957834,technical,Change Management,apply change management,,alt_label,0.99,http://data.europa.eu/esco/skill/3c03ee71-4a23-448f-b79e-81fd75d27dca
3904957834,technical,Budget Management,manage budgets,,semantic,0.8917,http://data.europa.eu/esco/skill/21c5790c-0930-4d74-b3b0-84caf5af12ea
3904957834,technical,Financial Reporting,create a financial report,,semantic,0.8745,http://data.europa.eu/esco/skill/dd7c9dfd-6e2c-46fd-aefc-369402d0200c
3904957834,soft,Communication,communication,,exact,1.0,http://data.europa.eu/esco/skill/15d76317-c71a-4fa2-aadc-2ecc34e627b7
3904957834,technical,Coordination,,,unmatched,0.0,
3904957834,technical,Analytical Skills,,,unmatched,0.0,
3904957834,soft,Problem Solving,solve problems,,fuzzy_alt,0.95,http://data.europa.eu/esco/skill/adc6dc11-3376-467b-96c5-9b0a21edc869
3905213935,technical,Data Science,data science,,exact,1.0,http://data.europa.eu/esco/skill/edebd83d-35f6-4ed5-a940-6c203d178c01
3905213935,technical,Deep Learning,deep learning,,exact,1.0,http://data.europa.eu/esco/skill/ecc4552a-92c5-4222-b18d-faf5ac841080
3905213935,technical,Transformer Models,,,unmatched,0.0,
3905213935,technical,Natural Language Processing (NLP),natural language processing,,exact,1.0,http://data.europa.eu/esco/skill/fff0e2cd-d0bd-4b02-9daf-158b79d9688a
3905213935,technical,Large Language Models (LLMs),,,unmatched,0.0,
3905213935,technical,Model Training,,,unmatched,0.0,
3905213935,technical,Model Evaluation,,,unmatched,0.0,
3905213935,technical,Distributed Computing,distributed computing,,exact,1.0,http://data.europa.eu/esco/skill/897b393f-e7e0-4248-a40d-d77119694e83
3905213935,technical,Python,Python,Programming Language,technology_dictionary,1.0,
3905213935,tool,PyTorch,PyTorch,Machine Learning,technology_dictionary,1.0,
3905213935,technical,Linux,,,unmatched,0.0,
3905213935,tool,Docker,Docker,DevOps,technology_dictionary,1.0,
3905213935,tool,Kubernetes,Kubernetes,DevOps,technology_dictionary,1.0,
3905213935,technical,Jupyter,,,unmatched,0.0,
3905213935,technical,Ray,,,unmatched,0.0,
3905213935,technical,Dask,,,unmatched,0.0,
3905213935,tool,Apache Spark,Apache Spark,Big Data,technology_dictionary,1.0,
3905213935,technical,BERT,,,unmatched,0.0,
3885822305,technical,Data Engineering,data engineering,,exact,1.0,http://data.europa.eu/esco/skill/48db96bf-3314-45c6-bad8-fdb6e20e5639
3885822305,technical,Data Strategy,,,unmatched,0.0,
3885822305,technical,Data Architecture,information architecture,,alt_label,0.99,http://data.europa.eu/esco/skill/1bba98a7-92b9-450b-9235-e0c905f8f3c4
3885822305,technical,Data Infrastructure,information structure,,alt_label,0.99,http://data.europa.eu/esco/skill/03ff0d53-573a-47a0-a0ad-1995815a4339
3885822305,technical,Data Quality,data quality assessment,,semantic,0.9108,http://data.europa.eu/esco/skill/cc7370dd-69fa-4c67-a96f-d4d135d38700
3885822305,technical,Data Governance,,,unmatched,0.0,
3885822305,technical,Data Pipeline Development,analyse pipeline database information,,semantic,0.7675,http://data.europa.eu/esco/skill/484d048c-a5d1-46a5-b57f-45b69c0ac552
3885822305,technical,Data Warehousing,implement data warehousing techniques,,semantic,0.9247,http://data.europa.eu/esco/skill/fd6d2981-3d4a-4ce2-9741-cfc98c5b74bd
3885822305,technical,Data Lake,,,unmatched,0.0,
3885822305,technical,ETL,,,unmatched,0.0,
3885822305,technical,Data Integration,,,unmatched,0.0,
3885822305,technical,Data Validation,,,unmatched,0.0,
3885822305,technical,Data Cleansing,perform data cleansing,,semantic,0.9718,http://data.europa.eu/esco/skill/50b100ea-74fd-4706-99db-3e4ca55e51b8
3885822305,technical,Agile,ICT project management methodologies,,alt_label,0.99,http://data.europa.eu/esco/skill/bec4359e-cb92-468f-a997-8fb28e32fba9
3885822305,technical,Artificial Intelligence (AI),principles of artificial intelligence,,fuzzy_alt,0.95,http://data.europa.eu/esco/skill/e465a154-93f7-4973-9ce1-31659fe16dd2
3885822305,technical,Machine Learning (ML),machine learning,,exact,1.0,http://data.europa.eu/esco/skill/3a2d5b45-56e4-4f5a-a55a-4a4a65afdc43
3885822305,technical,Business Intelligence (BI),business intelligence,,exact,1.0,http://data.europa.eu/esco/skill/143769cb-b61e-47d8-a61e-eedfbec1016c
3885822305,technical,Cloud Computing,cloud technologies,,alt_label,0.99,http://data.europa.eu/esco/skill/bd14968e-e409-45af-b362-3495ed7b10e0
3885822305,technical,Big Data,statistics,,alt_label,0.99,http://data.europa.eu/esco/skill/7ee4c2ea-b349-4bd2-81a3-ec31475d4833
3885822305,technical,Python,Python,Programming Language,technology_dictionary,1.0,
3885822305,technical,Java,Java (computer programming),,alt_label,0.99,http://data.europa.eu/esco/skill/19a8293b-8e95-4de3-983f-77484079c389
3885822305,technical,Scala,Scala,,exact,1.0,http://data.europa.eu/esco/skill/ffddfc7c-a9dd-449f-9e96-882dc447c8b6
3885822305,technical,SQL,SQL,Database Language,technology_dictionary,1.0,
3885822305,technical,Apache Hadoop,Hadoop,,alt_label,0.99,http://data.europa.eu/esco/skill/e46291c7-52b9-4174-bd59-178884861038
3885822305,tool,Apache Spark,Apache Spark,Big Data,technology_dictionary,1.0,
3885822305,technical,Apache Kafka,,,unmatched,0.0,
3885822305,tool,Databricks,Databricks,Big Data,technology_dictionary,1.0,
3885822305,tool,Microsoft Azure,Microsoft Azure,Cloud,technology_dictionary,1.0,
3885822305,technical,Leadership,leadership principles,,semantic,0.77,http://data.europa.eu/esco/skill/d5145a9a-602e-40bf-b3e1-f04cf9c3ef86
3885822305,technical,Team Management,manage a team,,semantic,0.8835,http://data.europa.eu/esco/skill/cb668e89-6ef5-4ff3-ab4a-506010e7e70b
3885822305,technical,Mentoring,mentor individuals,,semantic,0.8722,http://data.europa.eu/esco/skill/a584a638-a2c0-4b3c-bdf3-a64f87225be9
3885822305,soft,Communication,communication,,exact,1.0,http://data.europa.eu/esco/skill/15d76317-c71a-4fa2-aadc-2ecc34e627b7
3885822305,technical,Influencing,,,unmatched,0.0,
3885822305,technical,Listening,,,unmatched,0.0,
3885822305,soft,Problem Solving,solve problems,,fuzzy_alt,0.95,http://data.europa.eu/esco/skill/adc6dc11-3376-467b-96c5-9b0a21edc869
3885822305,technical,Analytical Skills,,,unmatched,0.0,
3885822305,technical,Business Acumen,apply business acumen,,fuzzy_preferred,0.95,http://data.europa.eu/esco/skill/4ddf5204-95f5-4be2-ad35-571e2f493ae5
3885822305,technical,Customer Focus,,,unmatched,0.0,
3885822305,technical,Relationship Building,,,unmatched,0.0,
3885822305,technical,Initiative,show initiative,,semantic,0.8116,http://data.europa.eu/esco/skill/001115fb-569f-4ee6-8381-c6807ef2527f
3885822305,technical,Adaptability,,,unmatched,0.0,
3903846556,technical,Data Engineering,data engineering,,exact,1.0,http://data.europa.eu/esco/skill/48db96bf-3314-45c6-bad8-fdb6e20e5639
3903846556,technical,Technical Leadership,,,unmatched,0.0,
3903846556,technical,Data Warehousing,implement data warehousing techniques,,semantic,0.9247,http://data.europa.eu/esco/skill/fd6d2981-3d4a-4ce2-9741-cfc98c5b74bd
3903846556,technical,ETL,,,unmatched,0.0,
3903846556,technical,ELT,,,unmatched,0.0,
3903846556,technical,Cloud Data Infrastructure,information structure,,fuzzy_alt,0.95,http://data.europa.eu/esco/skill/03ff0d53-573a-47a0-a0ad-1995815a4339
3903846556,technical,Data Pipeline Development,analyse pipeline database information,,semantic,0.7675,http://data.europa.eu/esco/skill/484d048c-a5d1-46a5-b57f-45b69c0ac552
3903846556,technical,Kimball Methodology,,,unmatched,0.0,
3903846556,technical,Cloud Data Warehousing,implement data warehousing techniques,,semantic,0.7673,http://data.europa.eu/esco/skill/fd6d2981-3d4a-4ce2-9741-cfc98c5b74bd
3903846556,technical,Columnar Database,,,unmatched,0.0,
3903846556,technical,Massively Parallel Processing (MPP),,,unmatched,0.0,
3903846556,technical,SQL Server Integration Services (SSIS),SQL Server Integration Services,,exact,1.0,http://data.europa.eu/esco/skill/6f7512ab-d46d-402a-8c30-a8878d7c1f88
3903846556,technical,dbt,dbt,Data Engineering,technology_dictionary,1.0,
3903846556,technical,Talend,,,unmatched,0.0,
3903846556,technical,Amazon Redshift,,,unmatched,0.0,
3903846556,tool,Snowflake,Snowflake,Cloud Data Warehouse,technology_dictionary,1.0,
3903846556,technical,Leadership,leadership principles,,semantic,0.77,http://data.europa.eu/esco/skill/d5145a9a-602e-40bf-b3e1-f04cf9c3ef86
3903846556,technical,Mentoring,mentor individuals,,semantic,0.8722,http://data.europa.eu/esco/skill/a584a638-a2c0-4b3c-bdf3-a64f87225be9
3903846556,soft,Communication,communication,,exact,1.0,http://data.europa.eu/esco/skill/15d76317-c71a-4fa2-aadc-2ecc34e627b7
3899522047,technical,Data Engineering,data engineering,,exact,1.0,http://data.europa.eu/esco/skill/48db96bf-3314-45c6-bad8-fdb6e20e5639
3899522047,technical,Software Development,Groovy,,fuzzy_alt,0.95,http://data.europa.eu/esco/skill/52cf3037-ab53-4806-85ed-7fd21ea7f6a1
3899522047,technical,Time Series Analysis,,,unmatched,0.0,
3899522047,technical,Data Cleansing,perform data cleansing,,semantic,0.9718,http://data.europa.eu/esco/skill/50b100ea-74fd-4706-99db-3e4ca55e51b8
3899522047,technical,Data Integration,,,unmatched,0.0,
3899522047,technical,ETL,,,unmatched,0.0,
3899522047,technical,ELT,,,unmatched,0.0,
3899522047,technical,Data Warehousing,implement data warehousing techniques,,semantic,0.9247,http://data.europa.eu/esco/skill/fd6d2981-3d4a-4ce2-9741-cfc98c5b74bd
3899522047,technical,Database Programming,database,,semantic,0.8165,http://data.europa.eu/esco/skill/43ae58b9-5e56-4524-b45a-b422777a0576
3899522047,technical,DevOps,DevOps,,exact,1.0,http://data.europa.eu/esco/skill/f0de4973-0a70-4644-8fd4-3a97080476f4
3899522047,technical,Automated Testing,develop automated software tests,,semantic,0.8299,http://data.europa.eu/esco/skill/6a322874-e32f-4cd8-9683-badce67a7f73
3899522047,technical,Software Testing,plan software testing,,fuzzy_preferred,0.95,http://data.europa.eu/esco/skill/5d74614d-32c8-4ca4-9818-6980e52424b1
3899522047,technical,Troubleshooting,troubleshoot,,alt_label,0.99,http://data.europa.eu/esco/skill/334e3e49-fb02-4051-809a-f06adfdc1c40
3899522047,technical,Code Quality,,,unmatched,0.0,
3899522047,technical,Software Maintainability,,,unmatched,0.0,
3899522047,technical,Risk Management Systems,risk management,,semantic,0.8874,http://data.europa.eu/esco/skill/6eff134b-e34f-4d6e-a6e8-5e47cf2228d0
3899522047,technical,Python,Python,Programming Language,technology_dictionary,1.0,
3899522047,technical,C#,C#,,exact,1.0,http://data.europa.eu/esco/skill/4c016b68-4116-468c-9dc6-42710c239e4a
3899522047,technical,Java,Java (computer programming),,alt_label,0.99,http://data.europa.eu/esco/skill/19a8293b-8e95-4de3-983f-77484079c389
3899522047,technical,SQL,SQL,Database Language,technology_dictionary,1.0,
3899522047,technical,Microsoft SQL Server,SQL Server,,semantic,0.9785,http://data.europa.eu/esco/skill/c062bab3-3ea0-4291-9220-a2d8fef4bead
3899522047,tool,Git,Git,Version Control,technology_dictionary,1.0,
3899522047,technical,Jira,,,unmatched,0.0,
3899522047,technical,Confluence,use online tools to collaborate,,alt_label,0.99,http://data.europa.eu/esco/skill/580660a6-5d3a-421d-a54f-d85b706c2b2f
3899522047,technical,Jenkins,Jenkins (tools for software configuration management),,alt_label,0.99,http://data.europa.eu/esco/skill/f47a1998-0beb-43be-9f46-380aa4d183da
3899522047,technical,Databricks Delta Lake,,,unmatched,0.0,
3899522047,technical,Delta Live Tables,,,unmatched,0.0,
3899522047,technical,PySpark,,,unmatched,0.0,
3899522047,tool,Snowflake,Snowflake,Cloud Data Warehouse,technology_dictionary,1.0,
3899522047,technical,SQL Server Integration Services (SSIS),SQL Server Integration Services,,exact,1.0,http://data.europa.eu/esco/skill/6f7512ab-d46d-402a-8c30-a8878d7c1f88
3899522047,technical,SQL Server Reporting Services (SSRS),,,unmatched,0.0,
3899522047,technical,Leadership,leadership principles,,semantic,0.77,http://data.europa.eu/esco/skill/d5145a9a-602e-40bf-b3e1-f04cf9c3ef86
3899522047,technical,Mentoring,mentor individuals,,semantic,0.8722,http://data.europa.eu/esco/skill/a584a638-a2c0-4b3c-bdf3-a64f87225be9
3899522047,soft,Communication,communication,,exact,1.0,http://data.europa.eu/esco/skill/15d76317-c71a-4fa2-aadc-2ecc34e627b7
3899522047,technical,Presentation,prepare presentation material,,semantic,0.7906,http://data.europa.eu/esco/skill/1ba59ce0-7fec-434b-8d5c-9b275250a26c
3899522047,technical,Collaboration,,,unmatched,0.0,
3904978968,technical,Data Collection,statistics,,alt_label,0.99,http://data.europa.eu/esco/skill/7ee4c2ea-b349-4bd2-81a3-ec31475d4833
3904978968,technical,Data Cleansing,perform data cleansing,,semantic,0.9718,http://data.europa.eu/esco/skill/50b100ea-74fd-4706-99db-3e4ca55e51b8
3904978968,technical,Data Validation,,,unmatched,0.0,
3904978968,technical,Data Preparation,,,unmatched,0.0,
3904978968,technical,Data Transformation,,,unmatched,0.0,
3904978968,technical,Data Normalization,normalise data,,semantic,0.91,http://data.europa.eu/esco/skill/07889c08-7220-47c8-96f7-6068fbea00dc
3904978968,technical,Data Analysis,statistics,,alt_label,0.99,http://data.europa.eu/esco/skill/7ee4c2ea-b349-4bd2-81a3-ec31475d4833
3904978968,technical,Exploratory Data Analysis (EDA),,,unmatched,0.0,
3904978968,technical,Data Quality Management,quality assurance procedures,,fuzzy_alt,0.95,http://data.europa.eu/esco/skill/1177c6f5-09c5-4c35-873c-afd22d170ad3
3904978968,technical,Data Integrity,,,unmatched,0.0,
3904978968,technical,Data Management,SAS Data Management,,fuzzy_preferred,0.95,http://data.europa.eu/esco/skill/e5a6e1e0-1b07-4432-83ba-77d593b2cb47
3904978968,technical,Data Documentation,,,unmatched,0.0,
3904978968,technical,Metadata Management,manage content metadata,,semantic,0.7865,http://data.europa.eu/esco/skill/9710092c-f174-4e84-95bf-2064d39ad7a0
3904978968,technical,Data Dictionary Management,,,unmatched,0.0,
3904978968,technical,Data Pipeline Development,analyse pipeline database information,,semantic,0.7675,http://data.europa.eu/esco/skill/484d048c-a5d1-46a5-b57f-45b69c0ac552
3904978968,technical,Data Warehousing,implement data warehousing techniques,,semantic,0.9247,http://data.europa.eu/esco/skill/fd6d2981-3d4a-4ce2-9741-cfc98c5b74bd
3904978968,technical,Business Requirements Analysis,analyse business requirements,,alt_label,0.99,http://data.europa.eu/esco/skill/b04f377b-ee80-4b38-aca1-19d266a23b17
3904978968,technical,Data Visualization,data visualisation software,,semantic,0.8764,http://data.europa.eu/esco/skill/65e58886-bd1e-4c5b-8ca5-8d9b353c8aa1
3904978968,technical,SQL,SQL,Database Language,technology_dictionary,1.0,
3904978968,technical,Power Query,,,unmatched,0.0,
3904978968,tool,Microsoft Excel,Microsoft Excel,Spreadsheet,technology_dictionary,1.0,
3904978968,tool,Power BI,Power BI,BI Tool,technology_dictionary,1.0,
3904978968,technical,DAX,,,unmatched,0.0,
3904978968,technical,M Language,,,unmatched,0.0,
3904978968,technical,Python,Python,Programming Language,technology_dictionary,1.0,
3904978968,technical,R,R,Programming Language,technology_dictionary,1.0,
3904978968,tool,Tableau,Tableau,BI Tool,technology_dictionary,1.0,
3904978968,technical,JD Edwards (JDE),,,unmatched,0.0,
3904978968,technical,IBM iSeries,,,unmatched,0.0,
3904978968,technical,Analytical Skills,,,unmatched,0.0,
3904978968,soft,Problem Solving,solve problems,,fuzzy_alt,0.95,http://data.europa.eu/esco/skill/adc6dc11-3376-467b-96c5-9b0a21edc869
3904978968,technical,Attention to Detail,attend to detail,,semantic,0.7608,http://data.europa.eu/esco/skill/83e6510b-ffeb-4aec-959c-4265fd0ff7b7
3904978968,soft,Communication,communication,,exact,1.0,http://data.europa.eu/esco/skill/15d76317-c71a-4fa2-aadc-2ecc34e627b7
3904978968,technical,Collaboration,,,unmatched,0.0,
3902840602,technical,Data Engineering,data engineering,,exact,1.0,http://data.europa.eu/esco/skill/48db96bf-3314-45c6-bad8-fdb6e20e5639
3902840602,technical,Data Pipeline Development,analyse pipeline database information,,semantic,0.7675,http://data.europa.eu/esco/skill/484d048c-a5d1-46a5-b57f-45b69c0ac552
3902840602,technical,Data Integration,,,unmatched,0.0,
3902840602,technical,ETL,,,unmatched,0.0,
3902840602,technical,Data Warehousing,implement data warehousing techniques,,semantic,0.9247,http://data.europa.eu/esco/skill/fd6d2981-3d4a-4ce2-9741-cfc98c5b74bd
3902840602,technical,Requirements Gathering,interact with users to gather requirements,,semantic,0.7574,http://data.europa.eu/esco/skill/a8797f21-1af0-4c5e-98ca-bf1442929363
3902840602,technical,Data Modeling,data models,,fuzzy_alt,0.96,http://data.europa.eu/esco/skill/fecf8a0d-62c4-4e71-9b03-0f4fc2ad7bf5
3902840602,technical,Data Analysis,statistics,,alt_label,0.99,http://data.europa.eu/esco/skill/7ee4c2ea-b349-4bd2-81a3-ec31475d4833
3902840602,technical,Data Validation,,,unmatched,0.0,
3902840602,technical,Data Quality Management,quality assurance procedures,,fuzzy_alt,0.95,http://data.europa.eu/esco/skill/1177c6f5-09c5-4c35-873c-afd22d170ad3
3902840602,technical,Data Integrity,,,unmatched,0.0,
3902840602,technical,Database Design,design database scheme,,fuzzy_preferred,0.95,http://data.europa.eu/esco/skill/6c08403c-a5bb-4868-b8c2-b7d039c0e511
3902840602,technical,Database Optimization,,,unmatched,0.0,
3902840602,technical,Database Performance Optimization,maintain database performance,,semantic,0.8444,http://data.europa.eu/esco/skill/d6cdef49-b669-4507-91d1-3f959cf98e47
3902840602,technical,Schema Design,,,unmatched,0.0,
3902840602,technical,Query Optimization,,,unmatched,0.0,
3902840602,technical,Data Troubleshooting,troubleshoot,,fuzzy_alt,0.95,http://data.europa.eu/esco/skill/334e3e49-fb02-4051-809a-f06adfdc1c40
3902840602,technical,Cloud Computing,cloud technologies,,alt_label,0.99,http://data.europa.eu/esco/skill/bd14968e-e409-45af-b362-3495ed7b10e0
3902840602,technical,Salesforce,,,unmatched,0.0,
3902840602,technical,Marketo,,,unmatched,0.0,
3902840602,technical,Fivetran,,,unmatched,0.0,
3902840602,technical,MuleSoft,,,unmatched,0.0,
3902840602,tool,Snowflake,Snowflake,Cloud Data Warehouse,technology_dictionary,1.0,
3902840602,technical,Amazon Web Services (AWS),,,unmatched,0.0,
3902840602,technical,Amazon S3,,,unmatched,0.0,
3902840602,technical,Amazon Redshift,,,unmatched,0.0,
3902840602,technical,AWS Glue,,,unmatched,0.0,
3902840602,technical,Amazon Athena,,,unmatched,0.0,
3902840602,technical,Relational Databases,database,,fuzzy_alt,0.97,http://data.europa.eu/esco/skill/43ae58b9-5e56-4524-b45a-b422777a0576
3902840602,technical,NoSQL Databases,NoSQL,,semantic,0.8557,http://data.europa.eu/esco/skill/76ef6ed3-1658-4a1a-9593-204d799c6d0c
3902840602,soft,Communication,communication,,exact,1.0,http://data.europa.eu/esco/skill/15d76317-c71a-4fa2-aadc-2ecc34e627b7
3902840602,technical,Collaboration,,,unmatched,0.0,
3902840602,technical,Attention to Detail,attend to detail,,semantic,0.7608,http://data.europa.eu/esco/skill/83e6510b-ffeb-4aec-959c-4265fd0ff7b7
3903801406,technical,Business Analysis,business analysis,,exact,1.0,http://data.europa.eu/esco/skill/633a3637-2c6b-40ae-ac38-289eb2a62aa6
3903801406,technical,Financial Analysis,financial analysis,,exact,1.0,http://data.europa.eu/esco/skill/99571e68-801f-49af-a897-5f75996642e1
3903801406,technical,Data Analysis,statistics,,alt_label,0.99,http://data.europa.eu/esco/skill/7ee4c2ea-b349-4bd2-81a3-ec31475d4833
3903801406,technical,Business Process Analysis,business analysis,,fuzzy_preferred,0.95,http://data.europa.eu/esco/skill/633a3637-2c6b-40ae-ac38-289eb2a62aa6
3903801406,technical,Business Process Improvement,improve business processes,,semantic,0.8927,http://data.europa.eu/esco/skill/75b30aeb-34c0-40f4-b77d-271d75a98b14
3903801406,technical,Business Process Planning,business processes,,semantic,0.8362,http://data.europa.eu/esco/skill/9e84a506-df06-4be3-874a-fa01293e3dd5
3903801406,technical,Requirements Analysis,analyse business requirements,,fuzzy_alt,0.95,http://data.europa.eu/esco/skill/b04f377b-ee80-4b38-aca1-19d266a23b17
3903801406,technical,Financial Forecasting,financial forecasting,,exact,1.0,http://data.europa.eu/esco/skill/4b2db903-cd8e-48ce-97fb-a92db4def54e
3903801406,technical,Budget Forecasting,,,unmatched,0.0,
3903801406,technical,Variance Analysis,,,unmatched,0.0,
3903801406,technical,Decision Support,decision support systems,,fuzzy_alt,0.95,http://data.europa.eu/esco/skill/3ce1fe19-7f9e-4070-941d-651673a5693b
3903801406,technical,Reporting,,,unmatched,0.0,
3903801406,technical,Data Visualization,data visualisation software,,semantic,0.8764,http://data.europa.eu/esco/skill/65e58886-bd1e-4c5b-8ca5-8d9b353c8aa1
3903801406,technical,Trend Analysis,,,unmatched,0.0,
3903801406,soft,Communication,communication,,exact,1.0,http://data.europa.eu/esco/skill/15d76317-c71a-4fa2-aadc-2ecc34e627b7
3903801406,technical,Consulting,management consulting,,semantic,0.8481,http://data.europa.eu/esco/skill/c2617b44-886a-485e-8393-bc0fc6339539
3903801406,soft,Problem Solving,solve problems,,fuzzy_alt,0.95,http://data.europa.eu/esco/skill/adc6dc11-3376-467b-96c5-9b0a21edc869
3903801406,technical,Analytical Skills,,,unmatched,0.0,
3903801406,technical,Presentation,prepare presentation material,,semantic,0.7906,http://data.europa.eu/esco/skill/1ba59ce0-7fec-434b-8d5c-9b275250a26c
3901962508,technical,Business Analysis,business analysis,,exact,1.0,http://data.europa.eu/esco/skill/633a3637-2c6b-40ae-ac38-289eb2a62aa6
3901962508,technical,Product Configuration,,,unmatched,0.0,
3901962508,technical,Product Maintenance,leather products maintenance,,fuzzy_alt,0.95,http://data.europa.eu/esco/skill/f1862304-f1e7-444c-be2b-08e1fc9a988a
3901962508,soft,Customer Support,customer service,,alt_label,0.99,http://data.europa.eu/esco/skill/15a33d76-4640-438d-ae64-fdc0c1d3eebc
3901962508,technical,Troubleshooting,troubleshoot,,alt_label,0.99,http://data.europa.eu/esco/skill/334e3e49-fb02-4051-809a-f06adfdc1c40
3901962508,technical,Technical Documentation,provide technical documentation,,fuzzy_preferred,0.95,http://data.europa.eu/esco/skill/2636b3d3-843e-46a9-8b4c-a9d6ca3f5a2d
3901962508,technical,Web Development,web programming,,semantic,0.8264,http://data.europa.eu/esco/skill/69bbd53f-fbb0-4476-b4b2-ef7844464e28
3901962508,technical,Scripting,use scripting programming,,semantic,0.886,http://data.europa.eu/esco/skill/5ef0c719-5bcb-49f8-b8eb-824388225333
3901962508,technical,Requirements Analysis,analyse business requirements,,fuzzy_alt,0.95,http://data.europa.eu/esco/skill/b04f377b-ee80-4b38-aca1-19d266a23b17
3901962508,technical,Configuration Management,project configuration management,,fuzzy_preferred,0.95,http://data.europa.eu/esco/skill/ccb2e5f2-4279-48fd-9d85-a1db42ff1e13
3901962508,technical,Software Testing,plan software testing,,fuzzy_preferred,0.95,http://data.europa.eu/esco/skill/5d74614d-32c8-4ca4-9818-6980e52424b1
3901962508,technical,User Training,,,unmatched,0.0,
3901962508,technical,Configure One (C1),,,unmatched,0.0,
3901962508,technical,HTML,,,unmatched,0.0,
3901962508,technical,JavaScript,JavaScript,,exact,1.0,http://data.europa.eu/esco/skill/3cd569a2-4f88-4c1e-9995-8dce8c5e51a7
3901962508,technical,Enterprise Resource Planning (ERP),manage standard enterprise resource planning system,,semantic,0.8379,http://data.europa.eu/esco/skill/f0393af3-bcd9-41af-a36e-0cfb83b60081
3901962508,technical,"Configure, Price, Quote (CPQ)",quote prices,,semantic,0.775,http://data.europa.eu/esco/skill/32b02bd1-6bf2-497a-bb16-94aeeafaf44f
3901962508,technical,Customer Relationship Management (CRM),customer relationship management,,exact,1.0,http://data.europa.eu/esco/skill/dc9a236c-c640-43c3-812f-269403591edb
3901962508,technical,Microsoft Access,Microsoft Access,,exact,1.0,http://data.europa.eu/esco/skill/3d03c40c-1b83-4793-8902-2523f40af59e
3901962508,tool,Microsoft Excel,Microsoft Excel,Spreadsheet,technology_dictionary,1.0,
3901962508,technical,Microsoft Outlook,,,unmatched,0.0,
3901962508,technical,Microsoft Word,use microsoft office,,semantic,0.7613,http://data.europa.eu/esco/skill/f683ae1d-cb7c-4aa1-b9fe-205e1bd23535
3901962508,soft,Customer Service,customer service,,exact,1.0,http://data.europa.eu/esco/skill/15a33d76-4640-438d-ae64-fdc0c1d3eebc
3901962508,soft,Communication,communication,,exact,1.0,http://data.europa.eu/esco/skill/15d76317-c71a-4fa2-aadc-2ecc34e627b7
3901962508,technical,Collaboration,,,unmatched,0.0,
3901962508,technical,Teamwork,manage teamwork,,semantic,0.8047,http://data.europa.eu/esco/skill/75e48971-3242-4ea5-a1ba-4deec48ad41c
3902754992,technical,Business Analysis,business analysis,,exact,1.0,http://data.europa.eu/esco/skill/633a3637-2c6b-40ae-ac38-289eb2a62aa6
3902754992,technical,Requirements Gathering,interact with users to gather requirements,,semantic,0.7574,http://data.europa.eu/esco/skill/a8797f21-1af0-4c5e-98ca-bf1442929363
3902754992,technical,Requirements Documentation,,,unmatched,0.0,
3902754992,technical,Business Requirements,analyse business requirements,,fuzzy_preferred,0.95,http://data.europa.eu/esco/skill/b04f377b-ee80-4b38-aca1-19d266a23b17
3902754992,technical,Functional Requirements,,,unmatched,0.0,
3902754992,technical,Technical Specifications,draft procurement technical specifications,,fuzzy_alt,0.95,http://data.europa.eu/esco/skill/31599ac3-e03c-42f8-8f08-b549af8234f2
3902754992,technical,User Acceptance Testing (UAT),,,unmatched,0.0,
3902754992,technical,Data Analysis,statistics,,alt_label,0.99,http://data.europa.eu/esco/skill/7ee4c2ea-b349-4bd2-81a3-ec31475d4833
3902754992,technical,Gap Analysis,,,unmatched,0.0,
3902754992,technical,Business Process Analysis,business analysis,,fuzzy_preferred,0.95,http://data.europa.eu/esco/skill/633a3637-2c6b-40ae-ac38-289eb2a62aa6
3902754992,technical,Process Improvement,identify process improvements,,semantic,0.8211,http://data.europa.eu/esco/skill/958b8802-ec3e-4813-97f7-6c8f48610dbd
3902754992,technical,Project Management,project management,,exact,1.0,http://data.europa.eu/esco/skill/7111b95d-0ce3-441a-9d92-4c75d05c4388
3902754992,technical,Stakeholder Management,engage with stakeholders,,semantic,0.776,http://data.europa.eu/esco/skill/99c4c69a-025c-464f-adda-874c7f107a31
3902754992,technical,Broadridge Impact,,,unmatched,0.0,
3902754992,technical,Bloomberg,,,unmatched,0.0,
3902754992,tool,Microsoft Excel,Microsoft Excel,Spreadsheet,technology_dictionary,1.0,
3902754992,technical,SQL,SQL,Database Language,technology_dictionary,1.0,
3902754992,technical,Business Intelligence Software,business intelligence,,fuzzy_preferred,0.95,http://data.europa.eu/esco/skill/143769cb-b61e-47d8-a61e-eedfbec1016c
3902754992,technical,Analytical Skills,,,unmatched,0.0,
3902754992,soft,Problem Solving,solve problems,,fuzzy_alt,0.95,http://data.europa.eu/esco/skill/adc6dc11-3376-467b-96c5-9b0a21edc869
3902754992,soft,Communication,communication,,exact,1.0,http://data.europa.eu/esco/skill/15d76317-c71a-4fa2-aadc-2ecc34e627b7
3902754992,technical,Stakeholder Management,engage with stakeholders,,semantic,0.776,http://data.europa.eu/esco/skill/99c4c69a-025c-464f-adda-874c7f107a31
3903813458,technical,Business Analysis,business analysis,,exact,1.0,http://data.europa.eu/esco/skill/633a3637-2c6b-40ae-ac38-289eb2a62aa6
3903813458,technical,Requirements Analysis,analyse business requirements,,fuzzy_alt,0.95,http://data.europa.eu/esco/skill/b04f377b-ee80-4b38-aca1-19d266a23b17
3903813458,technical,Requirements Documentation,,,unmatched,0.0,
3903813458,technical,Functional Analysis,perform failure analysis of production process,,fuzzy_alt,0.95,http://data.europa.eu/esco/skill/12b5cc46-bf35-464c-ac7d-1bdbc23262f7
3903813458,technical,Business Process Analysis,business analysis,,fuzzy_preferred,0.95,http://data.europa.eu/esco/skill/633a3637-2c6b-40ae-ac38-289eb2a62aa6
3903813458,technical,Cost-Benefit Analysis,provide cost benefit analysis reports,,semantic,0.8623,http://data.europa.eu/esco/skill/48b68726-0fd6-4e03-a5eb-82236516ee7a
3903813458,technical,System Analysis,perform system analysis,,semantic,0.8856,http://data.europa.eu/esco/skill/3f86173d-e101-4fcd-934f-ff9de29c081c
3903813458,technical,Systems Integration Testing,,,unmatched,0.0,
3903813458,technical,Interface Testing,,,unmatched,0.0,
3903813458,technical,Test Scenario Development,,,unmatched,0.0,
3903813458,technical,Test Script Development,,,unmatched,0.0,
3903813458,technical,Software Testing,plan software testing,,fuzzy_preferred,0.95,http://data.europa.eu/esco/skill/5d74614d-32c8-4ca4-9818-6980e52424b1
3903813458,technical,Training,,,unmatched,0.0,
3903813458,technical,Scrum,ICT project management methodologies,,alt_label,0.99,http://data.europa.eu/esco/skill/bec4359e-cb92-468f-a997-8fb28e32fba9
3903813458,technical,PeopleSoft Financials,,,unmatched,0.0,
3903813458,technical,PeopleSoft FSCM 9.2,,,unmatched,0.0,
3903813458,technical,PeopleSoft General Ledger,,,unmatched,0.0,
3903813458,technical,PeopleSoft Commitment Accounting,,,unmatched,0.0,
3903813458,technical,PeopleSoft eProcurement,,,unmatched,0.0,
3903813458,technical,PeopleSoft Strategic Sourcing,,,unmatched,0.0,
3903813458,technical,PeopleSoft Supplier Contracts,,,unmatched,0.0,
3903813458,technical,PeopleSoft Approval Workflow Engine (AWE),,,unmatched,0.0,
3903813458,technical,Microsoft Word,use microsoft office,,semantic,0.7613,http://data.europa.eu/esco/skill/f683ae1d-cb7c-4aa1-b9fe-205e1bd23535
3903813458,tool,Microsoft Excel,Microsoft Excel,Spreadsheet,technology_dictionary,1.0,
3903813458,technical,Microsoft PowerPoint,use presentation software,,fuzzy_alt,0.95,http://data.europa.eu/esco/skill/234aeb8d-56c3-4531-9193-1c5e6a8d16cb
3903813458,technical,Microsoft Visio,Microsoft Visio,,exact,1.0,http://data.europa.eu/esco/skill/86f7126d-97fd-4da5-be96-d1cf6ecd54e6
3903813458,technical,Microsoft Teams,,,unmatched,0.0,
3903813458,technical,Microsoft SharePoint,,,unmatched,0.0,
3903813458,technical,Jira,,,unmatched,0.0,
3903813458,technical,STAT,,,unmatched,0.0,
3903813458,soft,Communication,communication,,exact,1.0,http://data.europa.eu/esco/skill/15d76317-c71a-4fa2-aadc-2ecc34e627b7
3903813458,technical,Collaboration,,,unmatched,0.0,
3903813458,technical,Teamwork,manage teamwork,,semantic,0.8047,http://data.europa.eu/esco/skill/75e48971-3242-4ea5-a1ba-4deec48ad41c
3903813458,technical,Time Management,manage time,,semantic,0.8936,http://data.europa.eu/esco/skill/d9013e0e-e937-43d5-ab71-0e917ee882b8
3889417419,technical,Data Analysis,statistics,,alt_label,0.99,http://data.europa.eu/esco/skill/7ee4c2ea-b349-4bd2-81a3-ec31475d4833
3889417419,technical,Process Automation,operate automated process control,,semantic,0.8438,http://data.europa.eu/esco/skill/0a0532c2-ee60-4410-8e07-70e4d69370ec
3889417419,technical,Statistical Analysis,statistics,,alt_label,0.99,http://data.europa.eu/esco/skill/7ee4c2ea-b349-4bd2-81a3-ec31475d4833
3889417419,technical,Data Querying,,,unmatched,0.0,
3889417419,technical,Database Querying,database,,semantic,0.7571,http://data.europa.eu/esco/skill/43ae58b9-5e56-4524-b45a-b422777a0576
3889417419,technical,Data Summarization,,,unmatched,0.0,
3889417419,technical,Data Visualization,data visualisation software,,semantic,0.8764,http://data.europa.eu/esco/skill/65e58886-bd1e-4c5b-8ca5-8d9b353c8aa1
3889417419,technical,Consulting,management consulting,,semantic,0.8481,http://data.europa.eu/esco/skill/c2617b44-886a-485e-8393-bc0fc6339539
3889417419,technical,SQL,SQL,Database Language,technology_dictionary,1.0,
3889417419,technical,R,R,Programming Language,technology_dictionary,1.0,
3889417419,tool,SAS,SAS,Analytics,technology_dictionary,1.0,
3889417419,tool,Tableau,Tableau,BI Tool,technology_dictionary,1.0,
3889417419,tool,Power BI,Power BI,BI Tool,technology_dictionary,1.0,
3889417419,technical,Microsoft Word,use microsoft office,,semantic,0.7613,http://data.europa.eu/esco/skill/f683ae1d-cb7c-4aa1-b9fe-205e1bd23535
3889417419,tool,Microsoft Excel,Microsoft Excel,Spreadsheet,technology_dictionary,1.0,
3889417419,technical,Microsoft Outlook,,,unmatched,0.0,
3889417419,technical,Relational Databases,database,,fuzzy_alt,0.97,http://data.europa.eu/esco/skill/43ae58b9-5e56-4524-b45a-b422777a0576
3889417419,soft,Communication,communication,,exact,1.0,http://data.europa.eu/esco/skill/15d76317-c71a-4fa2-aadc-2ecc34e627b7
3889417419,technical,Presentation,prepare presentation material,,semantic,0.7906,http://data.europa.eu/esco/skill/1ba59ce0-7fec-434b-8d5c-9b275250a26c
3889417419,technical,Prioritization,,,unmatched,0.0,
3889417419,technical,Organization,represent the organisation,,semantic,0.769,http://data.europa.eu/esco/skill/1a4fdd0e-2cbe-4b77-aa6e-e46efc181b76
3887885935,technical,Business Analysis,business analysis,,exact,1.0,http://data.europa.eu/esco/skill/633a3637-2c6b-40ae-ac38-289eb2a62aa6
3887885935,technical,Business Process Analysis,business analysis,,fuzzy_preferred,0.95,http://data.europa.eu/esco/skill/633a3637-2c6b-40ae-ac38-289eb2a62aa6
3887885935,technical,Business Process Design,create business process models,,fuzzy_alt,0.95,http://data.europa.eu/esco/skill/6a7792a9-888a-46ad-afc9-2c0d94c8fde6
3887885935,technical,Requirements Gathering,interact with users to gather requirements,,semantic,0.7574,http://data.europa.eu/esco/skill/a8797f21-1af0-4c5e-98ca-bf1442929363
3887885935,technical,Requirements Analysis,analyse business requirements,,fuzzy_alt,0.95,http://data.europa.eu/esco/skill/b04f377b-ee80-4b38-aca1-19d266a23b17
3887885935,technical,Functional Design,,,unmatched,0.0,
3887885935,technical,Gap Analysis,,,unmatched,0.0,
3887885935,technical,Systems Analysis,perform system analysis,,semantic,0.8463,http://data.europa.eu/esco/skill/3f86173d-e101-4fcd-934f-ff9de29c081c
3887885935,technical,Business Process Improvement,improve business processes,,semantic,0.8927,http://data.europa.eu/esco/skill/75b30aeb-34c0-40f4-b77d-271d75a98b14
3887885935,technical,Business Process Automation,operate automated process control,,semantic,0.7621,http://data.europa.eu/esco/skill/0a0532c2-ee60-4410-8e07-70e4d69370ec
3887885935,technical,Software Testing,plan software testing,,fuzzy_preferred,0.95,http://data.europa.eu/esco/skill/5d74614d-32c8-4ca4-9818-6980e52424b1
3887885935,technical,Test Planning,,,unmatched,0.0,
3887885935,technical,Project Management,project management,,exact,1.0,http://data.europa.eu/esco/skill/7111b95d-0ce3-441a-9d92-4c75d05c4388
3887885935,technical,Technical Documentation,provide technical documentation,,fuzzy_preferred,0.95,http://data.europa.eu/esco/skill/2636b3d3-843e-46a9-8b4c-a9d6ca3f5a2d
3887885935,technical,Reporting,,,unmatched,0.0,
3887885935,technical,DevOps,DevOps,,exact,1.0,http://data.europa.eu/esco/skill/f0de4973-0a70-4644-8fd4-3a97080476f4
3887885935,technical,Cloud Computing,cloud technologies,,alt_label,0.99,http://data.europa.eu/esco/skill/bd14968e-e409-45af-b362-3495ed7b10e0
3887885935,technical,ServiceNow,,,unmatched,0.0,
3887885935,technical,Configuration Management Database (CMDB),,,unmatched,0.0,
3887885935,technical,ServiceNow Discovery,,,unmatched,0.0,
3887885935,technical,Enterprise DevOps,DevOps,,semantic,0.8312,http://data.europa.eu/esco/skill/f0de4973-0a70-4644-8fd4-3a97080476f4
3887885935,technical,Infrastructure as a Service (IaaS),,,unmatched,0.0,
3887885935,technical,Microsoft Project,,,unmatched,0.0,
3887885935,technical,Microsoft Visio,Microsoft Visio,,exact,1.0,http://data.europa.eu/esco/skill/86f7126d-97fd-4da5-be96-d1cf6ecd54e6
3887885935,technical,Microsoft Word,use microsoft office,,semantic,0.7613,http://data.europa.eu/esco/skill/f683ae1d-cb7c-4aa1-b9fe-205e1bd23535
3887885935,technical,Microsoft Access,Microsoft Access,,exact,1.0,http://data.europa.eu/esco/skill/3d03c40c-1b83-4793-8902-2523f40af59e
3887885935,soft,Communication,communication,,exact,1.0,http://data.europa.eu/esco/skill/15d76317-c71a-4fa2-aadc-2ecc34e627b7
3887885935,technical,Analytical Skills,,,unmatched,0.0,
3887885935,soft,Problem Solving,solve problems,,fuzzy_alt,0.95,http://data.europa.eu/esco/skill/adc6dc11-3376-467b-96c5-9b0a21edc869
3887885935,technical,Negotiation,negotiate compromises,,semantic,0.7721,http://data.europa.eu/esco/skill/7954861c-86d4-4529-afbb-2c23dab9ac74
3887885935,technical,Task Management,manage schedule of tasks,,alt_label,0.99,http://data.europa.eu/esco/skill/0e1fe34b-f4e7-4642-8c8b-5a05ac3438e5
3887885935,technical,Project Management,project management,,exact,1.0,http://data.europa.eu/esco/skill/7111b95d-0ce3-441a-9d92-4c75d05c4388
3887885935,technical,Organizational Skills,,,unmatched,0.0,
3887885935,technical,Collaboration,,,unmatched,0.0,
3887885935,soft,Customer Service,customer service,,exact,1.0,http://data.europa.eu/esco/skill/15a33d76-4640-438d-ae64-fdc0c1d3eebc
3887885935,technical,Prioritization,,,unmatched,0.0,
3887885935,technical,ServiceNow Certified System Administrator - Software Asset Management (SAM),,,unmatched,0.0,
3887885935,technical,ServiceNow Certified System Administrator - Hardware Asset Management (HAM),,,unmatched,0.0,
3894946919,technical,Data Engineering,data engineering,,exact,1.0,http://data.europa.eu/esco/skill/48db96bf-3314-45c6-bad8-fdb6e20e5639
3894946919,technical,Cloud Computing,cloud technologies,,alt_label,0.99,http://data.europa.eu/esco/skill/bd14968e-e409-45af-b362-3495ed7b10e0
3894946919,technical,Advanced Analytics,web analytics,,semantic,0.762,http://data.europa.eu/esco/skill/1605025e-a179-421f-8f35-5b07d182a6b2
3894946919,technical,Data Architecture,information architecture,,alt_label,0.99,http://data.europa.eu/esco/skill/1bba98a7-92b9-450b-9235-e0c905f8f3c4
3894946919,technical,Data Modeling,data models,,fuzzy_alt,0.96,http://data.europa.eu/esco/skill/fecf8a0d-62c4-4e71-9b03-0f4fc2ad7bf5
3894946919,technical,Data Pipeline Development,analyse pipeline database information,,semantic,0.7675,http://data.europa.eu/esco/skill/484d048c-a5d1-46a5-b57f-45b69c0ac552
3894946919,technical,Data Processing,process data,,alt_label,0.99,http://data.europa.eu/esco/skill/f2d57f41-43b4-4f5b-8100-3df5c21eda50
3894946919,technical,Big Data,statistics,,alt_label,0.99,http://data.europa.eu/esco/skill/7ee4c2ea-b349-4bd2-81a3-ec31475d4833
3894946919,technical,"Extract, Transform, Load (ETL)",,,unmatched,0.0,
3894946919,technical,Business Intelligence (BI),business intelligence,,exact,1.0,http://data.europa.eu/esco/skill/143769cb-b61e-47d8-a61e-eedfbec1016c
3894946919,technical,Data Integration,,,unmatched,0.0,
3894946919,technical,Data Governance,,,unmatched,0.0,
3894946919,technical,Data Quality,data quality assessment,,semantic,0.9108,http://data.europa.eu/esco/skill/cc7370dd-69fa-4c67-a96f-d4d135d38700
3894946919,technical,Data Privacy,data protection,,alt_label,0.99,http://data.europa.eu/esco/skill/a4346013-a967-4a58-a533-6b32ad1364c5
3894946919,technical,Data Visualization,data visualisation software,,semantic,0.8764,http://data.europa.eu/esco/skill/65e58886-bd1e-4c5b-8ca5-8d9b353c8aa1
3894946919,technical,Artificial Intelligence (AI),principles of artificial intelligence,,fuzzy_alt,0.95,http://data.europa.eu/esco/skill/e465a154-93f7-4973-9ce1-31659fe16dd2
3894946919,technical,Machine Learning,machine learning,,exact,1.0,http://data.europa.eu/esco/skill/3a2d5b45-56e4-4f5a-a55a-4a4a65afdc43
3894946919,technical,Data Science,data science,,exact,1.0,http://data.europa.eu/esco/skill/edebd83d-35f6-4ed5-a940-6c203d178c01
3894946919,technical,API Integration,,,unmatched,0.0,
3894946919,technical,SQL,SQL,Database Language,technology_dictionary,1.0,
3894946919,technical,Unix Shell Scripting,,,unmatched,0.0,
3894946919,technical,Apache Hadoop,Hadoop,,alt_label,0.99,http://data.europa.eu/esco/skill/e46291c7-52b9-4174-bd59-178884861038
3894946919,technical,Apache Hive,,,unmatched,0.0,
3894946919,technical,Amazon Redshift,,,unmatched,0.0,
3894946919,technical,Google BigQuery,,,unmatched,0.0,
3894946919,tool,Snowflake,Snowflake,Cloud Data Warehouse,technology_dictionary,1.0,
3894946919,tool,Databricks,Databricks,Big Data,technology_dictionary,1.0,
3894946919,technical,Google Cloud Platform (GCP),,,unmatched,0.0,
3894946919,tool,Microsoft Azure,Microsoft Azure,Cloud,technology_dictionary,1.0,
3894946919,technical,Python,Python,Programming Language,technology_dictionary,1.0,
3894946919,tool,Power BI,Power BI,BI Tool,technology_dictionary,1.0,
3894946919,tool,Tableau,Tableau,BI Tool,technology_dictionary,1.0,
3894946919,technical,Looker,,,unmatched,0.0,
3894946919,technical,Leadership,leadership principles,,semantic,0.77,http://data.europa.eu/esco/skill/d5145a9a-602e-40bf-b3e1-f04cf9c3ef86
3894946919,soft,Communication,communication,,exact,1.0,http://data.europa.eu/esco/skill/15d76317-c71a-4fa2-aadc-2ecc34e627b7
3894946919,technical,Interpersonal Skills,,,unmatched,0.0,
3894946919,technical,Strategic Thinking,develop strategy to solve problems,,alt_label,0.99,http://data.europa.eu/esco/skill/7a8fb784-67fa-41e9-a75c-6b491d91f800
3894946919,technical,Analytical Thinking,think analytically,,alt_label,0.99,http://data.europa.eu/esco/skill/4707da90-9cfc-46ca-8de0-38a0b7bfb137
3894946919,soft,Problem Solving,solve problems,,fuzzy_alt,0.95,http://data.europa.eu/esco/skill/adc6dc11-3376-467b-96c5-9b0a21edc869
3894946919,technical,Organizational Skills,,,unmatched,0.0,
3894946919,technical,Change Management,apply change management,,alt_label,0.99,http://data.europa.eu/esco/skill/3c03ee71-4a23-448f-b79e-81fd75d27dca
3894946919,technical,Collaboration,,,unmatched,0.0,
3894946919,technical,Innovation,innovation processes,,semantic,0.7867,http://data.europa.eu/esco/skill/2fb8480e-de3c-462b-b169-e8bbb344da68
3894946919,technical,Negotiation,negotiate compromises,,semantic,0.7721,http://data.europa.eu/esco/skill/7954861c-86d4-4529-afbb-2c23dab9ac74
3894946919,technical,Decision Making,make decisions,,semantic,0.8593,http://data.europa.eu/esco/skill/d62d2b4c-a6f8-439e-8a1b-4f29ab5f2c47
3894946919,technical,Stakeholder Management,engage with stakeholders,,semantic,0.776,http://data.europa.eu/esco/skill/99c4c69a-025c-464f-adda-874c7f107a31
3894946919,technical,Flexibility,,,unmatched,0.0,
3903462753,technical,Business Analysis,business analysis,,exact,1.0,http://data.europa.eu/esco/skill/633a3637-2c6b-40ae-ac38-289eb2a62aa6
3903462753,technical,Procurement,procurement legislation,,semantic,0.867,http://data.europa.eu/esco/skill/9b862976-aa05-4bde-8ed6-8f39790edd0f
3903462753,technical,Finance,financial management,,semantic,0.7619,http://data.europa.eu/esco/skill/52e53619-fa77-4f72-b237-5e4aae784dc2
3903462753,technical,Business Process Analysis,business analysis,,fuzzy_preferred,0.95,http://data.europa.eu/esco/skill/633a3637-2c6b-40ae-ac38-289eb2a62aa6
3903462753,technical,Enterprise Resource Planning (ERP),manage standard enterprise resource planning system,,semantic,0.8379,http://data.europa.eu/esco/skill/f0393af3-bcd9-41af-a36e-0cfb83b60081
3903462753,technical,Cloud Computing,cloud technologies,,alt_label,0.99,http://data.europa.eu/esco/skill/bd14968e-e409-45af-b362-3495ed7b10e0
3903462753,technical,Technology Architecture,,,unmatched,0.0,
3903462753,technical,Requirements Analysis,analyse business requirements,,fuzzy_alt,0.95,http://data.europa.eu/esco/skill/b04f377b-ee80-4b38-aca1-19d266a23b17
3903462753,technical,Vendor Management,,,unmatched,0.0,
3903462753,technical,Project Planning,evaluate project plans,,fuzzy_alt,0.95,http://data.europa.eu/esco/skill/2db2d9a8-298d-4d1a-a194-d3282e70d6cb
3903462753,technical,Resource Management,manage resources,,fuzzy_alt,0.97,http://data.europa.eu/esco/skill/911e13ee-1eec-4243-88c8-3c08a3681a19
3903462753,technical,Change Management,apply change management,,alt_label,0.99,http://data.europa.eu/esco/skill/3c03ee71-4a23-448f-b79e-81fd75d27dca
3903462753,technical,Audit Compliance,perform contract compliance audits,,semantic,0.7891,http://data.europa.eu/esco/skill/5b8a3dd2-de10-48a0-8ce5-522f1fff8450
3903462753,technical,Business Systems Analysis,business analysis,,fuzzy_preferred,0.95,http://data.europa.eu/esco/skill/633a3637-2c6b-40ae-ac38-289eb2a62aa6
3903462753,technical,Microsoft Dynamics 365 (D365),,,unmatched,0.0,
3903462753,technical,Leadership,leadership principles,,semantic,0.77,http://data.europa.eu/esco/skill/d5145a9a-602e-40bf-b3e1-f04cf9c3ef86
3903462753,technical,Analytical Skills,,,unmatched,0.0,
3903462753,soft,Problem Solving,solve problems,,fuzzy_alt,0.95,http://data.europa.eu/esco/skill/adc6dc11-3376-467b-96c5-9b0a21edc869
3903462753,soft,Communication,communication,,exact,1.0,http://data.europa.eu/esco/skill/15d76317-c71a-4fa2-aadc-2ecc34e627b7
3903462753,technical,Interpersonal Skills,,,unmatched,0.0,
3903462753,technical,Collaboration,,,unmatched,0.0,
3903462753,technical,Relationship Building,,,unmatched,0.0,
3903462753,technical,Organizational Skills,,,unmatched,0.0,
3903462753,technical,Time Management,manage time,,semantic,0.8936,http://data.europa.eu/esco/skill/d9013e0e-e937-43d5-ab71-0e917ee882b8
3903462753,soft,Customer Support,customer service,,alt_label,0.99,http://data.europa.eu/esco/skill/15a33d76-4640-438d-ae64-fdc0c1d3eebc
3903462753,technical,Integrity,morality,,alt_label,0.99,http://data.europa.eu/esco/skill/7cf2762d-32e1-4b21-8ef8-574e40310c18
3889732556,technical,Online Research,,,unmatched,0.0,
3889732556,technical,Data Verification,,,unmatched,0.0,
3889732556,technical,Data Validation,,,unmatched,0.0,
3889732556,technical,Data Quality Assessment,data quality assessment,,exact,1.0,http://data.europa.eu/esco/skill/cc7370dd-69fa-4c67-a96f-d4d135d38700
3889732556,technical,Information Evaluation,evaluate spatial information,,fuzzy_alt,0.95,http://data.europa.eu/esco/skill/c1f4e64a-9bc7-4c75-b2eb-d982d7148cef
3889732556,technical,Web Research,research website users,,semantic,0.7513,http://data.europa.eu/esco/skill/5e14de3d-d055-427e-9f5b-eb068f56b019
3889732556,technical,Geographic Information Analysis,geographic information systems,,semantic,0.8394,http://data.europa.eu/esco/skill/377861af-f966-4c87-a2db-7e99904312b9
3889732556,technical,Search Engines,search engines,,exact,1.0,http://data.europa.eu/esco/skill/4bf59dde-8a03-483f-976a-45764f1e6d6f
3889732556,technical,Online Maps,,,unmatched,0.0,
3889732556,technical,Web Browser,,,unmatched,0.0,
3889732556,technical,Attention to Detail,attend to detail,,semantic,0.7608,http://data.europa.eu/esco/skill/83e6510b-ffeb-4aec-959c-4265fd0ff7b7
3889732556,technical,Research Skills,,,unmatched,0.0,
3889732556,technical,Following Instructions,follow written instructions,,semantic,0.876,http://data.europa.eu/esco/skill/54d68400-9da3-4077-a7ee-52e68b390ef6
3889732556,technical,Adaptability,,,unmatched,0.0,
3906249532,technical,Data Analysis,statistics,,alt_label,0.99,http://data.europa.eu/esco/skill/7ee4c2ea-b349-4bd2-81a3-ec31475d4833
3906249532,technical,Data Reporting,report analysis results,,fuzzy_alt,0.95,http://data.europa.eu/esco/skill/c544a9f3-5945-4b54-afed-de0697852817
3906249532,technical,Reporting Frameworks,develop reporting software,,semantic,0.7675,http://data.europa.eu/esco/skill/9d2f77af-4307-4ac5-bc50-a9980cec7e83
3906249532,technical,Data Quality Management,quality assurance procedures,,fuzzy_alt,0.95,http://data.europa.eu/esco/skill/1177c6f5-09c5-4c35-873c-afd22d170ad3
3906249532,technical,Quality Assurance,liaise with quality assurance,,fuzzy_alt,0.95,http://data.europa.eu/esco/skill/99ca6ed2-b6b8-4eb0-8180-92e750e546be
3906249532,technical,Project Portfolio Management (PPM),portfolio management in textile manufacturing,,alt_label,0.99,http://data.europa.eu/esco/skill/644d9c5d-9e19-4a3b-b144-8d27f7ad292d
3906249532,technical,Project Management,project management,,exact,1.0,http://data.europa.eu/esco/skill/7111b95d-0ce3-441a-9d92-4c75d05c4388
3906249532,technical,Resource Management,manage resources,,fuzzy_alt,0.97,http://data.europa.eu/esco/skill/911e13ee-1eec-4243-88c8-3c08a3681a19
3906249532,technical,Dashboard Development,,,unmatched,0.0,
3906249532,technical,Data Visualization,data visualisation software,,semantic,0.8764,http://data.europa.eu/esco/skill/65e58886-bd1e-4c5b-8ca5-8d9b353c8aa1
3906249532,technical,Trend Analysis,,,unmatched,0.0,
3906249532,technical,Data Interpretation,interpret seismic data,,fuzzy_alt,0.95,http://data.europa.eu/esco/skill/e9b99d6e-c7ec-4f87-b7b4-b5322733c998
3906249532,technical,Process Improvement,identify process improvements,,semantic,0.8211,http://data.europa.eu/esco/skill/958b8802-ec3e-4813-97f7-6c8f48610dbd
3906249532,technical,Data Collection,statistics,,alt_label,0.99,http://data.europa.eu/esco/skill/7ee4c2ea-b349-4bd2-81a3-ec31475d4833
3906249532,technical,Database Management,database management systems,,fuzzy_preferred,0.95,http://data.europa.eu/esco/skill/ab1e97ed-2319-4293-a8b7-072d2648822f
3906249532,technical,Metadata Management,manage content metadata,,semantic,0.7865,http://data.europa.eu/esco/skill/9710092c-f174-4e84-95bf-2064d39ad7a0
3906249532,technical,Statistical Analysis,statistics,,alt_label,0.99,http://data.europa.eu/esco/skill/7ee4c2ea-b349-4bd2-81a3-ec31475d4833
3906249532,technical,Clarity PPM,,,unmatched,0.0,
3906249532,technical,BusinessObjects,,,unmatched,0.0,
3906249532,technical,SQL,SQL,Database Language,technology_dictionary,1.0,
3906249532,technical,XML,,,unmatched,0.0,
3906249532,technical,JavaScript,JavaScript,,exact,1.0,http://data.europa.eu/esco/skill/3cd569a2-4f88-4c1e-9995-8dce8c5e51a7
3906249532,tool,SAS,SAS,Analytics,technology_dictionary,1.0,
3906249532,tool,Microsoft Excel,Microsoft Excel,Spreadsheet,technology_dictionary,1.0,
3906249532,technical,Leadership,leadership principles,,semantic,0.77,http://data.europa.eu/esco/skill/d5145a9a-602e-40bf-b3e1-f04cf9c3ef86
3906249532,soft,Communication,communication,,exact,1.0,http://data.europa.eu/esco/skill/15d76317-c71a-4fa2-aadc-2ecc34e627b7
3906249532,technical,Presentation,prepare presentation material,,semantic,0.7906,http://data.europa.eu/esco/skill/1ba59ce0-7fec-434b-8d5c-9b275250a26c
3906249532,technical,Attention to Detail,attend to detail,,semantic,0.7608,http://data.europa.eu/esco/skill/83e6510b-ffeb-4aec-959c-4265fd0ff7b7
3906249532,technical,Analytical Skills,,,unmatched,0.0,
3906249532,technical,Critical Thinking,think critically,,fuzzy_alt,0.95,http://data.europa.eu/esco/skill/7dd94ad3-13d6-43fe-8b94-51fcbf67ced9
3906249532,technical,Adaptability,,,unmatched,0.0,
3906249532,technical,Time Management,manage time,,semantic,0.8936,http://data.europa.eu/esco/skill/d9013e0e-e937-43d5-ab71-0e917ee882b8
3906249532,soft,Problem Solving,solve problems,,fuzzy_alt,0.95,http://data.europa.eu/esco/skill/adc6dc11-3376-467b-96c5-9b0a21edc869
3906249532,technical,Stakeholder Management,engage with stakeholders,,semantic,0.776,http://data.europa.eu/esco/skill/99c4c69a-025c-464f-adda-874c7f107a31
3905333957,technical,Data Analysis,statistics,,alt_label,0.99,http://data.europa.eu/esco/skill/7ee4c2ea-b349-4bd2-81a3-ec31475d4833
3905333957,technical,Advanced Analytics,web analytics,,semantic,0.762,http://data.europa.eu/esco/skill/1605025e-a179-421f-8f35-5b07d182a6b2
3905333957,technical,Data Mining,data mining,,exact,1.0,http://data.europa.eu/esco/skill/25f0ea33-b4a2-4f31-b7b4-7d20e827b180
3905333957,technical,Forecasting,financial forecasting,,semantic,0.8026,http://data.europa.eu/esco/skill/4b2db903-cd8e-48ce-97fb-a92db4def54e
3905333957,technical,Predictive Modeling,develop predictive models,,semantic,0.8702,http://data.europa.eu/esco/skill/e2887d71-8ff4-4188-9926-22bdaefa7713
3905333957,technical,Statistical Modeling,statistical modeling techniques,,alt_label,0.99,http://data.europa.eu/esco/skill/68ef0e4d-5542-4e64-84f4-752cce5a3c22
3905333957,technical,Customer Segmentation,customer segmentation,,exact,1.0,http://data.europa.eu/esco/skill/136e0cab-0b19-48f7-9086-745d615f416b
3905333957,technical,A/B Testing,,,unmatched,0.0,
3905333957,technical,Cluster Analysis,,,unmatched,0.0,
3905333957,technical,Data Visualization,data visualisation software,,semantic,0.8764,http://data.europa.eu/esco/skill/65e58886-bd1e-4c5b-8ca5-8d9b353c8aa1
3905333957,technical,Data Governance,,,unmatched,0.0,
3905333957,technical,Data Quality Management,quality assurance procedures,,fuzzy_alt,0.95,http://data.europa.eu/esco/skill/1177c6f5-09c5-4c35-873c-afd22d170ad3
3905333957,technical,Reporting,,,unmatched,0.0,
3905333957,technical,Trend Analysis,,,unmatched,0.0,
3905333957,technical,Data Integration,,,unmatched,0.0,
3905333957,technical,Business Intelligence,business intelligence,,exact,1.0,http://data.europa.eu/esco/skill/143769cb-b61e-47d8-a61e-eedfbec1016c
3905333957,technical,Sample Size Calculation,,,unmatched,0.0,
3905333957,technical,Statistical Hypothesis Testing,,,unmatched,0.0,
3905333957,tool,Microsoft Excel,Microsoft Excel,Spreadsheet,technology_dictionary,1.0,
3905333957,technical,Microsoft PowerPoint,use presentation software,,fuzzy_alt,0.95,http://data.europa.eu/esco/skill/234aeb8d-56c3-4531-9193-1c5e6a8d16cb
3905333957,technical,R,R,Programming Language,technology_dictionary,1.0,
3905333957,tool,Tableau,Tableau,BI Tool,technology_dictionary,1.0,
3905333957,technical,Python,Python,Programming Language,technology_dictionary,1.0,
3905333957,technical,Alteryx,,,unmatched,0.0,
3905333957,technical,SQL,SQL,Database Language,technology_dictionary,1.0,
3905333957,soft,Communication,communication,,exact,1.0,http://data.europa.eu/esco/skill/15d76317-c71a-4fa2-aadc-2ecc34e627b7
3905333957,technical,Presentation,prepare presentation material,,semantic,0.7906,http://data.europa.eu/esco/skill/1ba59ce0-7fec-434b-8d5c-9b275250a26c
3905333957,technical,Collaboration,,,unmatched,0.0,
3905333957,technical,Multitasking,,,unmatched,0.0,
3904388641,technical,Business Intelligence,business intelligence,,exact,1.0,http://data.europa.eu/esco/skill/143769cb-b61e-47d8-a61e-eedfbec1016c
3904388641,technical,Data Analysis,statistics,,alt_label,0.99,http://data.europa.eu/esco/skill/7ee4c2ea-b349-4bd2-81a3-ec31475d4833
3904388641,technical,Healthcare Data Analysis,healthcare analytics,,semantic,0.7599,http://data.europa.eu/esco/skill/a1eef0f4-133f-464a-a8f1-68fe3e8cc1b4
3904388641,technical,Dashboard Development,,,unmatched,0.0,
3904388641,technical,Reporting,,,unmatched,0.0,
3904388641,technical,Data Visualization,data visualisation software,,semantic,0.8764,http://data.europa.eu/esco/skill/65e58886-bd1e-4c5b-8ca5-8d9b353c8aa1
3904388641,technical,Data Warehousing,implement data warehousing techniques,,semantic,0.9247,http://data.europa.eu/esco/skill/fd6d2981-3d4a-4ce2-9741-cfc98c5b74bd
3904388641,technical,Relational Databases,database,,fuzzy_alt,0.97,http://data.europa.eu/esco/skill/43ae58b9-5e56-4524-b45a-b422777a0576
3904388641,technical,Integration Testing,execute integration testing,,fuzzy_preferred,0.95,http://data.europa.eu/esco/skill/ea412de3-9d7a-4943-8d8c-c6d3c7495d0e
3904388641,technical,Continuous Integration and Continuous Delivery (CI/CD),,,unmatched,0.0,
3904388641,technical,SQL,SQL,Database Language,technology_dictionary,1.0,
3904388641,technical,Microsoft SQL Server,SQL Server,,semantic,0.9785,http://data.europa.eu/esco/skill/c062bab3-3ea0-4291-9220-a2d8fef4bead
3904388641,technical,Oracle Database,Oracle Relational Database,,semantic,0.8874,http://data.europa.eu/esco/skill/de9f85ba-e77f-48fd-8c66-f5ebaf32d655
3904388641,tool,PostgreSQL,PostgreSQL,Database,technology_dictionary,1.0,
3904388641,tool,Power BI,Power BI,BI Tool,technology_dictionary,1.0,
3904388641,technical,Power Query,,,unmatched,0.0,
3904388641,technical,DAX,,,unmatched,0.0,
3904388641,tool,Databricks,Databricks,Big Data,technology_dictionary,1.0,
3904388641,technical,Python,Python,Programming Language,technology_dictionary,1.0,
3904388641,technical,Amazon Web Services (AWS),,,unmatched,0.0,
3904388641,tool,Microsoft Azure,Microsoft Azure,Cloud,technology_dictionary,1.0,
3904388641,soft,Communication,communication,,exact,1.0,http://data.europa.eu/esco/skill/15d76317-c71a-4fa2-aadc-2ecc34e627b7
3904388641,technical,Collaboration,,,unmatched,0.0,
3904500501,technical,Business Analysis,business analysis,,exact,1.0,http://data.europa.eu/esco/skill/633a3637-2c6b-40ae-ac38-289eb2a62aa6
3904500501,technical,Requirements Analysis,analyse business requirements,,fuzzy_alt,0.95,http://data.europa.eu/esco/skill/b04f377b-ee80-4b38-aca1-19d266a23b17
3904500501,technical,Requirements Documentation,,,unmatched,0.0,
3904500501,technical,Data Flow Diagrams,,,unmatched,0.0,
3904500501,technical,Use Case Development,develop business case,,semantic,0.7997,http://data.europa.eu/esco/skill/a4bbd0d9-a6be-4472-b05d-291e60cf6b4b
3904500501,technical,Acceptance Testing,,,unmatched,0.0,
3904500501,technical,Software Testing,plan software testing,,fuzzy_preferred,0.95,http://data.europa.eu/esco/skill/5d74614d-32c8-4ca4-9818-6980e52424b1
3904500501,technical,Regression Testing,,,unmatched,0.0,
3904500501,technical,Integration Testing,execute integration testing,,fuzzy_preferred,0.95,http://data.europa.eu/esco/skill/ea412de3-9d7a-4943-8d8c-c6d3c7495d0e
3904500501,technical,Security Testing,,,unmatched,0.0,
3904500501,technical,Performance Testing,perform sample testing,,fuzzy_alt,0.95,http://data.europa.eu/esco/skill/b5a1fc87-c9f2-41f4-a1ae-28e023715592
3904500501,technical,Test Planning,,,unmatched,0.0,
3904500501,technical,Test Case Development,,,unmatched,0.0,
3904500501,technical,Test Script Development,,,unmatched,0.0,
3904500501,technical,Data Analysis,statistics,,alt_label,0.99,http://data.europa.eu/esco/skill/7ee4c2ea-b349-4bd2-81a3-ec31475d4833
3904500501,technical,Root Cause Analysis,root cause analysis,,exact,1.0,http://data.europa.eu/esco/skill/55514865-3066-4abd-86a9-dbe45a440882
3904500501,technical,Agile,ICT project management methodologies,,alt_label,0.99,http://data.europa.eu/esco/skill/bec4359e-cb92-468f-a997-8fb28e32fba9
3904500501,technical,SQL,SQL,Database Language,technology_dictionary,1.0,
3904500501,technical,Microsoft Team Foundation Server (TFS),,,unmatched,0.0,
3904500501,technical,Microsoft Test Manager,,,unmatched,0.0,
3904500501,technical,Selenium,tools for ICT test automation,,alt_label,0.99,http://data.europa.eu/esco/skill/7557f0f4-b8bc-4ac0-b91e-222ab1ba744f
3904500501,technical,Microsoft SharePoint,,,unmatched,0.0,
3904500501,technical,Microsoft Teams,,,unmatched,0.0,
3904500501,technical,Microsoft Office,use microsoft office,,fuzzy_preferred,0.95,http://data.europa.eu/esco/skill/f683ae1d-cb7c-4aa1-b9fe-205e1bd23535
3904500501,technical,Organizational Skills,,,unmatched,0.0,
3904500501,soft,Verbal Communication,communication,,semantic,0.7904,http://data.europa.eu/esco/skill/15d76317-c71a-4fa2-aadc-2ecc34e627b7
3904500501,technical,Written Communication,discern written communication,,fuzzy_preferred,0.95,http://data.europa.eu/esco/skill/0e161427-3369-47c0-8669-9e226207f6d0
3904500501,technical,Planning,urban planning,,semantic,0.7856,http://data.europa.eu/esco/skill/7f18039d-dfae-471b-9daa-507f6b2d2842
3904500501,technical,Leadership,leadership principles,,semantic,0.77,http://data.europa.eu/esco/skill/d5145a9a-602e-40bf-b3e1-f04cf9c3ef86
3904500501,technical,Stakeholder Communication,communicate with stakeholders,,semantic,0.891,http://data.europa.eu/esco/skill/477173ca-5fc2-406b-9122-95d92811f284
3905295211,technical,Generative Artificial Intelligence (Generative AI),,,unmatched,0.0,
3905295211,technical,Machine Learning,machine learning,,exact,1.0,http://data.europa.eu/esco/skill/3a2d5b45-56e4-4f5a-a55a-4a4a65afdc43
3905295211,technical,Microsoft Infrastructure Engineering,,,unmatched,0.0,
3905295211,technical,Microsoft 365 Administration,,,unmatched,0.0,
3905295211,technical,Microsoft 365 Security,,,unmatched,0.0,
3905295211,technical,Microsoft 365 Compliance,,,unmatched,0.0,
3905295211,technical,Information Security,cyber security,,alt_label,0.99,http://data.europa.eu/esco/skill/8088750d-8388-4170-a76f-48354c469c44
3905295211,technical,Information Governance,information governance compliance,,semantic,0.8161,http://data.europa.eu/esco/skill/9a0d0abc-010d-440b-8242-7e31510471ba
3905295211,technical,Electronic Communication Compliance,electronic communication,,fuzzy_preferred,0.95,http://data.europa.eu/esco/skill/debef2fc-7af4-4bff-ac92-4d0317915a84
3905295211,technical,Artificial Intelligence Governance,,,unmatched,0.0,
3905295211,technical,Artificial Intelligence Regulatory Compliance,,,unmatched,0.0,
3905295211,technical,Security Governance,,,unmatched,0.0,
3905295211,technical,Troubleshooting,troubleshoot,,alt_label,0.99,http://data.europa.eu/esco/skill/334e3e49-fb02-4051-809a-f06adfdc1c40
3905295211,technical,Performance Optimization,,,unmatched,0.0,
3905295211,technical,System Reliability,,,unmatched,0.0,
3905295211,technical,Microsoft 365,,,unmatched,0.0,
3905295211,technical,Microsoft SharePoint,,,unmatched,0.0,
3905295211,technical,Microsoft OneDrive,,,unmatched,0.0,
3905295211,technical,Microsoft Exchange,,,unmatched,0.0,
3905295211,technical,Microsoft Teams,,,unmatched,0.0,
3905295211,technical,Microsoft Copilot for Microsoft 365,,,unmatched,0.0,
3905295211,technical,Microsoft Copilot Studio,,,unmatched,0.0,
3905295211,technical,Microsoft Copilot,,,unmatched,0.0,
3905295211,technical,Microsoft Copilot Security,,,unmatched,0.0,
3905295211,technical,Leadership,leadership principles,,semantic,0.77,http://data.europa.eu/esco/skill/d5145a9a-602e-40bf-b3e1-f04cf9c3ef86
3905295211,technical,Mentoring,mentor individuals,,semantic,0.8722,http://data.europa.eu/esco/skill/a584a638-a2c0-4b3c-bdf3-a64f87225be9
3905295211,technical,Coaching,coaching techniques,,semantic,0.7952,http://data.europa.eu/esco/skill/c6c1af60-9594-460c-a328-00f9ad292be0
3905295211,technical,Collaboration,,,unmatched,0.0,
3905295211,technical,Analytical Skills,,,unmatched,0.0,
3905295211,soft,Problem Solving,solve problems,,fuzzy_alt,0.95,http://data.europa.eu/esco/skill/adc6dc11-3376-467b-96c5-9b0a21edc869
3905295211,soft,Communication,communication,,exact,1.0,http://data.europa.eu/esco/skill/15d76317-c71a-4fa2-aadc-2ecc34e627b7
3905295211,technical,Decision Making,make decisions,,semantic,0.8593,http://data.europa.eu/esco/skill/d62d2b4c-a6f8-439e-8a1b-4f29ab5f2c47
3905295211,technical,Judgment,,,unmatched,0.0,
3905295211,technical,Integrity,morality,,alt_label,0.99,http://data.europa.eu/esco/skill/7cf2762d-32e1-4b21-8ef8-574e40310c18
3905295211,technical,Adaptability,,,unmatched,0.0,
3905295211,technical,Results Orientation,,,unmatched,0.0,
3887876187,technical,Data Science,data science,,exact,1.0,http://data.europa.eu/esco/skill/edebd83d-35f6-4ed5-a940-6c203d178c01
3887876187,technical,Data Analysis,statistics,,alt_label,0.99,http://data.europa.eu/esco/skill/7ee4c2ea-b349-4bd2-81a3-ec31475d4833
3887876187,technical,Data Cleaning,perform data cleansing,,semantic,0.8936,http://data.europa.eu/esco/skill/50b100ea-74fd-4706-99db-3e4ca55e51b8
3887876187,technical,Statistical Modeling,statistical modeling techniques,,alt_label,0.99,http://data.europa.eu/esco/skill/68ef0e4d-5542-4e64-84f4-752cce5a3c22
3887876187,technical,Machine Learning,machine learning,,exact,1.0,http://data.europa.eu/esco/skill/3a2d5b45-56e4-4f5a-a55a-4a4a65afdc43
3887876187,technical,Predictive Modeling,develop predictive models,,semantic,0.8702,http://data.europa.eu/esco/skill/e2887d71-8ff4-4188-9926-22bdaefa7713
3887876187,technical,Data Visualization,data visualisation software,,semantic,0.8764,http://data.europa.eu/esco/skill/65e58886-bd1e-4c5b-8ca5-8d9b353c8aa1
3887876187,technical,Experiment Design,,,unmatched,0.0,
3887876187,technical,Impact Measurement,,,unmatched,0.0,
3887876187,technical,Statistical Analysis,statistics,,alt_label,0.99,http://data.europa.eu/esco/skill/7ee4c2ea-b349-4bd2-81a3-ec31475d4833
3887876187,technical,Reporting,,,unmatched,0.0,
3887876187,technical,Python,Python,Programming Language,technology_dictionary,1.0,
3887876187,technical,R,R,Programming Language,technology_dictionary,1.0,
3887876187,technical,SQL,SQL,Database Language,technology_dictionary,1.0,
3887876187,soft,Problem Solving,solve problems,,fuzzy_alt,0.95,http://data.europa.eu/esco/skill/adc6dc11-3376-467b-96c5-9b0a21edc869
3887876187,soft,Communication,communication,,exact,1.0,http://data.europa.eu/esco/skill/15d76317-c71a-4fa2-aadc-2ecc34e627b7
3887876187,technical,Analytical Thinking,think analytically,,alt_label,0.99,http://data.europa.eu/esco/skill/4707da90-9cfc-46ca-8de0-38a0b7bfb137
3887876187,technical,Strategic Thinking,develop strategy to solve problems,,alt_label,0.99,http://data.europa.eu/esco/skill/7a8fb784-67fa-41e9-a75c-6b491d91f800
3887876187,technical,Collaboration,,,unmatched,0.0,
3887876187,technical,Presentation,prepare presentation material,,semantic,0.7906,http://data.europa.eu/esco/skill/1ba59ce0-7fec-434b-8d5c-9b275250a26c
3901353972,technical,Data Science,data science,,exact,1.0,http://data.europa.eu/esco/skill/edebd83d-35f6-4ed5-a940-6c203d178c01
3901353972,technical,Data Analysis,statistics,,alt_label,0.99,http://data.europa.eu/esco/skill/7ee4c2ea-b349-4bd2-81a3-ec31475d4833
3901353972,technical,Data Visualization,data visualisation software,,semantic,0.8764,http://data.europa.eu/esco/skill/65e58886-bd1e-4c5b-8ca5-8d9b353c8aa1
3901353972,technical,"Extract, Transform, Load (ETL)",,,unmatched,0.0,
3901353972,technical,Statistical Analysis,statistics,,alt_label,0.99,http://data.europa.eu/esco/skill/7ee4c2ea-b349-4bd2-81a3-ec31475d4833
3901353972,technical,Machine Learning,machine learning,,exact,1.0,http://data.europa.eu/esco/skill/3a2d5b45-56e4-4f5a-a55a-4a4a65afdc43
3901353972,technical,Natural Language Processing (NLP),natural language processing,,exact,1.0,http://data.europa.eu/esco/skill/fff0e2cd-d0bd-4b02-9daf-158b79d9688a
3901353972,technical,Optimization,,,unmatched,0.0,
3901353972,technical,Simulation,computer simulation,,semantic,0.8666,http://data.europa.eu/esco/skill/0823ccef-813f-4f22-afef-ac0d68615e8f
3901353972,technical,Cloud Computing,cloud technologies,,alt_label,0.99,http://data.europa.eu/esco/skill/bd14968e-e409-45af-b362-3495ed7b10e0
3901353972,technical,Agile,ICT project management methodologies,,alt_label,0.99,http://data.europa.eu/esco/skill/bec4359e-cb92-468f-a997-8fb28e32fba9
3901353972,technical,Python,Python,Programming Language,technology_dictionary,1.0,
3901353972,technical,R,R,Programming Language,technology_dictionary,1.0,
3901353972,technical,VBA,,,unmatched,0.0,
3901353972,technical,SQL,SQL,Database Language,technology_dictionary,1.0,
3901353972,tool,Tableau,Tableau,BI Tool,technology_dictionary,1.0,
3901353972,technical,Qlik,,,unmatched,0.0,
3901353972,technical,Microsoft Power BI,,,unmatched,0.0,
3901353972,technical,D3.js,,,unmatched,0.0,
3901353972,technical,Microsoft SQL Server,SQL Server,,semantic,0.9785,http://data.europa.eu/esco/skill/c062bab3-3ea0-4291-9220-a2d8fef4bead
3901353972,technical,Oracle SQL,Oracle SQL,Database,technology_dictionary,1.0,
3901353972,technical,NoSQL Databases,NoSQL,,semantic,0.8557,http://data.europa.eu/esco/skill/76ef6ed3-1658-4a1a-9593-204d799c6d0c
3901353972,tool,Microsoft Azure,Microsoft Azure,Cloud,technology_dictionary,1.0,
3901353972,technical,Strategic Communication,develop communications strategies,,semantic,0.7539,http://data.europa.eu/esco/skill/3c834f6e-523a-49ee-8ed1-e073e28ae6fe
3901353972,technical,Active Listening,listen actively,,alt_label,0.99,http://data.europa.eu/esco/skill/a17286c5-238d-4f0b-bc24-29e9121345de
3901353972,soft,Problem Solving,solve problems,,fuzzy_alt,0.95,http://data.europa.eu/esco/skill/adc6dc11-3376-467b-96c5-9b0a21edc869
3901353972,technical,Collaboration,,,unmatched,0.0,
3901353972,technical,Adaptability,,,unmatched,0.0,
3901353972,technical,Curiosity,demonstrate curiosity,,alt_label,0.99,http://data.europa.eu/esco/skill/429062f1-a958-43ea-83dd-4e1af078c156
3901353972,technical,Stakeholder Management,engage with stakeholders,,semantic,0.776,http://data.europa.eu/esco/skill/99c4c69a-025c-464f-adda-874c7f107a31
3901353972,technical,Strategic Thinking,develop strategy to solve problems,,alt_label,0.99,http://data.europa.eu/esco/skill/7a8fb784-67fa-41e9-a75c-6b491d91f800
3901353972,technical,Teamwork,manage teamwork,,semantic,0.8047,http://data.europa.eu/esco/skill/75e48971-3242-4ea5-a1ba-4deec48ad41c
3901353972,technical,Continuous Learning,,,unmatched,0.0,
3901353972,technical,TS/SCI Clearance,,,unmatched,0.0,
3899530442,technical,Programming,web programming,,fuzzy_preferred,0.95,http://data.europa.eu/esco/skill/69bbd53f-fbb0-4476-b4b2-ef7844464e28
3899530442,technical,Data Processing,process data,,alt_label,0.99,http://data.europa.eu/esco/skill/f2d57f41-43b4-4f5b-8100-3df5c21eda50
3899530442,technical,Data Cleaning,perform data cleansing,,semantic,0.8936,http://data.europa.eu/esco/skill/50b100ea-74fd-4706-99db-3e4ca55e51b8
3899530442,technical,Data Manipulation,,,unmatched,0.0,
3899530442,technical,Data Analysis,statistics,,alt_label,0.99,http://data.europa.eu/esco/skill/7ee4c2ea-b349-4bd2-81a3-ec31475d4833
3899530442,technical,Data Reporting,report analysis results,,fuzzy_alt,0.95,http://data.europa.eu/esco/skill/c544a9f3-5945-4b54-afed-de0697852817
3899530442,technical,Process Automation,operate automated process control,,semantic,0.8438,http://data.europa.eu/esco/skill/0a0532c2-ee60-4410-8e07-70e4d69370ec
3899530442,technical,Quality Assurance,liaise with quality assurance,,fuzzy_alt,0.95,http://data.europa.eu/esco/skill/99ca6ed2-b6b8-4eb0-8180-92e750e546be
3899530442,technical,Data Warehousing,implement data warehousing techniques,,semantic,0.9247,http://data.europa.eu/esco/skill/fd6d2981-3d4a-4ce2-9741-cfc98c5b74bd
3899530442,technical,Statistical Analysis,statistics,,alt_label,0.99,http://data.europa.eu/esco/skill/7ee4c2ea-b349-4bd2-81a3-ec31475d4833
3899530442,technical,Data Structures,,,unmatched,0.0,
3899530442,technical,Data Visualization,data visualisation software,,semantic,0.8764,http://data.europa.eu/esco/skill/65e58886-bd1e-4c5b-8ca5-8d9b353c8aa1
3899530442,technical,SQL Querying,SQL,,semantic,0.8366,http://data.europa.eu/esco/skill/598de5b0-5b58-4ea7-8058-a4bc4d18c742
3899530442,technical,Python,Python,Programming Language,technology_dictionary,1.0,
3899530442,tool,Microsoft Excel,Microsoft Excel,Spreadsheet,technology_dictionary,1.0,
3899530442,technical,Microsoft PowerPoint,use presentation software,,fuzzy_alt,0.95,http://data.europa.eu/esco/skill/234aeb8d-56c3-4531-9193-1c5e6a8d16cb
3899530442,technical,VBA,,,unmatched,0.0,
3899530442,tool,Tableau,Tableau,BI Tool,technology_dictionary,1.0,
3899530442,technical,R,R,Programming Language,technology_dictionary,1.0,
3899530442,technical,SQL,SQL,Database Language,technology_dictionary,1.0,
3899530442,technical,Asana,use online tools to collaborate,,alt_label,0.99,http://data.europa.eu/esco/skill/580660a6-5d3a-421d-a54f-d85b706c2b2f
3899530442,technical,Relationship Building,,,unmatched,0.0,
3899530442,soft,Communication,communication,,exact,1.0,http://data.europa.eu/esco/skill/15d76317-c71a-4fa2-aadc-2ecc34e627b7
3899530442,technical,Professionalism,,,unmatched,0.0,
3899530442,technical,Time Management,manage time,,semantic,0.8936,http://data.europa.eu/esco/skill/d9013e0e-e937-43d5-ab71-0e917ee882b8
3899530442,technical,Organizational Skills,,,unmatched,0.0,
3899530442,technical,Strategic Thinking,develop strategy to solve problems,,alt_label,0.99,http://data.europa.eu/esco/skill/7a8fb784-67fa-41e9-a75c-6b491d91f800
3899530442,technical,Attention to Detail,attend to detail,,semantic,0.7608,http://data.europa.eu/esco/skill/83e6510b-ffeb-4aec-959c-4265fd0ff7b7
3899530442,technical,Collaboration,,,unmatched,0.0,
3899530442,technical,Leadership,leadership principles,,semantic,0.77,http://data.europa.eu/esco/skill/d5145a9a-602e-40bf-b3e1-f04cf9c3ef86
3899530442,soft,Problem Solving,solve problems,,fuzzy_alt,0.95,http://data.europa.eu/esco/skill/adc6dc11-3376-467b-96c5-9b0a21edc869
3899530442,technical,Adaptability,,,unmatched,0.0,
3899530442,technical,Continuous Learning,,,unmatched,0.0,
3901938817,technical,Business Process Reengineering,business processes,,semantic,0.7634,http://data.europa.eu/esco/skill/9e84a506-df06-4be3-874a-fa01293e3dd5
3901938817,technical,Business Process Modeling,business process modelling,,alt_label,0.99,http://data.europa.eu/esco/skill/98301d4a-2cc3-439d-8d7f-0b6ac76302bb
3901938817,technical,Business Process Improvement,improve business processes,,semantic,0.8927,http://data.europa.eu/esco/skill/75b30aeb-34c0-40f4-b77d-271d75a98b14
3901938817,technical,Process Design,design process,,alt_label,0.99,http://data.europa.eu/esco/skill/2c28fc20-8a60-4311-8899-5ef8729c05b3
3901938817,technical,Requirements Management,collection management,,fuzzy_alt,0.95,http://data.europa.eu/esco/skill/6c8ed0d1-4fc9-41a6-9587-6dbc82cabfc3
3901938817,technical,Project Management,project management,,exact,1.0,http://data.europa.eu/esco/skill/7111b95d-0ce3-441a-9d92-4c75d05c4388
3901938817,technical,Business Requirements Analysis,analyse business requirements,,alt_label,0.99,http://data.europa.eu/esco/skill/b04f377b-ee80-4b38-aca1-19d266a23b17
3901938817,technical,Technical Requirements Analysis,interpret technical requirements,,semantic,0.8503,http://data.europa.eu/esco/skill/be48353d-25c7-4f86-bea9-7b9e248fbc6e
3901938817,technical,Operational Process Improvement,,,unmatched,0.0,
3901938817,technical,Process Performance Management,manage processes,,semantic,0.7552,http://data.europa.eu/esco/skill/940a70fa-7c58-423b-8d03-34920b59f0f7
3901938817,technical,Business Process Automation,operate automated process control,,semantic,0.7621,http://data.europa.eu/esco/skill/0a0532c2-ee60-4410-8e07-70e4d69370ec
3901938817,technical,Root Cause Analysis,root cause analysis,,exact,1.0,http://data.europa.eu/esco/skill/55514865-3066-4abd-86a9-dbe45a440882
3901938817,technical,Metrics Development,software metrics,,semantic,0.7862,http://data.europa.eu/esco/skill/fb7aee4d-f6c6-4a87-8e9d-8e542b3771f8
3901938817,technical,Business Process Integration,,,unmatched,0.0,
3901938817,technical,Systems Integration,ICT system integration,,fuzzy_alt,0.97,http://data.europa.eu/esco/skill/6fa1c2c0-a012-4ca0-9642-e01569ba322c
3901938817,technical,Solution Design,,,unmatched,0.0,
3901938817,technical,SQL,SQL,Database Language,technology_dictionary,1.0,
3901938817,technical,NoSQL,NoSQL,Database,technology_dictionary,1.0,
3901938817,soft,Communication,communication,,exact,1.0,http://data.europa.eu/esco/skill/15d76317-c71a-4fa2-aadc-2ecc34e627b7
3901938817,technical,Collaboration,,,unmatched,0.0,
3901938817,technical,Planning,urban planning,,semantic,0.7856,http://data.europa.eu/esco/skill/7f18039d-dfae-471b-9daa-507f6b2d2842
3901938817,technical,Research,,,unmatched,0.0,
3901938817,technical,Analytical Thinking,think analytically,,alt_label,0.99,http://data.europa.eu/esco/skill/4707da90-9cfc-46ca-8de0-38a0b7bfb137
3901938817,technical,Consulting,management consulting,,semantic,0.8481,http://data.europa.eu/esco/skill/c2617b44-886a-485e-8393-bc0fc6339539
3901938817,technical,Risk Assessment,risk management,,alt_label,0.99,http://data.europa.eu/esco/skill/6eff134b-e34f-4d6e-a6e8-5e47cf2228d0
3906224855,technical,Business Intelligence,business intelligence,,exact,1.0,http://data.europa.eu/esco/skill/143769cb-b61e-47d8-a61e-eedfbec1016c
3906224855,technical,Database Management,database management systems,,fuzzy_preferred,0.95,http://data.europa.eu/esco/skill/ab1e97ed-2319-4293-a8b7-072d2648822f
3906224855,technical,SQL Query Development,SQL,,semantic,0.7848,http://data.europa.eu/esco/skill/598de5b0-5b58-4ea7-8058-a4bc4d18c742
3906224855,technical,SQL Query Optimization,,,unmatched,0.0,
3906224855,technical,Data Mart Development,,,unmatched,0.0,
3906224855,technical,Data Analysis,statistics,,alt_label,0.99,http://data.europa.eu/esco/skill/7ee4c2ea-b349-4bd2-81a3-ec31475d4833
3906224855,technical,Data Visualization,data visualisation software,,semantic,0.8764,http://data.europa.eu/esco/skill/65e58886-bd1e-4c5b-8ca5-8d9b353c8aa1
3906224855,technical,Dashboard Development,,,unmatched,0.0,
3906224855,technical,Performance Reporting,performance diagnosis,,semantic,0.7708,http://data.europa.eu/esco/skill/2687dc6e-b245-477a-a115-7abeb7134b78
3906224855,technical,Performance Metrics,,,unmatched,0.0,
3906224855,technical,Marketing Analytics,marketing analytics,,exact,1.0,http://data.europa.eu/esco/skill/11c56452-fcec-4b00-9695-cca4728e5048
3906224855,technical,Real-Time Marketing,,,unmatched,0.0,
3906224855,technical,Business Requirements Analysis,analyse business requirements,,alt_label,0.99,http://data.europa.eu/esco/skill/b04f377b-ee80-4b38-aca1-19d266a23b17
3906224855,technical,Requirements Translation,,,unmatched,0.0,
3906224855,technical,Machine Learning,machine learning,,exact,1.0,http://data.europa.eu/esco/skill/3a2d5b45-56e4-4f5a-a55a-4a4a65afdc43
3906224855,technical,Artificial Intelligence,principles of artificial intelligence,,fuzzy_alt,0.95,http://data.europa.eu/esco/skill/e465a154-93f7-4973-9ce1-31659fe16dd2
3906224855,technical,SQL,SQL,Database Language,technology_dictionary,1.0,
3906224855,technical,R,R,Programming Language,technology_dictionary,1.0,
3906224855,technical,Python,Python,Programming Language,technology_dictionary,1.0,
3906224855,tool,Tableau,Tableau,BI Tool,technology_dictionary,1.0,
3906224855,technical,Teradata,Teradata Database,,alt_label,0.99,http://data.europa.eu/esco/skill/d9eaf831-9348-4330-a83e-b7c099cdc8f6
3906224855,technical,Pega Decisioning Platform,,,unmatched,0.0,
3906224855,technical,Adobe Experience Cloud,,,unmatched,0.0,
3906224855,soft,Communication,communication,,exact,1.0,http://data.europa.eu/esco/skill/15d76317-c71a-4fa2-aadc-2ecc34e627b7
3906224855,technical,Collaboration,,,unmatched,0.0,
3906224855,technical,Analytical Thinking,think analytically,,alt_label,0.99,http://data.europa.eu/esco/skill/4707da90-9cfc-46ca-8de0-38a0b7bfb137
3906224855,soft,Problem Solving,solve problems,,fuzzy_alt,0.95,http://data.europa.eu/esco/skill/adc6dc11-3376-467b-96c5-9b0a21edc869
3906224855,technical,Strategic Thinking,develop strategy to solve problems,,alt_label,0.99,http://data.europa.eu/esco/skill/7a8fb784-67fa-41e9-a75c-6b491d91f800
3891091654,technical,Business Analysis,business analysis,,exact,1.0,http://data.europa.eu/esco/skill/633a3637-2c6b-40ae-ac38-289eb2a62aa6
3891091654,technical,Cloud Computing,cloud technologies,,alt_label,0.99,http://data.europa.eu/esco/skill/bd14968e-e409-45af-b362-3495ed7b10e0
3891091654,technical,Cloud Applications,develop with cloud services,,fuzzy_alt,0.95,http://data.europa.eu/esco/skill/6b643893-0a1f-4f6c-83a1-e7eef75849b9
3891091654,technical,Requirements Analysis,analyse business requirements,,fuzzy_alt,0.95,http://data.europa.eu/esco/skill/b04f377b-ee80-4b38-aca1-19d266a23b17
3891091654,technical,Project Management,project management,,exact,1.0,http://data.europa.eu/esco/skill/7111b95d-0ce3-441a-9d92-4c75d05c4388
3891091654,technical,IT Systems Management,,,unmatched,0.0,
3891091654,technical,IT Operations,,,unmatched,0.0,
3891091654,technical,Regulatory Compliance,comply with regulations,,semantic,0.8087,http://data.europa.eu/esco/skill/b618584f-6bdf-4d8f-89a7-f28c2c95afc2
3891091654,technical,Process Management,design management,,fuzzy_alt,0.95,http://data.europa.eu/esco/skill/33a0a2ea-025e-4107-8717-39ac45b3b78c
3891091654,technical,Policy Compliance,information governance compliance,,fuzzy_alt,0.95,http://data.europa.eu/esco/skill/9a0d0abc-010d-440b-8242-7e31510471ba
3891091654,technical,System Management Tools,network management system tools,,fuzzy_preferred,0.95,http://data.europa.eu/esco/skill/0ab03c6c-281b-48f4-83e0-10eeb27a1bae
3891091654,technical,Spreadsheet Software,use spreadsheets software,,fuzzy_alt,0.95,http://data.europa.eu/esco/skill/1973c966-f236-40c9-b2d4-5d71a89019be
3891091654,technical,Document Management Applications,document management,,semantic,0.9029,http://data.europa.eu/esco/skill/ea1bf5e5-e7f0-4d2c-a415-1c39c00512b1
3891091654,soft,Communication Tools,communication,,fuzzy_preferred,0.95,http://data.europa.eu/esco/skill/15d76317-c71a-4fa2-aadc-2ecc34e627b7
3891091654,soft,Communication,communication,,exact,1.0,http://data.europa.eu/esco/skill/15d76317-c71a-4fa2-aadc-2ecc34e627b7
3891091654,technical,Analytical Thinking,think analytically,,alt_label,0.99,http://data.europa.eu/esco/skill/4707da90-9cfc-46ca-8de0-38a0b7bfb137
3891091654,technical,Presentation Skills,,,unmatched,0.0,
3891091654,technical,Organizational Skills,,,unmatched,0.0,
3891091654,soft,Problem Solving,solve problems,,fuzzy_alt,0.95,http://data.europa.eu/esco/skill/adc6dc11-3376-467b-96c5-9b0a21edc869
3891091654,technical,Influencing,,,unmatched,0.0,
3891091654,technical,Attention to Detail,attend to detail,,semantic,0.7608,http://data.europa.eu/esco/skill/83e6510b-ffeb-4aec-959c-4265fd0ff7b7
3891091654,technical,Time Management,manage time,,semantic,0.8936,http://data.europa.eu/esco/skill/d9013e0e-e937-43d5-ab71-0e917ee882b8
3891091654,technical,Independent Working,work independently,,fuzzy_alt,0.95,http://data.europa.eu/esco/skill/c29aa9d2-4da8-4bdd-831c-8d4a2fb51730
3891091654,technical,Confidentiality,observe confidentiality,,fuzzy_alt,0.95,http://data.europa.eu/esco/skill/8d202e22-85e9-47b1-a1e0-3296d17244cd
3891091654,technical,Collaboration,,,unmatched,0.0,
3901938989,technical,Business Analysis,business analysis,,exact,1.0,http://data.europa.eu/esco/skill/633a3637-2c6b-40ae-ac38-289eb2a62aa6
3901938989,technical,Business Process Analysis,business analysis,,fuzzy_preferred,0.95,http://data.europa.eu/esco/skill/633a3637-2c6b-40ae-ac38-289eb2a62aa6
3901938989,technical,Business Process Documentation,,,unmatched,0.0,
3901938989,technical,Business Requirements Analysis,analyse business requirements,,alt_label,0.99,http://data.europa.eu/esco/skill/b04f377b-ee80-4b38-aca1-19d266a23b17
3901938989,technical,Functional Requirements,,,unmatched,0.0,
3901938989,technical,Functional Specifications,,,unmatched,0.0,
3901938989,technical,Process Improvement,identify process improvements,,semantic,0.8211,http://data.europa.eu/esco/skill/958b8802-ec3e-4813-97f7-6c8f48610dbd
3901938989,technical,UI/UX Design,design user interface,,semantic,0.7858,http://data.europa.eu/esco/skill/fd33c66c-70c4-40e6-b87c-5495bd3bf26e
3901938989,technical,Agile,ICT project management methodologies,,alt_label,0.99,http://data.europa.eu/esco/skill/bec4359e-cb92-468f-a997-8fb28e32fba9
3901938989,technical,Microsoft Office,use microsoft office,,fuzzy_preferred,0.95,http://data.europa.eu/esco/skill/f683ae1d-cb7c-4aa1-b9fe-205e1bd23535
3901938989,technical,Microsoft Visio,Microsoft Visio,,exact,1.0,http://data.europa.eu/esco/skill/86f7126d-97fd-4da5-be96-d1cf6ecd54e6
3901938989,technical,Figma,,,unmatched,0.0,
3901938989,technical,Jira,,,unmatched,0.0,
3901938989,technical,Analytical Thinking,think analytically,,alt_label,0.99,http://data.europa.eu/esco/skill/4707da90-9cfc-46ca-8de0-38a0b7bfb137
3901938989,soft,Communication,communication,,exact,1.0,http://data.europa.eu/esco/skill/15d76317-c71a-4fa2-aadc-2ecc34e627b7
3901938989,technical,Organization,represent the organisation,,semantic,0.769,http://data.europa.eu/esco/skill/1a4fdd0e-2cbe-4b77-aa6e-e46efc181b76
3901938989,technical,Attention to Detail,attend to detail,,semantic,0.7608,http://data.europa.eu/esco/skill/83e6510b-ffeb-4aec-959c-4265fd0ff7b7
3901938989,technical,Leadership,leadership principles,,semantic,0.77,http://data.europa.eu/esco/skill/d5145a9a-602e-40bf-b3e1-f04cf9c3ef86
3901938989,technical,Consensus Building,,,unmatched,0.0,
3901938989,technical,Adaptability,,,unmatched,0.0,
3901348758,technical,Data Science,data science,,exact,1.0,http://data.europa.eu/esco/skill/edebd83d-35f6-4ed5-a940-6c203d178c01
3901348758,technical,Machine Learning,machine learning,,exact,1.0,http://data.europa.eu/esco/skill/3a2d5b45-56e4-4f5a-a55a-4a4a65afdc43
3901348758,technical,Artificial Intelligence,principles of artificial intelligence,,fuzzy_alt,0.95,http://data.europa.eu/esco/skill/e465a154-93f7-4973-9ce1-31659fe16dd2
3901348758,technical,Machine Learning Model Development,,,unmatched,0.0,
3901348758,technical,Statistical Modeling,statistical modeling techniques,,alt_label,0.99,http://data.europa.eu/esco/skill/68ef0e4d-5542-4e64-84f4-752cce5a3c22
3901348758,technical,Data Mining,data mining,,exact,1.0,http://data.europa.eu/esco/skill/25f0ea33-b4a2-4f31-b7b4-7d20e827b180
3901348758,technical,Algorithm Development,task algorithmisation,,fuzzy_alt,0.95,http://data.europa.eu/esco/skill/7482a123-e801-48de-9733-262125671410
3901348758,technical,Numerical Analysis,,,unmatched,0.0,
3901348758,technical,Operations Research,operational research,,alt_label,0.99,http://data.europa.eu/esco/skill/726abd5a-d23c-44b9-abb0-f22bbe95f1d3
3901348758,technical,Advanced Analytics,web analytics,,semantic,0.762,http://data.europa.eu/esco/skill/1605025e-a179-421f-8f35-5b07d182a6b2
3901348758,technical,Data Extraction,information extraction,,semantic,0.8387,http://data.europa.eu/esco/skill/696e3b5b-8b61-45af-ae4c-3ab700f197ec
3901348758,technical,Business Problem Solving,,,unmatched,0.0,
3901348758,technical,Predictive Analytics,develop predictive models,,semantic,0.7572,http://data.europa.eu/esco/skill/e2887d71-8ff4-4188-9926-22bdaefa7713
3901348758,technical,Python,Python,Programming Language,technology_dictionary,1.0,
3901348758,technical,SQL,SQL,Database Language,technology_dictionary,1.0,
3901348758,technical,PySpark,,,unmatched,0.0,
3901348758,soft,Communication,communication,,exact,1.0,http://data.europa.eu/esco/skill/15d76317-c71a-4fa2-aadc-2ecc34e627b7
3901348758,technical,Mentoring,mentor individuals,,semantic,0.8722,http://data.europa.eu/esco/skill/a584a638-a2c0-4b3c-bdf3-a64f87225be9
3901348758,technical,Leadership,leadership principles,,semantic,0.77,http://data.europa.eu/esco/skill/d5145a9a-602e-40bf-b3e1-f04cf9c3ef86
3901348758,technical,Collaboration,,,unmatched,0.0,
3887701756,technical,Data Engineering,data engineering,,exact,1.0,http://data.europa.eu/esco/skill/48db96bf-3314-45c6-bad8-fdb6e20e5639
3887701756,technical,Data Architecture,information architecture,,alt_label,0.99,http://data.europa.eu/esco/skill/1bba98a7-92b9-450b-9235-e0c905f8f3c4
3887701756,technical,Data Pipeline Development,analyse pipeline database information,,semantic,0.7675,http://data.europa.eu/esco/skill/484d048c-a5d1-46a5-b57f-45b69c0ac552
3887701756,technical,Data Integration,,,unmatched,0.0,
3887701756,technical,Data Ingestion,,,unmatched,0.0,
3887701756,technical,Data Modeling,data models,,fuzzy_alt,0.96,http://data.europa.eu/esco/skill/fecf8a0d-62c4-4e71-9b03-0f4fc2ad7bf5
3887701756,technical,Data Analytics,data analytics,,exact,1.0,http://data.europa.eu/esco/skill/97bd1c21-66b2-4b7e-ad0f-e3cda590e378
3887701756,technical,Data Visualization,data visualisation software,,semantic,0.8764,http://data.europa.eu/esco/skill/65e58886-bd1e-4c5b-8ca5-8d9b353c8aa1
3887701756,technical,Big Data,statistics,,alt_label,0.99,http://data.europa.eu/esco/skill/7ee4c2ea-b349-4bd2-81a3-ec31475d4833
3887701756,technical,Workflow Orchestration,,,unmatched,0.0,
3887701756,technical,Cloud Computing,cloud technologies,,alt_label,0.99,http://data.europa.eu/esco/skill/bd14968e-e409-45af-b362-3495ed7b10e0
3887701756,technical,Data Quality,data quality assessment,,semantic,0.9108,http://data.europa.eu/esco/skill/cc7370dd-69fa-4c67-a96f-d4d135d38700
3887701756,technical,Data Reliability,assess reliability of data,,fuzzy_alt,0.95,http://data.europa.eu/esco/skill/b74fd765-e1ae-4f56-a188-45cd782bca01
3887701756,technical,Data Strategy,,,unmatched,0.0,
3887701756,technical,Business Intelligence,business intelligence,,exact,1.0,http://data.europa.eu/esco/skill/143769cb-b61e-47d8-a61e-eedfbec1016c
3887701756,technical,SQL,SQL,Database Language,technology_dictionary,1.0,
3887701756,technical,Python,Python,Programming Language,technology_dictionary,1.0,
3887701756,technical,Relational Databases,database,,fuzzy_alt,0.97,http://data.europa.eu/esco/skill/43ae58b9-5e56-4524-b45a-b422777a0576
3887701756,tool,Hadoop,Apache Hadoop,Big Data,technology_dictionary,1.0,
3887701756,tool,Apache Spark,Apache Spark,Big Data,technology_dictionary,1.0,
3887701756,technical,Apache Kafka,,,unmatched,0.0,
3887701756,tool,Apache Airflow,Apache Airflow,Workflow,technology_dictionary,1.0,
3887701756,technical,dbt,dbt,Data Engineering,technology_dictionary,1.0,
3887701756,technical,Google Cloud Platform (GCP),,,unmatched,0.0,
3887701756,technical,Amazon Web Services (AWS),,,unmatched,0.0,
3887701756,technical,Analytical Thinking,think analytically,,alt_label,0.99,http://data.europa.eu/esco/skill/4707da90-9cfc-46ca-8de0-38a0b7bfb137
3887701756,soft,Communication,communication,,exact,1.0,http://data.europa.eu/esco/skill/15d76317-c71a-4fa2-aadc-2ecc34e627b7
3887701756,technical,Collaboration,,,unmatched,0.0,
3887701756,technical,Influencing,,,unmatched,0.0,
3887701756,technical,Stakeholder Management,engage with stakeholders,,semantic,0.776,http://data.europa.eu/esco/skill/99c4c69a-025c-464f-adda-874c7f107a31
3887701756,technical,Self-Motivation,motivate others,,semantic,0.7575,http://data.europa.eu/esco/skill/e2d44a9b-f28c-489e-9861-b654b5ded507
3903846145,technical,Business Analysis,business analysis,,exact,1.0,http://data.europa.eu/esco/skill/633a3637-2c6b-40ae-ac38-289eb2a62aa6
3903846145,technical,Analytical Reporting,,,unmatched,0.0,
3903846145,technical,Financial Modeling,,,unmatched,0.0,
3903846145,technical,Key Performance Indicators (KPIs),track key performance indicators,,fuzzy_preferred,0.95,http://data.europa.eu/esco/skill/8dcbcabe-09f7-4d11-940d-125af57bbc40
3903846145,technical,Asset Inventory Management,asset management,,semantic,0.8146,http://data.europa.eu/esco/skill/b02b38c4-d46d-44da-9479-1310060bd74d
3903846145,technical,Economic Assumptions,,,unmatched,0.0,
3903846145,technical,Reinvestment Strategies,,,unmatched,0.0,
3903846145,technical,Business Process Management,business processes,,semantic,0.8475,http://data.europa.eu/esco/skill/9e84a506-df06-4be3-874a-fa01293e3dd5
3903846145,technical,Project Management,project management,,exact,1.0,http://data.europa.eu/esco/skill/7111b95d-0ce3-441a-9d92-4c75d05c4388
3903846145,technical,Business Process Improvement,improve business processes,,semantic,0.8927,http://data.europa.eu/esco/skill/75b30aeb-34c0-40f4-b77d-271d75a98b14
3903846145,technical,Change Management,apply change management,,alt_label,0.99,http://data.europa.eu/esco/skill/3c03ee71-4a23-448f-b79e-81fd75d27dca
3903846145,technical,Machine Learning,machine learning,,exact,1.0,http://data.europa.eu/esco/skill/3a2d5b45-56e4-4f5a-a55a-4a4a65afdc43
3903846145,technical,Artificial Intelligence,principles of artificial intelligence,,fuzzy_alt,0.95,http://data.europa.eu/esco/skill/e465a154-93f7-4973-9ce1-31659fe16dd2
3903846145,technical,Derivatives Modeling,,,unmatched,0.0,
3903846145,technical,Liquidity Management,liquidity management,,exact,1.0,http://data.europa.eu/esco/skill/781797f4-c2c3-49a4-a80d-eb81eb4f818c
3903846145,technical,Analytical Thinking,think analytically,,alt_label,0.99,http://data.europa.eu/esco/skill/4707da90-9cfc-46ca-8de0-38a0b7bfb137
3903846145,soft,Communication,communication,,exact,1.0,http://data.europa.eu/esco/skill/15d76317-c71a-4fa2-aadc-2ecc34e627b7
3903846145,technical,Collaboration,,,unmatched,0.0,
3903846145,soft,Problem Solving,solve problems,,fuzzy_alt,0.95,http://data.europa.eu/esco/skill/adc6dc11-3376-467b-96c5-9b0a21edc869
3903846145,technical,Attention to Detail,attend to detail,,semantic,0.7608,http://data.europa.eu/esco/skill/83e6510b-ffeb-4aec-959c-4265fd0ff7b7
3903846145,technical,Process Improvement,identify process improvements,,semantic,0.8211,http://data.europa.eu/esco/skill/958b8802-ec3e-4813-97f7-6c8f48610dbd
3884441553,technical,Data Analytics,data analytics,,exact,1.0,http://data.europa.eu/esco/skill/97bd1c21-66b2-4b7e-ad0f-e3cda590e378
3884441553,technical,Data Analysis,statistics,,alt_label,0.99,http://data.europa.eu/esco/skill/7ee4c2ea-b349-4bd2-81a3-ec31475d4833
3884441553,technical,Reporting,,,unmatched,0.0,
3884441553,technical,Dashboard Development,,,unmatched,0.0,
3884441553,technical,Data Standardization,,,unmatched,0.0,
3884441553,technical,Data Normalization,normalise data,,semantic,0.91,http://data.europa.eu/esco/skill/07889c08-7220-47c8-96f7-6068fbea00dc
3884441553,technical,Report Automation,,,unmatched,0.0,
3884441553,technical,Reporting Automation,develop reporting software,,semantic,0.7531,http://data.europa.eu/esco/skill/9d2f77af-4307-4ac5-bc50-a9980cec7e83
3884441553,technical,Reporting Process Development,develop reporting software,,semantic,0.815,http://data.europa.eu/esco/skill/9d2f77af-4307-4ac5-bc50-a9980cec7e83
3884441553,technical,Data Validation,,,unmatched,0.0,
3884441553,technical,Trend Analysis,,,unmatched,0.0,
3884441553,technical,Project Management,project management,,exact,1.0,http://data.europa.eu/esco/skill/7111b95d-0ce3-441a-9d92-4c75d05c4388
3884441553,tool,Microsoft Excel,Microsoft Excel,Spreadsheet,technology_dictionary,1.0,
3884441553,technical,Pivot Tables,,,unmatched,0.0,
3884441553,technical,VLOOKUP,,,unmatched,0.0,
3884441553,technical,XLOOKUP,,,unmatched,0.0,
3884441553,technical,Microsoft Office,use microsoft office,,fuzzy_preferred,0.95,http://data.europa.eu/esco/skill/f683ae1d-cb7c-4aa1-b9fe-205e1bd23535
3884441553,technical,Attention to Detail,attend to detail,,semantic,0.7608,http://data.europa.eu/esco/skill/83e6510b-ffeb-4aec-959c-4265fd0ff7b7
3884441553,technical,Project Management,project management,,exact,1.0,http://data.europa.eu/esco/skill/7111b95d-0ce3-441a-9d92-4c75d05c4388
3884441553,technical,Time Management,manage time,,semantic,0.8936,http://data.europa.eu/esco/skill/d9013e0e-e937-43d5-ab71-0e917ee882b8
3884441553,technical,Prioritization,,,unmatched,0.0,
3884441553,soft,Communication,communication,,exact,1.0,http://data.europa.eu/esco/skill/15d76317-c71a-4fa2-aadc-2ecc34e627b7
3884441553,technical,Leadership,leadership principles,,semantic,0.77,http://data.europa.eu/esco/skill/d5145a9a-602e-40bf-b3e1-f04cf9c3ef86
3884441553,technical,Presentation Skills,,,unmatched,0.0,
3884441553,technical,Independent Working,work independently,,fuzzy_alt,0.95,http://data.europa.eu/esco/skill/c29aa9d2-4da8-4bdd-831c-8d4a2fb51730
3905391652,technical,SQL,SQL,Database Language,technology_dictionary,1.0,
3905391652,technical,ETL,,,unmatched,0.0,
3905391652,technical,Data Extraction,information extraction,,semantic,0.8387,http://data.europa.eu/esco/skill/696e3b5b-8b61-45af-ae4c-3ab700f197ec
3905391652,technical,Data Transformation,,,unmatched,0.0,
3905391652,technical,Data Loading,,,unmatched,0.0,
3905391652,technical,Business Intelligence,business intelligence,,exact,1.0,http://data.europa.eu/esco/skill/143769cb-b61e-47d8-a61e-eedfbec1016c
3905391652,technical,Data Analysis,statistics,,alt_label,0.99,http://data.europa.eu/esco/skill/7ee4c2ea-b349-4bd2-81a3-ec31475d4833
3905391652,technical,Dashboard Development,,,unmatched,0.0,
3905391652,technical,Data Visualization,data visualisation software,,semantic,0.8764,http://data.europa.eu/esco/skill/65e58886-bd1e-4c5b-8ca5-8d9b353c8aa1
3905391652,technical,Report Development,develop reporting software,,semantic,0.8381,http://data.europa.eu/esco/skill/9d2f77af-4307-4ac5-bc50-a9980cec7e83
3905391652,technical,Data Pipeline Optimization,,,unmatched,0.0,
3905391652,technical,Task Automation,,,unmatched,0.0,
3905391652,technical,Programming,web programming,,fuzzy_preferred,0.95,http://data.europa.eu/esco/skill/69bbd53f-fbb0-4476-b4b2-ef7844464e28
3905391652,tool,Tableau,Tableau,BI Tool,technology_dictionary,1.0,
3905391652,technical,Looker,,,unmatched,0.0,
3905391652,tool,Power BI,Power BI,BI Tool,technology_dictionary,1.0,
3905391652,technical,Python,Python,Programming Language,technology_dictionary,1.0,
3905391652,technical,Critical Thinking,think critically,,fuzzy_alt,0.95,http://data.europa.eu/esco/skill/7dd94ad3-13d6-43fe-8b94-51fcbf67ced9
3905391652,soft,Communication,communication,,exact,1.0,http://data.europa.eu/esco/skill/15d76317-c71a-4fa2-aadc-2ecc34e627b7
3905391652,technical,Written Communication,discern written communication,,fuzzy_preferred,0.95,http://data.europa.eu/esco/skill/0e161427-3369-47c0-8669-9e226207f6d0
3905391652,soft,Verbal Communication,communication,,semantic,0.7904,http://data.europa.eu/esco/skill/15d76317-c71a-4fa2-aadc-2ecc34e627b7
3905391652,technical,Attention to Detail,attend to detail,,semantic,0.7608,http://data.europa.eu/esco/skill/83e6510b-ffeb-4aec-959c-4265fd0ff7b7
3905391652,technical,Collaboration,,,unmatched,0.0,
3905391652,technical,Stakeholder Management,engage with stakeholders,,semantic,0.776,http://data.europa.eu/esco/skill/99c4c69a-025c-464f-adda-874c7f107a31
3905391652,soft,Problem-Solving,solve problems,,fuzzy_alt,0.95,http://data.europa.eu/esco/skill/adc6dc11-3376-467b-96c5-9b0a21edc869
3905391652,technical,Professionalism,,,unmatched,0.0,
3906230754,technical,Data Analysis,statistics,,alt_label,0.99,http://data.europa.eu/esco/skill/7ee4c2ea-b349-4bd2-81a3-ec31475d4833
3906230754,technical,Business Intelligence,business intelligence,,exact,1.0,http://data.europa.eu/esco/skill/143769cb-b61e-47d8-a61e-eedfbec1016c
3906230754,technical,Data Analytics,data analytics,,exact,1.0,http://data.europa.eu/esco/skill/97bd1c21-66b2-4b7e-ad0f-e3cda590e378
3906230754,technical,Data Standards,manage standards for data exchange,,semantic,0.7617,http://data.europa.eu/esco/skill/cb5cccc9-abe4-4b11-abe6-d27e5cd85fb1
3906230754,technical,Data Governance,,,unmatched,0.0,
3906230754,technical,Data Integrity,,,unmatched,0.0,
3906230754,technical,Data Quality,data quality assessment,,semantic,0.9108,http://data.europa.eu/esco/skill/cc7370dd-69fa-4c67-a96f-d4d135d38700
3906230754,technical,Data Quality Assurance,data quality assessment,,semantic,0.8837,http://data.europa.eu/esco/skill/cc7370dd-69fa-4c67-a96f-d4d135d38700
3906230754,technical,Data Validation,,,unmatched,0.0,
3906230754,technical,Data Cleansing,perform data cleansing,,semantic,0.9718,http://data.europa.eu/esco/skill/50b100ea-74fd-4706-99db-3e4ca55e51b8
3906230754,technical,Database Management,database management systems,,fuzzy_preferred,0.95,http://data.europa.eu/esco/skill/ab1e97ed-2319-4293-a8b7-072d2648822f
3906230754,technical,Data Storage,data storage,,exact,1.0,http://data.europa.eu/esco/skill/a7f0fbe0-c546-4f30-8e41-34a58c64567e
3906230754,technical,Data Retrieval,,,unmatched,0.0,
3906230754,technical,Data Security,apply information security policies,,alt_label,0.99,http://data.europa.eu/esco/skill/86d2e2ea-1ba2-4aa6-b465-8a1f9abc81b8
3906230754,technical,Data Extraction,information extraction,,semantic,0.8387,http://data.europa.eu/esco/skill/696e3b5b-8b61-45af-ae4c-3ab700f197ec
3906230754,technical,Data Synthesis,,,unmatched,0.0,
3906230754,technical,Data Mining,data mining,,exact,1.0,http://data.europa.eu/esco/skill/25f0ea33-b4a2-4f31-b7b4-7d20e827b180
3906230754,technical,Data Visualization,data visualisation software,,semantic,0.8764,http://data.europa.eu/esco/skill/65e58886-bd1e-4c5b-8ca5-8d9b353c8aa1
3906230754,technical,Dashboard Development,,,unmatched,0.0,
3906230754,technical,Report Development,develop reporting software,,semantic,0.8381,http://data.europa.eu/esco/skill/9d2f77af-4307-4ac5-bc50-a9980cec7e83
3906230754,technical,Automation,automation technology,,semantic,0.8913,http://data.europa.eu/esco/skill/f4a6e9f7-5cff-46c0-894c-59c20bb78694
3906230754,technical,Workflow Automation,,,unmatched,0.0,
3906230754,technical,Forecasting,financial forecasting,,semantic,0.8026,http://data.europa.eu/esco/skill/4b2db903-cd8e-48ce-97fb-a92db4def54e
3906230754,technical,Predictive Analytics,develop predictive models,,semantic,0.7572,http://data.europa.eu/esco/skill/e2887d71-8ff4-4188-9926-22bdaefa7713
3906230754,technical,Machine Learning,machine learning,,exact,1.0,http://data.europa.eu/esco/skill/3a2d5b45-56e4-4f5a-a55a-4a4a65afdc43
3906230754,technical,Statistical Analysis,statistics,,alt_label,0.99,http://data.europa.eu/esco/skill/7ee4c2ea-b349-4bd2-81a3-ec31475d4833
3906230754,technical,Hypothesis Testing,,,unmatched,0.0,
3906230754,technical,Regression Analysis,,,unmatched,0.0,
3906230754,technical,Probability Distributions,,,unmatched,0.0,
3906230754,technical,Trend Analysis,,,unmatched,0.0,
3906230754,technical,Python,Python,Programming Language,technology_dictionary,1.0,
3906230754,technical,R,R,Programming Language,technology_dictionary,1.0,
3906230754,technical,SQL,SQL,Database Language,technology_dictionary,1.0,
3906230754,tool,Tableau,Tableau,BI Tool,technology_dictionary,1.0,
3906230754,tool,Power BI,Power BI,BI Tool,technology_dictionary,1.0,
3906230754,technical,QlikView,QlikView Expressor,,semantic,0.7988,http://data.europa.eu/esco/skill/97bdd757-29d4-4126-92a6-07608825aa3b
3906230754,tool,SPSS,SPSS,Analytics,technology_dictionary,1.0,
3906230754,tool,SAS,SAS,Analytics,technology_dictionary,1.0,
3906230754,technical,Stata,,,unmatched,0.0,
3906230754,tool,Microsoft Excel,Microsoft Excel,Spreadsheet,technology_dictionary,1.0,
3906230754,technical,Google Sheets,use spreadsheets software,,alt_label,0.99,http://data.europa.eu/esco/skill/1973c966-f236-40c9-b2d4-5d71a89019be
3906230754,technical,MATLAB,MATLAB,,exact,1.0,http://data.europa.eu/esco/skill/c3a03c5a-c260-4c26-9b9a-873abb396f4d
3906230754,technical,Collaboration,,,unmatched,0.0,
3906230754,soft,Communication,communication,,exact,1.0,http://data.europa.eu/esco/skill/15d76317-c71a-4fa2-aadc-2ecc34e627b7
3906230754,soft,Problem-Solving,solve problems,,fuzzy_alt,0.95,http://data.europa.eu/esco/skill/adc6dc11-3376-467b-96c5-9b0a21edc869
3906230754,technical,Leadership,leadership principles,,semantic,0.77,http://data.europa.eu/esco/skill/d5145a9a-602e-40bf-b3e1-f04cf9c3ef86
3906230754,technical,Stakeholder Management,engage with stakeholders,,semantic,0.776,http://data.europa.eu/esco/skill/99c4c69a-025c-464f-adda-874c7f107a31
3906230754,technical,Project Management,project management,,exact,1.0,http://data.europa.eu/esco/skill/7111b95d-0ce3-441a-9d92-4c75d05c4388
3906230754,technical,Analytical Thinking,think analytically,,alt_label,0.99,http://data.europa.eu/esco/skill/4707da90-9cfc-46ca-8de0-38a0b7bfb137
3906230754,technical,Attention to Detail,attend to detail,,semantic,0.7608,http://data.europa.eu/esco/skill/83e6510b-ffeb-4aec-959c-4265fd0ff7b7
3906230754,technical,Quality Assurance,liaise with quality assurance,,fuzzy_alt,0.95,http://data.europa.eu/esco/skill/99ca6ed2-b6b8-4eb0-8180-92e750e546be
3906230754,technical,Documentation,documentation types,,fuzzy_preferred,0.95,http://data.europa.eu/esco/skill/327d15c8-29ff-4ad4-a4fe-6536d777a45f
3906230754,technical,Knowledge Sharing,,,unmatched,0.0,
3906230754,technical,Continuous Learning,,,unmatched,0.0,
3906230754,technical,Decision-Making,make decisions,,semantic,0.8593,http://data.europa.eu/esco/skill/d62d2b4c-a6f8-439e-8a1b-4f29ab5f2c47
3906230754,technical,Troubleshooting,troubleshoot,,alt_label,0.99,http://data.europa.eu/esco/skill/334e3e49-fb02-4051-809a-f06adfdc1c40
3902352279,technical,Business Analysis,business analysis,,exact,1.0,http://data.europa.eu/esco/skill/633a3637-2c6b-40ae-ac38-289eb2a62aa6
3902352279,technical,Data Analysis,statistics,,alt_label,0.99,http://data.europa.eu/esco/skill/7ee4c2ea-b349-4bd2-81a3-ec31475d4833
3902352279,technical,Business Metrics,,,unmatched,0.0,
3902352279,technical,Requirements Analysis,analyse business requirements,,fuzzy_alt,0.95,http://data.europa.eu/esco/skill/b04f377b-ee80-4b38-aca1-19d266a23b17
3902352279,technical,User Requirements,,,unmatched,0.0,
3902352279,technical,Enterprise Web Application Design,,,unmatched,0.0,
3902352279,technical,Software Solution Evaluation,,,unmatched,0.0,
3902352279,technical,System Design,system design,,exact,1.0,http://data.europa.eu/esco/skill/fae27053-8924-4bfd-b565-c9fe502044c9
3902352279,technical,Project Management Methodologies,ICT project management methodologies,,fuzzy_preferred,0.95,http://data.europa.eu/esco/skill/bec4359e-cb92-468f-a997-8fb28e32fba9
3902352279,technical,UML,unified modelling language,,alt_label,0.99,http://data.europa.eu/esco/skill/7193cb6d-8334-494f-86e5-21e6d03a47c3
3902352279,technical,Design Patterns,use software design patterns,,semantic,0.8448,http://data.europa.eu/esco/skill/2b7a79e5-84d8-4880-be66-3d9bb05bea17
3902352279,technical,XML,,,unmatched,0.0,
3902352279,tool,Microsoft Azure,Microsoft Azure,Cloud,technology_dictionary,1.0,
3902352279,technical,Azure DevOps,,,unmatched,0.0,
3902352279,technical,Angular,Angular,,exact,1.0,http://data.europa.eu/esco/skill/1ffac4ac-fda7-407d-8ed1-ca8f4a8dc146
3902352279,technical,.NET,Visual Basic,,alt_label,0.99,http://data.europa.eu/esco/skill/13bdd41a-2a18-441f-96db-41252c519413
3902352279,technical,.NET Core,,,unmatched,0.0,
3902352279,technical,C#,C#,,exact,1.0,http://data.europa.eu/esco/skill/4c016b68-4116-468c-9dc6-42710c239e4a
3902352279,technical,TypeScript,TypeScript,,exact,1.0,http://data.europa.eu/esco/skill/867137fb-ff1b-4ca3-99f3-cb6969aa2c68
3902352279,technical,SQL,SQL,Database Language,technology_dictionary,1.0,
3902352279,technical,NoSQL,NoSQL,Database,technology_dictionary,1.0,
3902352279,technical,JSON,,,unmatched,0.0,
3902352279,technical,JSONB,,,unmatched,0.0,
3902352279,technical,Microsoft Office Suite,use microsoft office,,semantic,0.8468,http://data.europa.eu/esco/skill/f683ae1d-cb7c-4aa1-b9fe-205e1bd23535
3902352279,technical,Figma,,,unmatched,0.0,
3902352279,technical,Flow Charting Software,,,unmatched,0.0,
3902352279,soft,Communication,communication,,exact,1.0,http://data.europa.eu/esco/skill/15d76317-c71a-4fa2-aadc-2ecc34e627b7
3902352279,technical,Critical Thinking,think critically,,fuzzy_alt,0.95,http://data.europa.eu/esco/skill/7dd94ad3-13d6-43fe-8b94-51fcbf67ced9
3902352279,technical,Analytical Thinking,think analytically,,alt_label,0.99,http://data.europa.eu/esco/skill/4707da90-9cfc-46ca-8de0-38a0b7bfb137
3902352279,technical,Information Organization,,,unmatched,0.0,
3902352279,technical,Facilitation,,,unmatched,0.0,
3902352279,technical,Stakeholder Management,engage with stakeholders,,semantic,0.776,http://data.europa.eu/esco/skill/99c4c69a-025c-464f-adda-874c7f107a31
3902352279,technical,Requirements Gathering,interact with users to gather requirements,,semantic,0.7574,http://data.europa.eu/esco/skill/a8797f21-1af0-4c5e-98ca-bf1442929363
3902352279,technical,Research,,,unmatched,0.0,
3902352279,technical,Planning,urban planning,,semantic,0.7856,http://data.europa.eu/esco/skill/7f18039d-dfae-471b-9daa-507f6b2d2842
3902352279,soft,Problem-Solving,solve problems,,fuzzy_alt,0.95,http://data.europa.eu/esco/skill/adc6dc11-3376-467b-96c5-9b0a21edc869
3901987303,technical,Business Systems Analysis,business analysis,,fuzzy_preferred,0.95,http://data.europa.eu/esco/skill/633a3637-2c6b-40ae-ac38-289eb2a62aa6
3901987303,technical,Business Analysis,business analysis,,exact,1.0,http://data.europa.eu/esco/skill/633a3637-2c6b-40ae-ac38-289eb2a62aa6
3901987303,technical,Requirements Gathering,interact with users to gather requirements,,semantic,0.7574,http://data.europa.eu/esco/skill/a8797f21-1af0-4c5e-98ca-bf1442929363
3901987303,technical,Requirements Analysis,analyse business requirements,,fuzzy_alt,0.95,http://data.europa.eu/esco/skill/b04f377b-ee80-4b38-aca1-19d266a23b17
3901987303,technical,Requirements Documentation,,,unmatched,0.0,
3901987303,technical,Design Specifications,draft design specifications,,fuzzy_preferred,0.95,http://data.europa.eu/esco/skill/a8d41cca-3bc9-4d2a-ae09-436dabe86e21
3901987303,technical,System Development Life Cycle (SDLC),systems development life-cycle,,fuzzy_preferred,0.95,http://data.europa.eu/esco/skill/09f2f811-a3fb-4de3-a70f-6420a6935575
3901987303,technical,Requirements Engineering,,,unmatched,0.0,
3901987303,technical,Business Requirements,analyse business requirements,,fuzzy_preferred,0.95,http://data.europa.eu/esco/skill/b04f377b-ee80-4b38-aca1-19d266a23b17
3901987303,technical,User Requirements,,,unmatched,0.0,
3901987303,technical,Functional Requirements,,,unmatched,0.0,
3901987303,technical,Non-Functional Requirements,,,unmatched,0.0,
3901987303,technical,Waterfall,Waterfall development,,semantic,0.8201,http://data.europa.eu/esco/skill/6a876489-7ad8-4a13-b09c-c9b8e97a302e
3901987303,technical,Agile,ICT project management methodologies,,alt_label,0.99,http://data.europa.eu/esco/skill/bec4359e-cb92-468f-a997-8fb28e32fba9
3901987303,technical,Spiral,,,unmatched,0.0,
3901987303,technical,JAD Sessions,,,unmatched,0.0,
3901987303,technical,Business Systems,business ICT systems,,fuzzy_preferred,0.95,http://data.europa.eu/esco/skill/ccdbd9bb-4faf-403c-a968-e8bf487f8a53
3901987303,technical,Relational Databases,database,,fuzzy_alt,0.97,http://data.europa.eu/esco/skill/43ae58b9-5e56-4524-b45a-b422777a0576
3901987303,technical,Regulatory Compliance,comply with regulations,,semantic,0.8087,http://data.europa.eu/esco/skill/b618584f-6bdf-4d8f-89a7-f28c2c95afc2
3901987303,technical,Standard Operating Procedures (SOPs),adhere to Standard Operating Procedures,,fuzzy_preferred,0.95,http://data.europa.eu/esco/skill/6d7e3b0c-3995-4953-816d-cf3c5e9ffe34
3901987303,technical,Microsoft Office,use microsoft office,,fuzzy_preferred,0.95,http://data.europa.eu/esco/skill/f683ae1d-cb7c-4aa1-b9fe-205e1bd23535
3901987303,soft,Communication,communication,,exact,1.0,http://data.europa.eu/esco/skill/15d76317-c71a-4fa2-aadc-2ecc34e627b7
3901987303,technical,Interpersonal Skills,,,unmatched,0.0,
3901987303,soft,Problem-Solving,solve problems,,fuzzy_alt,0.95,http://data.europa.eu/esco/skill/adc6dc11-3376-467b-96c5-9b0a21edc869
3901987303,technical,Analytical Thinking,think analytically,,alt_label,0.99,http://data.europa.eu/esco/skill/4707da90-9cfc-46ca-8de0-38a0b7bfb137
3901987303,technical,Planning,urban planning,,semantic,0.7856,http://data.europa.eu/esco/skill/7f18039d-dfae-471b-9daa-507f6b2d2842
3901987303,technical,Organizational Skills,,,unmatched,0.0,
3901987303,technical,Documentation,documentation types,,fuzzy_preferred,0.95,http://data.europa.eu/esco/skill/327d15c8-29ff-4ad4-a4fe-6536d777a45f
3901987303,technical,Presentation Skills,,,unmatched,0.0,
3901987303,technical,Research,,,unmatched,0.0,
3901987303,technical,Collaboration,,,unmatched,0.0,
3901987303,technical,Knowledge Sharing,,,unmatched,0.0,
3901987303,technical,Continuous Learning,,,unmatched,0.0,
3901987303,technical,Training,,,unmatched,0.0,
3894286618,technical,Data Science,data science,,exact,1.0,http://data.europa.eu/esco/skill/edebd83d-35f6-4ed5-a940-6c203d178c01
3894286618,technical,Data Analytics,data analytics,,exact,1.0,http://data.europa.eu/esco/skill/97bd1c21-66b2-4b7e-ad0f-e3cda590e378
3894286618,technical,Large-Scale Data Analysis,,,unmatched,0.0,
3894286618,technical,Machine Learning,machine learning,,exact,1.0,http://data.europa.eu/esco/skill/3a2d5b45-56e4-4f5a-a55a-4a4a65afdc43
3894286618,technical,Deep Learning,deep learning,,exact,1.0,http://data.europa.eu/esco/skill/ecc4552a-92c5-4222-b18d-faf5ac841080
3894286618,technical,Natural Language Processing,natural language processing,,exact,1.0,http://data.europa.eu/esco/skill/fff0e2cd-d0bd-4b02-9daf-158b79d9688a
3894286618,technical,Recommendation Systems,build recommender systems,,fuzzy_alt,0.95,http://data.europa.eu/esco/skill/505e4ef3-7ce4-437d-b7b4-5c608f71c258
3894286618,technical,Personalization,,,unmatched,0.0,
3894286618,technical,Artificial Intelligence,principles of artificial intelligence,,fuzzy_alt,0.95,http://data.europa.eu/esco/skill/e465a154-93f7-4973-9ce1-31659fe16dd2
3894286618,technical,Model Development,create model,,semantic,0.7853,http://data.europa.eu/esco/skill/02e22093-3436-46a8-8dc5-b041bc4800cc
3894286618,technical,Model Training,,,unmatched,0.0,
3894286618,technical,Model Evaluation,,,unmatched,0.0,
3894286618,technical,Model Validation,,,unmatched,0.0,
3894286618,technical,Model Implementation,,,unmatched,0.0,
3894286618,technical,Machine Learning Frameworks,,,unmatched,0.0,
3894286618,technical,Relational Databases,database,,fuzzy_alt,0.97,http://data.europa.eu/esco/skill/43ae58b9-5e56-4524-b45a-b422777a0576
3894286618,technical,Open Source Programming,operate open source software,,semantic,0.8066,http://data.europa.eu/esco/skill/2b34764d-637c-48f5-aa70-31e15c965db6
3894286618,technical,Python,Python,Programming Language,technology_dictionary,1.0,
3894286618,technical,Scala,Scala,,exact,1.0,http://data.europa.eu/esco/skill/ffddfc7c-a9dd-449f-9e96-882dc447c8b6
3894286618,technical,R,R,Programming Language,technology_dictionary,1.0,
3894286618,technical,SQL,SQL,Database Language,technology_dictionary,1.0,
3894286618,tool,AWS,Amazon Web Services,Cloud,technology_dictionary,1.0,
3894286618,tool,PyTorch,PyTorch,Machine Learning,technology_dictionary,1.0,
3894286618,technical,Keras,computer vision,,alt_label,0.99,http://data.europa.eu/esco/skill/7b0d5000-00da-4864-b776-6de49a87a669
3894286618,tool,TensorFlow,TensorFlow,Machine Learning,technology_dictionary,1.0,
3894286618,technical,Scikit-learn,,,unmatched,0.0,
3894286618,technical,Transformers,electrical machines,,alt_label,0.99,http://data.europa.eu/esco/skill/f0ab5d57-4be7-411b-afce-b4a76a142302
3894286618,technical,Interpersonal Skills,,,unmatched,0.0,
3894286618,soft,Communication,communication,,exact,1.0,http://data.europa.eu/esco/skill/15d76317-c71a-4fa2-aadc-2ecc34e627b7
3894286618,technical,Collaboration,,,unmatched,0.0,
3894286618,technical,Leadership,leadership principles,,semantic,0.77,http://data.europa.eu/esco/skill/d5145a9a-602e-40bf-b3e1-f04cf9c3ef86
3894286618,technical,Talent Development,talent management strategies,,semantic,0.7593,http://data.europa.eu/esco/skill/f206e732-110c-47ce-a53f-f00c9d97c90d
3894286618,technical,Innovation,innovation processes,,semantic,0.7867,http://data.europa.eu/esco/skill/2fb8480e-de3c-462b-b169-e8bbb344da68
3894286618,technical,Creativity,stimulate creative processes,,semantic,0.7752,http://data.europa.eu/esco/skill/d97c894e-d330-4bd3-b8ba-138fc11855ee
3894286618,technical,Critical Thinking,think critically,,fuzzy_alt,0.95,http://data.europa.eu/esco/skill/7dd94ad3-13d6-43fe-8b94-51fcbf67ced9
3894286618,soft,Problem-Solving,solve problems,,fuzzy_alt,0.95,http://data.europa.eu/esco/skill/adc6dc11-3376-467b-96c5-9b0a21edc869
3894286618,technical,Customer Focus,,,unmatched,0.0,
3905306415,technical,Data Analysis,statistics,,alt_label,0.99,http://data.europa.eu/esco/skill/7ee4c2ea-b349-4bd2-81a3-ec31475d4833
3905306415,technical,Data Management,SAS Data Management,,fuzzy_preferred,0.95,http://data.europa.eu/esco/skill/e5a6e1e0-1b07-4432-83ba-77d593b2cb47
3905306415,technical,Data Remediation,,,unmatched,0.0,
3905306415,technical,Data Pipelines,analyse pipeline database information,,semantic,0.7887,http://data.europa.eu/esco/skill/484d048c-a5d1-46a5-b57f-45b69c0ac552
3905306415,technical,Business Analytics,business analysis,,exact,1.0,http://data.europa.eu/esco/skill/633a3637-2c6b-40ae-ac38-289eb2a62aa6
3905306415,technical,Reporting,,,unmatched,0.0,
3905306415,technical,Workflow Automation,,,unmatched,0.0,
3905306415,technical,Project Management,project management,,exact,1.0,http://data.europa.eu/esco/skill/7111b95d-0ce3-441a-9d92-4c75d05c4388
3905306415,technical,Process Improvement,identify process improvements,,semantic,0.8211,http://data.europa.eu/esco/skill/958b8802-ec3e-4813-97f7-6c8f48610dbd
3905306415,technical,Risk Management,risk management,,exact,1.0,http://data.europa.eu/esco/skill/6eff134b-e34f-4d6e-a6e8-5e47cf2228d0
3905306415,technical,Risk Assessment,risk management,,alt_label,0.99,http://data.europa.eu/esco/skill/6eff134b-e34f-4d6e-a6e8-5e47cf2228d0
3905306415,technical,Risk Control,risk management,,semantic,0.8655,http://data.europa.eu/esco/skill/6eff134b-e34f-4d6e-a6e8-5e47cf2228d0
3905306415,technical,Governance,good governance,,semantic,0.8733,http://data.europa.eu/esco/skill/626326d5-1cee-4729-9381-3debc87ddac4
3905306415,technical,Regulatory Compliance,comply with regulations,,semantic,0.8087,http://data.europa.eu/esco/skill/b618584f-6bdf-4d8f-89a7-f28c2c95afc2
3905306415,technical,Root Cause Analysis,root cause analysis,,exact,1.0,http://data.europa.eu/esco/skill/55514865-3066-4abd-86a9-dbe45a440882
3905306415,technical,Issue Management,,,unmatched,0.0,
3905306415,technical,SQL,SQL,Database Language,technology_dictionary,1.0,
3905306415,technical,Relational Database Management Systems,database management systems,,fuzzy_preferred,0.95,http://data.europa.eu/esco/skill/ab1e97ed-2319-4293-a8b7-072d2648822f
3905306415,technical,Visual Basic for Applications (VBA),Visual Basic,,semantic,0.9319,http://data.europa.eu/esco/skill/13bdd41a-2a18-441f-96db-41252c519413
3905306415,technical,KNIME,,,unmatched,0.0,
3905306415,technical,SharePoint,,,unmatched,0.0,
3905306415,technical,Microsoft Office,use microsoft office,,fuzzy_preferred,0.95,http://data.europa.eu/esco/skill/f683ae1d-cb7c-4aa1-b9fe-205e1bd23535
3905306415,tool,Microsoft Excel,Microsoft Excel,Spreadsheet,technology_dictionary,1.0,
3905306415,technical,Microsoft Access,Microsoft Access,,exact,1.0,http://data.europa.eu/esco/skill/3d03c40c-1b83-4793-8902-2523f40af59e
3905306415,technical,Lynx UI,,,unmatched,0.0,
3905306415,technical,Optima Cognos Reporting Tool,,,unmatched,0.0,
3905306415,soft,Communication,communication,,exact,1.0,http://data.europa.eu/esco/skill/15d76317-c71a-4fa2-aadc-2ecc34e627b7
3905306415,technical,Collaboration,,,unmatched,0.0,
3905306415,technical,Stakeholder Management,engage with stakeholders,,semantic,0.776,http://data.europa.eu/esco/skill/99c4c69a-025c-464f-adda-874c7f107a31
3905306415,technical,Relationship Building,,,unmatched,0.0,
3905306415,technical,Project Coordination,coordinate oil well operations,,fuzzy_alt,0.95,http://data.europa.eu/esco/skill/33143a44-1e80-407f-ad43-5b0032a30ecc
3905306415,soft,Problem-Solving,solve problems,,fuzzy_alt,0.95,http://data.europa.eu/esco/skill/adc6dc11-3376-467b-96c5-9b0a21edc869
3905306415,technical,Analytical Thinking,think analytically,,alt_label,0.99,http://data.europa.eu/esco/skill/4707da90-9cfc-46ca-8de0-38a0b7bfb137
3905306415,technical,Decision-Making,make decisions,,semantic,0.8593,http://data.europa.eu/esco/skill/d62d2b4c-a6f8-439e-8a1b-4f29ab5f2c47
3905306415,technical,Process Improvement,identify process improvements,,semantic,0.8211,http://data.europa.eu/esco/skill/958b8802-ec3e-4813-97f7-6c8f48610dbd
3905306415,technical,Risk Awareness,demonstrate awareness of health risks,,semantic,0.7594,http://data.europa.eu/esco/skill/c4180af3-befd-4bd8-9a65-6a496f9d9f15
3905306415,technical,Accountability,accept own accountability,,semantic,0.8371,http://data.europa.eu/esco/skill/f90d4810-8bac-4e5e-b870-3e35a4138ff7
3905306415,technical,Time Management,manage time,,semantic,0.8936,http://data.europa.eu/esco/skill/d9013e0e-e937-43d5-ab71-0e917ee882b8
3905306415,technical,Organization,represent the organisation,,semantic,0.769,http://data.europa.eu/esco/skill/1a4fdd0e-2cbe-4b77-aa6e-e46efc181b76
3905306415,technical,Proactiveness,,,unmatched,0.0,
3905306415,technical,Independence,,,unmatched,0.0,
3905306415,technical,Ethical Judgment,,,unmatched,0.0,
3905338394,technical,Data Engineering,data engineering,,exact,1.0,http://data.europa.eu/esco/skill/48db96bf-3314-45c6-bad8-fdb6e20e5639
3905338394,technical,Software Engineering,computer engineering,,semantic,0.7917,http://data.europa.eu/esco/skill/89f6560b-2194-45c9-9ece-d33049a73eef
3905338394,technical,Analytics Infrastructure,,,unmatched,0.0,
3905338394,technical,Machine Learning,machine learning,,exact,1.0,http://data.europa.eu/esco/skill/3a2d5b45-56e4-4f5a-a55a-4a4a65afdc43
3905338394,technical,Artificial Intelligence,principles of artificial intelligence,,fuzzy_alt,0.95,http://data.europa.eu/esco/skill/e465a154-93f7-4973-9ce1-31659fe16dd2
3905338394,technical,Data Platforms,,,unmatched,0.0,
3905338394,technical,Data Pipelines,analyse pipeline database information,,semantic,0.7887,http://data.europa.eu/esco/skill/484d048c-a5d1-46a5-b57f-45b69c0ac552
3905338394,technical,Big Data,statistics,,alt_label,0.99,http://data.europa.eu/esco/skill/7ee4c2ea-b349-4bd2-81a3-ec31475d4833
3905338394,technical,Data Modeling,data models,,fuzzy_alt,0.96,http://data.europa.eu/esco/skill/fecf8a0d-62c4-4e71-9b03-0f4fc2ad7bf5
3905338394,technical,Dimensional Data Modeling,,,unmatched,0.0,
3905338394,technical,Schema Design,,,unmatched,0.0,
3905338394,technical,Data Warehousing,implement data warehousing techniques,,semantic,0.9247,http://data.europa.eu/esco/skill/fd6d2981-3d4a-4ce2-9741-cfc98c5b74bd
3905338394,technical,Database Management,database management systems,,fuzzy_preferred,0.95,http://data.europa.eu/esco/skill/ab1e97ed-2319-4293-a8b7-072d2648822f
3905338394,technical,Query Optimization,,,unmatched,0.0,
3905338394,technical,ETL,,,unmatched,0.0,
3905338394,technical,Cloud Data Architecture,information architecture,,fuzzy_alt,0.95,http://data.europa.eu/esco/skill/1bba98a7-92b9-450b-9235-e0c905f8f3c4
3905338394,technical,Automation,automation technology,,semantic,0.8913,http://data.europa.eu/esco/skill/f4a6e9f7-5cff-46c0-894c-59c20bb78694
3905338394,technical,Instrumentation,instrumentation engineering,,semantic,0.8788,http://data.europa.eu/esco/skill/b7b381f5-7de2-4f91-9a8f-524041cb47d9
3905338394,technical,Python,Python,Programming Language,technology_dictionary,1.0,
3905338394,tool,Apache Spark,Apache Spark,Big Data,technology_dictionary,1.0,
3905338394,technical,Presto,,,unmatched,0.0,
3905338394,technical,HDFS,,,unmatched,0.0,
3905338394,technical,Apache Kafka,,,unmatched,0.0,
3905338394,technical,Apache Druid,,,unmatched,0.0,
3905338394,technical,Redshift,,,unmatched,0.0,
3905338394,tool,MySQL,MySQL,Database,technology_dictionary,1.0,
3905338394,technical,MongoDB,,,unmatched,0.0,
3905338394,tool,Airflow,Apache Airflow,Workflow,technology_dictionary,1.0,
3905338394,technical,AWS EC2,,,unmatched,0.0,
3905338394,technical,Amazon EMR,,,unmatched,0.0,
3905338394,technical,AWS Glue,,,unmatched,0.0,
3905338394,technical,Amazon S3,,,unmatched,0.0,
3905338394,technical,Cross-Functional Collaboration,,,unmatched,0.0,
3905338394,technical,Interpersonal Skills,,,unmatched,0.0,
3905338394,soft,Communication,communication,,exact,1.0,http://data.europa.eu/esco/skill/15d76317-c71a-4fa2-aadc-2ecc34e627b7
3905338394,technical,Attention to Detail,attend to detail,,semantic,0.7608,http://data.europa.eu/esco/skill/83e6510b-ffeb-4aec-959c-4265fd0ff7b7
3905338394,soft,Problem-Solving,solve problems,,fuzzy_alt,0.95,http://data.europa.eu/esco/skill/adc6dc11-3376-467b-96c5-9b0a21edc869
3905338394,technical,Analytical Thinking,think analytically,,alt_label,0.99,http://data.europa.eu/esco/skill/4707da90-9cfc-46ca-8de0-38a0b7bfb137
3905338394,technical,Self-Motivation,motivate others,,semantic,0.7575,http://data.europa.eu/esco/skill/e2d44a9b-f28c-489e-9861-b654b5ded507
3905338394,technical,Adaptability,,,unmatched,0.0,
3905338394,technical,Entrepreneurial Mindset,,,unmatched,0.0,
3905887769,technical,Analytics,web analytics,,fuzzy_preferred,0.95,http://data.europa.eu/esco/skill/1605025e-a179-421f-8f35-5b07d182a6b2
3905887769,technical,Reporting,,,unmatched,0.0,
3905887769,technical,Data Analysis,statistics,,alt_label,0.99,http://data.europa.eu/esco/skill/7ee4c2ea-b349-4bd2-81a3-ec31475d4833
3905887769,technical,Data Modeling,data models,,fuzzy_alt,0.96,http://data.europa.eu/esco/skill/fecf8a0d-62c4-4e71-9b03-0f4fc2ad7bf5
3905887769,technical,Business Intelligence,business intelligence,,exact,1.0,http://data.europa.eu/esco/skill/143769cb-b61e-47d8-a61e-eedfbec1016c
3905887769,technical,Data Engineering,data engineering,,exact,1.0,http://data.europa.eu/esco/skill/48db96bf-3314-45c6-bad8-fdb6e20e5639
3905887769,technical,Digital Analytics,data analytics,,semantic,0.7796,http://data.europa.eu/esco/skill/97bd1c21-66b2-4b7e-ad0f-e3cda590e378
3905887769,technical,Omnichannel Analytics,,,unmatched,0.0,
3905887769,technical,Key Performance Indicators (KPIs),track key performance indicators,,fuzzy_preferred,0.95,http://data.europa.eu/esco/skill/8dcbcabe-09f7-4d11-940d-125af57bbc40
3905887769,technical,Data Visualization,data visualisation software,,semantic,0.8764,http://data.europa.eu/esco/skill/65e58886-bd1e-4c5b-8ca5-8d9b353c8aa1
3905887769,technical,Statistical Analysis,statistics,,alt_label,0.99,http://data.europa.eu/esco/skill/7ee4c2ea-b349-4bd2-81a3-ec31475d4833
3905887769,technical,Statistical Techniques,statistical modeling techniques,,fuzzy_preferred,0.95,http://data.europa.eu/esco/skill/68ef0e4d-5542-4e64-84f4-752cce5a3c22
3905887769,technical,Hypothesis Testing,,,unmatched,0.0,
3905887769,technical,Experimental Design,,,unmatched,0.0,
3905887769,technical,Data Mining,data mining,,exact,1.0,http://data.europa.eu/esco/skill/25f0ea33-b4a2-4f31-b7b4-7d20e827b180
3905887769,technical,Predictive Analytics,develop predictive models,,semantic,0.7572,http://data.europa.eu/esco/skill/e2887d71-8ff4-4188-9926-22bdaefa7713
3905887769,technical,Trend Analysis,,,unmatched,0.0,
3905887769,technical,Customer Analytics,marketing analytics,,semantic,0.8689,http://data.europa.eu/esco/skill/11c56452-fcec-4b00-9695-cca4728e5048
3905887769,technical,Marketing Analytics,marketing analytics,,exact,1.0,http://data.europa.eu/esco/skill/11c56452-fcec-4b00-9695-cca4728e5048
3905887769,technical,SQL,SQL,Database Language,technology_dictionary,1.0,
3905887769,tool,Tableau,Tableau,BI Tool,technology_dictionary,1.0,
3905887769,technical,Leadership,leadership principles,,semantic,0.77,http://data.europa.eu/esco/skill/d5145a9a-602e-40bf-b3e1-f04cf9c3ef86
3905887769,soft,Communication,communication,,exact,1.0,http://data.europa.eu/esco/skill/15d76317-c71a-4fa2-aadc-2ecc34e627b7
3905887769,technical,Interpersonal Skills,,,unmatched,0.0,
3905887769,technical,Management,human resource management,,fuzzy_alt,0.95,http://data.europa.eu/esco/skill/e437eba1-3e22-41f2-8703-741e94785cba
3905887769,soft,Problem-Solving,solve problems,,fuzzy_alt,0.95,http://data.europa.eu/esco/skill/adc6dc11-3376-467b-96c5-9b0a21edc869
3905887769,technical,Analytical Thinking,think analytically,,alt_label,0.99,http://data.europa.eu/esco/skill/4707da90-9cfc-46ca-8de0-38a0b7bfb137
3905887769,technical,Quantitative Analysis,quantitative analysis,,exact,1.0,http://data.europa.eu/esco/skill/6360a934-cc87-4954-9656-b32db20592e3
3905887769,technical,Project Management,project management,,exact,1.0,http://data.europa.eu/esco/skill/7111b95d-0ce3-441a-9d92-4c75d05c4388
3905887769,technical,Cross-Functional Collaboration,,,unmatched,0.0,
3905887769,technical,Stakeholder Management,engage with stakeholders,,semantic,0.776,http://data.europa.eu/esco/skill/99c4c69a-025c-464f-adda-874c7f107a31
3905887769,technical,Client Management,manage difficult clients,,semantic,0.788,http://data.europa.eu/esco/skill/44985078-6f4c-42b2-bceb-a37ea224b21d
3905887769,technical,Mentoring,mentor individuals,,semantic,0.8722,http://data.europa.eu/esco/skill/a584a638-a2c0-4b3c-bdf3-a64f87225be9
3905887769,technical,Decision-Making,make decisions,,semantic,0.8593,http://data.europa.eu/esco/skill/d62d2b4c-a6f8-439e-8a1b-4f29ab5f2c47
3905887769,technical,Prioritization,,,unmatched,0.0,
3905887769,technical,Time Management,manage time,,semantic,0.8936,http://data.europa.eu/esco/skill/d9013e0e-e937-43d5-ab71-0e917ee882b8
3900983236,technical,Business Intelligence,business intelligence,,exact,1.0,http://data.europa.eu/esco/skill/143769cb-b61e-47d8-a61e-eedfbec1016c
3900983236,technical,Oracle BI Publisher,,,unmatched,0.0,
3900983236,technical,SQL,SQL,Database Language,technology_dictionary,1.0,
3900983236,technical,Report Development,develop reporting software,,semantic,0.8381,http://data.europa.eu/esco/skill/9d2f77af-4307-4ac5-bc50-a9980cec7e83
3900983236,technical,Report Maintenance,,,unmatched,0.0,
3900983236,technical,Report Implementation,develop reporting software,,semantic,0.7549,http://data.europa.eu/esco/skill/9d2f77af-4307-4ac5-bc50-a9980cec7e83
3900983236,technical,Agile,ICT project management methodologies,,alt_label,0.99,http://data.europa.eu/esco/skill/bec4359e-cb92-468f-a997-8fb28e32fba9
3900983236,technical,Independence,,,unmatched,0.0,
3900983236,technical,Self-Management,provide self management support,,semantic,0.7724,http://data.europa.eu/esco/skill/624d9fff-370d-4001-9481-9c86129fd84f
3900983236,soft,Communication,communication,,exact,1.0,http://data.europa.eu/esco/skill/15d76317-c71a-4fa2-aadc-2ecc34e627b7
3900983236,technical,Adaptability,,,unmatched,0.0,
3901349539,technical,Data Engineering,data engineering,,exact,1.0,http://data.europa.eu/esco/skill/48db96bf-3314-45c6-bad8-fdb6e20e5639
3901349539,technical,Azure Data Engineering,data engineering,,fuzzy_preferred,0.95,http://data.europa.eu/esco/skill/48db96bf-3314-45c6-bad8-fdb6e20e5639
3901349539,technical,Data Modeling,data models,,fuzzy_alt,0.96,http://data.europa.eu/esco/skill/fecf8a0d-62c4-4e71-9b03-0f4fc2ad7bf5
3901349539,technical,Data Warehousing,implement data warehousing techniques,,semantic,0.9247,http://data.europa.eu/esco/skill/fd6d2981-3d4a-4ce2-9741-cfc98c5b74bd
3901349539,technical,ETL,,,unmatched,0.0,
3901349539,technical,ELT,,,unmatched,0.0,
3901349539,technical,Data Integration,,,unmatched,0.0,
3901349539,technical,Data Transformation,,,unmatched,0.0,
3901349539,technical,Data Pipelines,analyse pipeline database information,,semantic,0.7887,http://data.europa.eu/esco/skill/484d048c-a5d1-46a5-b57f-45b69c0ac552
3901349539,technical,Data Processing,process data,,alt_label,0.99,http://data.europa.eu/esco/skill/f2d57f41-43b4-4f5b-8100-3df5c21eda50
3901349539,technical,Data Storage,data storage,,exact,1.0,http://data.europa.eu/esco/skill/a7f0fbe0-c546-4f30-8e41-34a58c64567e
3901349539,technical,Data Retrieval,,,unmatched,0.0,
3901349539,technical,Data Validation,,,unmatched,0.0,
3901349539,technical,Data Testing,analyse test data,,semantic,0.8051,http://data.europa.eu/esco/skill/81a2db2c-7e55-44d0-9cd9-74c25147d7cd
3901349539,technical,Data Reconciliation,,,unmatched,0.0,
3901349539,technical,Data Profiling,,,unmatched,0.0,
3901349539,technical,Data Cleansing,perform data cleansing,,semantic,0.9718,http://data.europa.eu/esco/skill/50b100ea-74fd-4706-99db-3e4ca55e51b8
3901349539,technical,Data Integrity,,,unmatched,0.0,
3901349539,technical,Performance Optimization,,,unmatched,0.0,
3901349539,technical,Scalability,,,unmatched,0.0,
3901349539,technical,High Availability,,,unmatched,0.0,
3901349539,technical,Solution Design,,,unmatched,0.0,
3901349539,tool,Spark,Apache Spark,Big Data,technology_dictionary,1.0,
3901349539,technical,Python,Python,Programming Language,technology_dictionary,1.0,
3901349539,technical,Scala,Scala,,exact,1.0,http://data.europa.eu/esco/skill/ffddfc7c-a9dd-449f-9e96-882dc447c8b6
3901349539,technical,SQL,SQL,Database Language,technology_dictionary,1.0,
3901349539,technical,Azure Data Factory,,,unmatched,0.0,
3901349539,technical,Azure SQL Data Warehouse,,,unmatched,0.0,
3901349539,technical,Azure Databricks,,,unmatched,0.0,
3901349539,technical,Azure Synapse Analytics,,,unmatched,0.0,
3901349539,technical,SQL Server,SQL Server,Database,technology_dictionary,1.0,
3901349539,technical,Teradata,Teradata Database,,alt_label,0.99,http://data.europa.eu/esco/skill/d9eaf831-9348-4330-a83e-b7c099cdc8f6
3901349539,tool,Snowflake,Snowflake,Cloud Data Warehouse,technology_dictionary,1.0,
3901349539,technical,Azure Synapse,,,unmatched,0.0,
3901349539,tool,Git,Git,Version Control,technology_dictionary,1.0,
3901349539,tool,GitHub,GitHub,Version Control,technology_dictionary,1.0,
3901349539,technical,Collaboration,,,unmatched,0.0,
3901349539,technical,Mentoring,mentor individuals,,semantic,0.8722,http://data.europa.eu/esco/skill/a584a638-a2c0-4b3c-bdf3-a64f87225be9
3901349539,technical,Leadership,leadership principles,,semantic,0.77,http://data.europa.eu/esco/skill/d5145a9a-602e-40bf-b3e1-f04cf9c3ef86
3901349539,technical,Knowledge Sharing,,,unmatched,0.0,
3901349539,soft,Communication,communication,,exact,1.0,http://data.europa.eu/esco/skill/15d76317-c71a-4fa2-aadc-2ecc34e627b7
3901349539,technical,Requirements Analysis,analyse business requirements,,fuzzy_alt,0.95,http://data.europa.eu/esco/skill/b04f377b-ee80-4b38-aca1-19d266a23b17
3901349539,soft,Problem-Solving,solve problems,,fuzzy_alt,0.95,http://data.europa.eu/esco/skill/adc6dc11-3376-467b-96c5-9b0a21edc869
3901349539,technical,Analytical Thinking,think analytically,,alt_label,0.99,http://data.europa.eu/esco/skill/4707da90-9cfc-46ca-8de0-38a0b7bfb137
3903806210,technical,Data Science,data science,,exact,1.0,http://data.europa.eu/esco/skill/edebd83d-35f6-4ed5-a940-6c203d178c01
3903806210,technical,Data Analytics,data analytics,,exact,1.0,http://data.europa.eu/esco/skill/97bd1c21-66b2-4b7e-ad0f-e3cda590e378
3903806210,technical,Machine Learning,machine learning,,exact,1.0,http://data.europa.eu/esco/skill/3a2d5b45-56e4-4f5a-a55a-4a4a65afdc43
3903806210,technical,Statistical Modeling,statistical modeling techniques,,alt_label,0.99,http://data.europa.eu/esco/skill/68ef0e4d-5542-4e64-84f4-752cce5a3c22
3903806210,technical,Model Development,create model,,semantic,0.7853,http://data.europa.eu/esco/skill/02e22093-3436-46a8-8dc5-b041bc4800cc
3903806210,technical,Model Training,,,unmatched,0.0,
3903806210,technical,Model Evaluation,,,unmatched,0.0,
3903806210,technical,Model Validation,,,unmatched,0.0,
3903806210,technical,Model Implementation,,,unmatched,0.0,
3903806210,technical,Model Backtesting,,,unmatched,0.0,
3903806210,technical,Big Data,statistics,,alt_label,0.99,http://data.europa.eu/esco/skill/7ee4c2ea-b349-4bd2-81a3-ec31475d4833
3903806210,technical,Data Analysis,statistics,,alt_label,0.99,http://data.europa.eu/esco/skill/7ee4c2ea-b349-4bd2-81a3-ec31475d4833
3903806210,technical,Cloud Computing,cloud technologies,,alt_label,0.99,http://data.europa.eu/esco/skill/bd14968e-e409-45af-b362-3495ed7b10e0
3903806210,technical,Open-Source Programming,operate open source software,,semantic,0.8066,http://data.europa.eu/esco/skill/2b34764d-637c-48f5-aa70-31e15c965db6
3903806210,technical,Python,Python,Programming Language,technology_dictionary,1.0,
3903806210,technical,Scala,Scala,,exact,1.0,http://data.europa.eu/esco/skill/ffddfc7c-a9dd-449f-9e96-882dc447c8b6
3903806210,technical,R,R,Programming Language,technology_dictionary,1.0,
3903806210,technical,SQL,SQL,Database Language,technology_dictionary,1.0,
3903806210,technical,Clustering,,,unmatched,0.0,
3903806210,technical,Classification,debt classification,,fuzzy_preferred,0.95,http://data.europa.eu/esco/skill/5c2a951c-9eb3-45a7-af45-39f3bf3a095d
3903806210,technical,Sentiment Analysis,,,unmatched,0.0,
3903806210,technical,Time Series Analysis,,,unmatched,0.0,
3903806210,technical,Deep Learning,deep learning,,exact,1.0,http://data.europa.eu/esco/skill/ecc4552a-92c5-4222-b18d-faf5ac841080
3903806210,technical,Relational Databases,database,,fuzzy_alt,0.97,http://data.europa.eu/esco/skill/43ae58b9-5e56-4524-b45a-b422777a0576
3903806210,tool,AWS,Amazon Web Services,Cloud,technology_dictionary,1.0,
3903806210,technical,Conda,,,unmatched,0.0,
3903806210,technical,H2O,,,unmatched,0.0,
3903806210,tool,Apache Spark,Apache Spark,Big Data,technology_dictionary,1.0,
3903806210,technical,Cross-functional Collaboration,,,unmatched,0.0,
3903806210,technical,Interpersonal Skills,,,unmatched,0.0,
3903806210,technical,Leadership,leadership principles,,semantic,0.77,http://data.europa.eu/esco/skill/d5145a9a-602e-40bf-b3e1-f04cf9c3ef86
3903806210,technical,Talent Development,talent management strategies,,semantic,0.7593,http://data.europa.eu/esco/skill/f206e732-110c-47ce-a53f-f00c9d97c90d
3903806210,soft,Communication,communication,,exact,1.0,http://data.europa.eu/esco/skill/15d76317-c71a-4fa2-aadc-2ecc34e627b7
3903806210,technical,Analytical Thinking,think analytically,,alt_label,0.99,http://data.europa.eu/esco/skill/4707da90-9cfc-46ca-8de0-38a0b7bfb137
3903806210,technical,Customer Focus,,,unmatched,0.0,
3903806210,soft,Problem-Solving,solve problems,,fuzzy_alt,0.95,http://data.europa.eu/esco/skill/adc6dc11-3376-467b-96c5-9b0a21edc869
3894876574,technical,Bioinformatics,,,unmatched,0.0,
3894876574,technical,Data Engineering,data engineering,,exact,1.0,http://data.europa.eu/esco/skill/48db96bf-3314-45c6-bad8-fdb6e20e5639
3894876574,technical,ETL Pipelines,,,unmatched,0.0,
3894876574,technical,Data Pipelines,analyse pipeline database information,,semantic,0.7887,http://data.europa.eu/esco/skill/484d048c-a5d1-46a5-b57f-45b69c0ac552
3894876574,technical,Data Integration,,,unmatched,0.0,
3894876574,technical,Data Architecture,information architecture,,alt_label,0.99,http://data.europa.eu/esco/skill/1bba98a7-92b9-450b-9235-e0c905f8f3c4
3894876574,technical,Data Management,SAS Data Management,,fuzzy_preferred,0.95,http://data.europa.eu/esco/skill/e5a6e1e0-1b07-4432-83ba-77d593b2cb47
3894876574,technical,Data Modeling,data models,,fuzzy_alt,0.96,http://data.europa.eu/esco/skill/fecf8a0d-62c4-4e71-9b03-0f4fc2ad7bf5
3894876574,technical,Data Standards,manage standards for data exchange,,semantic,0.7617,http://data.europa.eu/esco/skill/cb5cccc9-abe4-4b11-abe6-d27e5cd85fb1
3894876574,technical,Data Classification,data mining,,semantic,0.7652,http://data.europa.eu/esco/skill/25f0ea33-b4a2-4f31-b7b4-7d20e827b180
3894876574,technical,Data Cataloging,,,unmatched,0.0,
3894876574,technical,Data Automation,,,unmatched,0.0,
3894876574,technical,Workflow Management,manage workflow processes,,semantic,0.8467,http://data.europa.eu/esco/skill/7add3681-17b6-4027-8a9d-ee92d2b96a42
3894876574,technical,Python,Python,Programming Language,technology_dictionary,1.0,
3894876574,technical,Pythonic Design,,,unmatched,0.0,
3894876574,technical,Object-Oriented Programming,use object-oriented programming,,semantic,0.9425,http://data.europa.eu/esco/skill/5b9cde20-f1b9-4adc-bfb3-dbf70b14138d
3894876574,technical,Pandas,,,unmatched,0.0,
3894876574,technical,R,R,Programming Language,technology_dictionary,1.0,
3894876574,technical,Bioinformatics Pipelines,,,unmatched,0.0,
3894876574,technical,Genomics,genomics,,exact,1.0,http://data.europa.eu/esco/skill/50431cf0-3b03-40fe-82aa-0b3a55ff7f9b
3894876574,technical,Transcriptomics,,,unmatched,0.0,
3894876574,technical,Single-Cell Transcriptomics,,,unmatched,0.0,
3894876574,technical,RNA Sequencing,,,unmatched,0.0,
3894876574,technical,DNA Sequencing,,,unmatched,0.0,
3894876574,technical,Proteomics,proteomics,,exact,1.0,http://data.europa.eu/esco/skill/a0cd5d35-a1f4-48bf-b78f-11faf4f1935f
3894876574,technical,STAR,,,unmatched,0.0,
3894876574,technical,HISAT2,,,unmatched,0.0,
3894876574,technical,DESeq2,,,unmatched,0.0,
3894876574,technical,Seurat,,,unmatched,0.0,
3894876574,technical,Lakehouse Architecture,,,unmatched,0.0,
3894876574,technical,Medallion Architecture,,,unmatched,0.0,
3894876574,technical,Delta Tables,,,unmatched,0.0,
3894876574,technical,Data Lakes,,,unmatched,0.0,
3894876574,tool,AWS,Amazon Web Services,Cloud,technology_dictionary,1.0,
3894876574,technical,Cloud Computing,cloud technologies,,alt_label,0.99,http://data.europa.eu/esco/skill/bd14968e-e409-45af-b362-3495ed7b10e0
3894876574,technical,AWS Lambda,,,unmatched,0.0,
3894876574,technical,Amazon ECS,,,unmatched,0.0,
3894876574,technical,AWS Batch,,,unmatched,0.0,
3894876574,technical,Elastic Load Balancing,,,unmatched,0.0,
3894876574,tool,Apache Spark,Apache Spark,Big Data,technology_dictionary,1.0,
3894876574,technical,Amazon EMR,,,unmatched,0.0,
3894876574,tool,Databricks,Databricks,Big Data,technology_dictionary,1.0,
3894876574,technical,Amazon Athena,,,unmatched,0.0,
3894876574,technical,Apache Iceberg,,,unmatched,0.0,
3894876574,technical,AWS Glue,,,unmatched,0.0,
3894876574,technical,Amazon Kinesis,,,unmatched,0.0,
3894876574,technical,AWS Step Functions,,,unmatched,0.0,
3894876574,technical,CI/CD,,,unmatched,0.0,
3894876574,technical,Source Control,tools for software configuration management,,alt_label,0.99,http://data.europa.eu/esco/skill/9d2e926f-53d9-41f5-98f3-19dfaa687f3f
3894876574,technical,Agile,ICT project management methodologies,,alt_label,0.99,http://data.europa.eu/esco/skill/bec4359e-cb92-468f-a997-8fb28e32fba9
3894876574,technical,Project Management,project management,,exact,1.0,http://data.europa.eu/esco/skill/7111b95d-0ce3-441a-9d92-4c75d05c4388
3894876574,technical,Issue Tracking,,,unmatched,0.0,
3894876574,technical,JIRA,,,unmatched,0.0,
3894876574,tool,Docker,Docker,DevOps,technology_dictionary,1.0,
3894876574,technical,AWS Fargate,,,unmatched,0.0,
3894876574,technical,Amazon ECR,,,unmatched,0.0,
3894876574,technical,Clinical Data,,,unmatched,0.0,
3894876574,technical,GxP Compliance,,,unmatched,0.0,
3894876574,technical,Data Validation,,,unmatched,0.0,
3894876574,technical,AI,principles of artificial intelligence,,fuzzy_alt,0.95,http://data.europa.eu/esco/skill/e465a154-93f7-4973-9ce1-31659fe16dd2
3894876574,technical,Generative AI,,,unmatched,0.0,
3894876574,tool,Airflow,Apache Airflow,Workflow,technology_dictionary,1.0,
3894876574,technical,Databricks Workflows,,,unmatched,0.0,
3894876574,technical,Collaboration,,,unmatched,0.0,
3894876574,soft,Communication,communication,,exact,1.0,http://data.europa.eu/esco/skill/15d76317-c71a-4fa2-aadc-2ecc34e627b7
3894876574,technical,Leadership,leadership principles,,semantic,0.77,http://data.europa.eu/esco/skill/d5145a9a-602e-40bf-b3e1-f04cf9c3ef86
3894876574,technical,Innovation,innovation processes,,semantic,0.7867,http://data.europa.eu/esco/skill/2fb8480e-de3c-462b-b169-e8bbb344da68
3894876574,soft,Problem-Solving,solve problems,,fuzzy_alt,0.95,http://data.europa.eu/esco/skill/adc6dc11-3376-467b-96c5-9b0a21edc869
3894876574,technical,Teamwork,manage teamwork,,semantic,0.8047,http://data.europa.eu/esco/skill/75e48971-3242-4ea5-a1ba-4deec48ad41c
3894876574,technical,Adaptability,,,unmatched,0.0,
3894876574,technical,Project Coordination,coordinate oil well operations,,fuzzy_alt,0.95,http://data.europa.eu/esco/skill/33143a44-1e80-407f-ad43-5b0032a30ecc
3894876574,technical,Stakeholder Management,engage with stakeholders,,semantic,0.776,http://data.europa.eu/esco/skill/99c4c69a-025c-464f-adda-874c7f107a31
3894876574,technical,Presentation Skills,,,unmatched,0.0,
3894876574,technical,Knowledge Sharing,,,unmatched,0.0,
3901673468,technical,ESG Reporting,,,unmatched,0.0,
3901673468,technical,Sustainability Reporting,lead the sustainability reporting process,,fuzzy_alt,0.95,http://data.europa.eu/esco/skill/bbcc7e1b-3d4d-4422-9fac-efd636eb9de4
3901673468,technical,Sustainability Analytics,,,unmatched,0.0,
3901673468,technical,ESG Strategy,,,unmatched,0.0,
3901673468,technical,ESG Data Management,,,unmatched,0.0,
3901673468,technical,Data Analysis,statistics,,alt_label,0.99,http://data.europa.eu/esco/skill/7ee4c2ea-b349-4bd2-81a3-ec31475d4833
3901673468,technical,Statistical Analysis,statistics,,alt_label,0.99,http://data.europa.eu/esco/skill/7ee4c2ea-b349-4bd2-81a3-ec31475d4833
3901673468,technical,Quantitative Analysis,quantitative analysis,,exact,1.0,http://data.europa.eu/esco/skill/6360a934-cc87-4954-9656-b32db20592e3
3901673468,technical,KPI Management,,,unmatched,0.0,
3901673468,technical,Benchmarking,,,unmatched,0.0,
3901673468,technical,Data Governance,,,unmatched,0.0,
3901673468,technical,Data Aggregation,,,unmatched,0.0,
3901673468,technical,Data Collection,statistics,,alt_label,0.99,http://data.europa.eu/esco/skill/7ee4c2ea-b349-4bd2-81a3-ec31475d4833
3901673468,technical,Data Quality,data quality assessment,,semantic,0.9108,http://data.europa.eu/esco/skill/cc7370dd-69fa-4c67-a96f-d4d135d38700
3901673468,technical,Internal Controls,,,unmatched,0.0,
3901673468,technical,Continuous Improvement,continuous improvement philosophies,,fuzzy_alt,0.95,http://data.europa.eu/esco/skill/0550431f-9c8b-4204-9c45-59bc5feacf06
3901673468,technical,Business Analytics,business analysis,,exact,1.0,http://data.europa.eu/esco/skill/633a3637-2c6b-40ae-ac38-289eb2a62aa6
3901673468,technical,Comparative Analysis,,,unmatched,0.0,
3901673468,technical,Research,,,unmatched,0.0,
3901673468,technical,ESG Performance Analysis,,,unmatched,0.0,
3901673468,technical,ESG Ratings Analysis,,,unmatched,0.0,
3901673468,technical,ESG Surveys,,,unmatched,0.0,
3901673468,technical,Regulatory Analysis,,,unmatched,0.0,
3901673468,technical,Sustainability Frameworks,,,unmatched,0.0,
3901673468,technical,TCFD,,,unmatched,0.0,
3901673468,technical,SASB,,,unmatched,0.0,
3901673468,technical,GRI,,,unmatched,0.0,
3901673468,technical,MS Office,use microsoft office,,fuzzy_alt,0.95,http://data.europa.eu/esco/skill/f683ae1d-cb7c-4aa1-b9fe-205e1bd23535
3901673468,tool,Microsoft Excel,Microsoft Excel,Spreadsheet,technology_dictionary,1.0,
3901673468,technical,Microsoft PowerPoint,use presentation software,,fuzzy_alt,0.95,http://data.europa.eu/esco/skill/234aeb8d-56c3-4531-9193-1c5e6a8d16cb
3901673468,technical,Workiva,,,unmatched,0.0,
3901673468,technical,Written Communication,discern written communication,,fuzzy_preferred,0.95,http://data.europa.eu/esco/skill/0e161427-3369-47c0-8669-9e226207f6d0
3901673468,soft,Verbal Communication,communication,,semantic,0.7904,http://data.europa.eu/esco/skill/15d76317-c71a-4fa2-aadc-2ecc34e627b7
3901673468,technical,Presentation Skills,,,unmatched,0.0,
3901673468,technical,Leadership,leadership principles,,semantic,0.77,http://data.europa.eu/esco/skill/d5145a9a-602e-40bf-b3e1-f04cf9c3ef86
3901673468,technical,Teamwork,manage teamwork,,semantic,0.8047,http://data.europa.eu/esco/skill/75e48971-3242-4ea5-a1ba-4deec48ad41c
3901673468,technical,Professionalism,,,unmatched,0.0,
3901673468,technical,Integrity,morality,,alt_label,0.99,http://data.europa.eu/esco/skill/7cf2762d-32e1-4b21-8ef8-574e40310c18
3901673468,technical,Stakeholder Management,engage with stakeholders,,semantic,0.776,http://data.europa.eu/esco/skill/99c4c69a-025c-464f-adda-874c7f107a31
3901673468,technical,Attention to Detail,attend to detail,,semantic,0.7608,http://data.europa.eu/esco/skill/83e6510b-ffeb-4aec-959c-4265fd0ff7b7
3901673468,technical,Ownership,,,unmatched,0.0,
3901673468,technical,GRI,,,unmatched,0.0,
3901673468,technical,FSA,,,unmatched,0.0,
3902357112,technical,Machine Learning,machine learning,,exact,1.0,http://data.europa.eu/esco/skill/3a2d5b45-56e4-4f5a-a55a-4a4a65afdc43
3902357112,technical,Computer Vision,computer vision,,exact,1.0,http://data.europa.eu/esco/skill/7b0d5000-00da-4864-b776-6de49a87a669
3902357112,technical,Deep Learning,deep learning,,exact,1.0,http://data.europa.eu/esco/skill/ecc4552a-92c5-4222-b18d-faf5ac841080
3902357112,technical,Artificial Neural Networks (ANN),artificial neural networks,,exact,1.0,http://data.europa.eu/esco/skill/5608d5a0-6d5e-43b7-be37-616501729bb4
3902357112,technical,Recurrent Neural Networks (RNN),,,unmatched,0.0,
3902357112,technical,Vision Transformers (ViT),,,unmatched,0.0,
3902357112,technical,Large Language Models (LLMs),,,unmatched,0.0,
3902357112,technical,Body Pose Estimation,,,unmatched,0.0,
3902357112,technical,Facial Expression Recognition,,,unmatched,0.0,
3902357112,technical,Emotion Detection,,,unmatched,0.0,
3902357112,technical,Gender Detection,,,unmatched,0.0,
3902357112,technical,Age Detection,,,unmatched,0.0,
3902357112,technical,Face Detection,,,unmatched,0.0,
3902357112,technical,Face Recognition,,,unmatched,0.0,
3902357112,technical,Real-Time Computer Vision,computer vision,,semantic,0.8064,http://data.europa.eu/esco/skill/7b0d5000-00da-4864-b776-6de49a87a669
3902357112,technical,Image Processing,digital image processing,,semantic,0.8566,http://data.europa.eu/esco/skill/945b8655-5577-4c3a-946a-842d4527afa8
3902357112,technical,Data Preprocessing,,,unmatched,0.0,
3902357112,technical,Model Training,,,unmatched,0.0,
3902357112,technical,Model Deployment,,,unmatched,0.0,
3902357112,technical,Model Optimization,,,unmatched,0.0,
3902357112,technical,Inference Optimization,,,unmatched,0.0,
3902357112,technical,Python,Python,Programming Language,technology_dictionary,1.0,
3902357112,technical,Python 3,Python (computer programming),,fuzzy_alt,0.95,http://data.europa.eu/esco/skill/ccd0a1d9-afda-43d9-b901-96344886e14d
3902357112,technical,NumPy,,,unmatched,0.0,
3902357112,technical,SciPy,,,unmatched,0.0,
3902357112,technical,Matplotlib,,,unmatched,0.0,
3902357112,technical,Scikit-learn,,,unmatched,0.0,
3902357112,technical,Bash,computer programming,,alt_label,0.99,http://data.europa.eu/esco/skill/21d2f96d-35f7-4e3f-9745-c533d2dd6e97
3902357112,technical,Linux,,,unmatched,0.0,
3902357112,tool,PyTorch,PyTorch,Machine Learning,technology_dictionary,1.0,
3902357112,tool,TensorFlow,TensorFlow,Machine Learning,technology_dictionary,1.0,
3902357112,technical,OpenCV,computer vision,,alt_label,0.99,http://data.europa.eu/esco/skill/7b0d5000-00da-4864-b776-6de49a87a669
3902357112,technical,CUDA,computer vision,,alt_label,0.99,http://data.europa.eu/esco/skill/7b0d5000-00da-4864-b776-6de49a87a669
3902357112,technical,TensorRT,,,unmatched,0.0,
3902357112,technical,C,,,unmatched,0.0,
3902357112,technical,C++,C++,,exact,1.0,http://data.europa.eu/esco/skill/b633eb55-8f1f-4ae6-ab4c-2022ffe2cb7f
3902357112,tool,Git,Git,Version Control,technology_dictionary,1.0,
3902357112,tool,GitHub,GitHub,Version Control,technology_dictionary,1.0,
3902357112,technical,Google Cloud Platform (GCP),,,unmatched,0.0,
3902357112,tool,Microsoft Azure,Microsoft Azure,Cloud,technology_dictionary,1.0,
3902357112,technical,CI/CD,,,unmatched,0.0,
3902357112,technical,SCRUM,ICT project management methodologies,,alt_label,0.99,http://data.europa.eu/esco/skill/bec4359e-cb92-468f-a997-8fb28e32fba9
3902357112,technical,Kanban,,,unmatched,0.0,
3902357112,technical,Video Encoding,,,unmatched,0.0,
3902357112,technical,Video Decoding,,,unmatched,0.0,
3902357112,technical,H.265,,,unmatched,0.0,
3902357112,technical,HTTP Live Streaming (HLS),,,unmatched,0.0,
3902357112,technical,Build Automation,building automation,,semantic,0.8574,http://data.europa.eu/esco/skill/6709e92c-7546-46a4-aa57-5e951bd4cb0f
3902357112,technical,Research Paper Implementation,,,unmatched,0.0,
3902357112,technical,Jupyter Notebook,,,unmatched,0.0,
3902357112,technical,Jetson,,,unmatched,0.0,
3902357112,technical,ARM,,,unmatched,0.0,
3902357112,technical,NVIDIA Triton Inference Server,,,unmatched,0.0,
3902357112,technical,KubeML,,,unmatched,0.0,
3902357112,technical,GitLab CI,,,unmatched,0.0,
3902357112,technical,GitHub Actions,,,unmatched,0.0,
3902357112,technical,Travis CI,,,unmatched,0.0,
3902357112,technical,Make,,,unmatched,0.0,
3902357112,technical,Makefiles,,,unmatched,0.0,
3902357112,technical,Leadership,leadership principles,,semantic,0.77,http://data.europa.eu/esco/skill/d5145a9a-602e-40bf-b3e1-f04cf9c3ef86
3902357112,technical,Project Management,project management,,exact,1.0,http://data.europa.eu/esco/skill/7111b95d-0ce3-441a-9d92-4c75d05c4388
3902357112,soft,Communication,communication,,exact,1.0,http://data.europa.eu/esco/skill/15d76317-c71a-4fa2-aadc-2ecc34e627b7
3902357112,technical,Collaboration,,,unmatched,0.0,
3902357112,technical,Teamwork,manage teamwork,,semantic,0.8047,http://data.europa.eu/esco/skill/75e48971-3242-4ea5-a1ba-4deec48ad41c
3902357112,technical,Knowledge Sharing,,,unmatched,0.0,
3902357112,technical,Mentoring,mentor individuals,,semantic,0.8722,http://data.europa.eu/esco/skill/a584a638-a2c0-4b3c-bdf3-a64f87225be9
3902357112,technical,Innovation,innovation processes,,semantic,0.7867,http://data.europa.eu/esco/skill/2fb8480e-de3c-462b-b169-e8bbb344da68
3902357112,technical,Continuous Learning,,,unmatched,0.0,
3895584708,technical,Machine Learning,machine learning,,exact,1.0,http://data.europa.eu/esco/skill/3a2d5b45-56e4-4f5a-a55a-4a4a65afdc43
3895584708,technical,Deep Learning,deep learning,,exact,1.0,http://data.europa.eu/esco/skill/ecc4552a-92c5-4222-b18d-faf5ac841080
3895584708,technical,Recommendation Systems,build recommender systems,,fuzzy_alt,0.95,http://data.europa.eu/esco/skill/505e4ef3-7ce4-437d-b7b4-5c608f71c258
3895584708,technical,Search Algorithms,algorithms,,semantic,0.7825,http://data.europa.eu/esco/skill/54924a2c-daca-40d3-9716-4b38ceb04f38
3895584708,technical,Search Ranking,,,unmatched,0.0,
3895584708,technical,Information Retrieval,,,unmatched,0.0,
3895584708,technical,Query Analysis,,,unmatched,0.0,
3895584708,technical,Retrieval,,,unmatched,0.0,
3895584708,technical,Ranking,,,unmatched,0.0,
3895584708,technical,Correlation Analysis,,,unmatched,0.0,
3895584708,technical,Natural Language Processing (NLP),natural language processing,,exact,1.0,http://data.europa.eu/esco/skill/fff0e2cd-d0bd-4b02-9daf-158b79d9688a
3895584708,technical,Computer Vision (CV),computer vision,,exact,1.0,http://data.europa.eu/esco/skill/7b0d5000-00da-4864-b776-6de49a87a669
3895584708,technical,Multimodal Learning,,,unmatched,0.0,
3895584708,technical,Data Mining,data mining,,exact,1.0,http://data.europa.eu/esco/skill/25f0ea33-b4a2-4f31-b7b4-7d20e827b180
3895584708,technical,Large-Scale Data Mining,,,unmatched,0.0,
3895584708,technical,Machine Learning Algorithms,machine learning,,exact,1.0,http://data.europa.eu/esco/skill/3a2d5b45-56e4-4f5a-a55a-4a4a65afdc43
3895584708,technical,Classification,debt classification,,fuzzy_preferred,0.95,http://data.europa.eu/esco/skill/5c2a951c-9eb3-45a7-af45-39f3bf3a095d
3895584708,technical,Regression,,,unmatched,0.0,
3895584708,technical,Clustering,,,unmatched,0.0,
3895584708,technical,Causal Inference,,,unmatched,0.0,
3895584708,technical,Operational Optimization Algorithms,,,unmatched,0.0,
3895584708,technical,Mathematical Programming,,,unmatched,0.0,
3895584708,technical,Heuristic Algorithms,,,unmatched,0.0,
3895584708,technical,Data Structures,,,unmatched,0.0,
3895584708,technical,Algorithm Design,,,unmatched,0.0,
3895584708,technical,Python,Python,Programming Language,technology_dictionary,1.0,
3895584708,technical,Java,Java (computer programming),,alt_label,0.99,http://data.europa.eu/esco/skill/19a8293b-8e95-4de3-983f-77484079c389
3895584708,technical,C++,C++,,exact,1.0,http://data.europa.eu/esco/skill/b633eb55-8f1f-4ae6-ab4c-2022ffe2cb7f
3895584708,technical,R,R,Programming Language,technology_dictionary,1.0,
3895584708,tool,TensorFlow,TensorFlow,Machine Learning,technology_dictionary,1.0,
3895584708,tool,PyTorch,PyTorch,Machine Learning,technology_dictionary,1.0,
3895584708,technical,MXNet,,,unmatched,0.0,
3895584708,technical,Model Training,,,unmatched,0.0,
3895584708,technical,Model Deployment,,,unmatched,0.0,
3895584708,technical,Mixed Precision Training,,,unmatched,0.0,
3895584708,technical,Distributed Training,,,unmatched,0.0,
3895584708,technical,Big Data,statistics,,alt_label,0.99,http://data.europa.eu/esco/skill/7ee4c2ea-b349-4bd2-81a3-ec31475d4833
3895584708,technical,MapReduce,,,unmatched,0.0,
3895584708,tool,Apache Spark,Apache Spark,Big Data,technology_dictionary,1.0,
3895584708,technical,Recommendation Algorithms,,,unmatched,0.0,
3895584708,technical,Search Engine Optimization,search engine optimisation,,alt_label,0.99,http://data.europa.eu/esco/skill/eda4d727-4374-49af-ace4-118c7c906835
3895584708,technical,Click-Through Rate (CTR) Optimization,,,unmatched,0.0,
3895584708,technical,Conversion Rate Optimization,,,unmatched,0.0,
3895584708,technical,Analytical Thinking,think analytically,,alt_label,0.99,http://data.europa.eu/esco/skill/4707da90-9cfc-46ca-8de0-38a0b7bfb137
3895584708,soft,Problem-Solving,solve problems,,fuzzy_alt,0.95,http://data.europa.eu/esco/skill/adc6dc11-3376-467b-96c5-9b0a21edc869
3895584708,technical,Innovation,innovation processes,,semantic,0.7867,http://data.europa.eu/esco/skill/2fb8480e-de3c-462b-b169-e8bbb344da68
3895584708,technical,Collaboration,,,unmatched,0.0,
3886883013,technical,Digital Analytics,data analytics,,semantic,0.7796,http://data.europa.eu/esco/skill/97bd1c21-66b2-4b7e-ad0f-e3cda590e378
3886883013,technical,Data Analytics,data analytics,,exact,1.0,http://data.europa.eu/esco/skill/97bd1c21-66b2-4b7e-ad0f-e3cda590e378
3886883013,technical,Data Analysis,statistics,,alt_label,0.99,http://data.europa.eu/esco/skill/7ee4c2ea-b349-4bd2-81a3-ec31475d4833
3886883013,technical,Data Mining,data mining,,exact,1.0,http://data.europa.eu/esco/skill/25f0ea33-b4a2-4f31-b7b4-7d20e827b180
3886883013,technical,Data Visualization,data visualisation software,,semantic,0.8764,http://data.europa.eu/esco/skill/65e58886-bd1e-4c5b-8ca5-8d9b353c8aa1
3886883013,technical,Dashboard Development,,,unmatched,0.0,
3886883013,technical,Reporting,,,unmatched,0.0,
3886883013,technical,Automated Reporting,,,unmatched,0.0,
3886883013,technical,Business Intelligence,business intelligence,,exact,1.0,http://data.europa.eu/esco/skill/143769cb-b61e-47d8-a61e-eedfbec1016c
3886883013,technical,Measurement Strategy,,,unmatched,0.0,
3886883013,technical,Tag Management,,,unmatched,0.0,
3886883013,technical,Web Analytics,web analytics,,exact,1.0,http://data.europa.eu/esco/skill/1605025e-a179-421f-8f35-5b07d182a6b2
3886883013,technical,Customer Segmentation,customer segmentation,,exact,1.0,http://data.europa.eu/esco/skill/136e0cab-0b19-48f7-9086-745d615f416b
3886883013,technical,Customer Profiling,,,unmatched,0.0,
3886883013,technical,Quantitative Analysis,quantitative analysis,,exact,1.0,http://data.europa.eu/esco/skill/6360a934-cc87-4954-9656-b32db20592e3
3886883013,technical,Statistical Analysis,statistics,,alt_label,0.99,http://data.europa.eu/esco/skill/7ee4c2ea-b349-4bd2-81a3-ec31475d4833
3886883013,technical,Statistical Concepts,,,unmatched,0.0,
3886883013,technical,SQL,SQL,Database Language,technology_dictionary,1.0,
3886883013,technical,Python,Python,Programming Language,technology_dictionary,1.0,
3886883013,technical,R,R,Programming Language,technology_dictionary,1.0,
3886883013,tool,SAS,SAS,Analytics,technology_dictionary,1.0,
3886883013,tool,Tableau,Tableau,BI Tool,technology_dictionary,1.0,
3886883013,tool,Power BI,Power BI,BI Tool,technology_dictionary,1.0,
3886883013,tool,Hadoop,Apache Hadoop,Big Data,technology_dictionary,1.0,
3886883013,technical,Process Documentation,,,unmatched,0.0,
3886883013,technical,Quality Control,control grape quality,,fuzzy_preferred,0.95,http://data.europa.eu/esco/skill/20d59c4d-2cb0-4b5d-bbd1-85267f10975c
3886883013,technical,Data Quality,data quality assessment,,semantic,0.9108,http://data.europa.eu/esco/skill/cc7370dd-69fa-4c67-a96f-d4d135d38700
3886883013,technical,Marketing Analytics,marketing analytics,,exact,1.0,http://data.europa.eu/esco/skill/11c56452-fcec-4b00-9695-cca4728e5048
3886883013,technical,Digital Marketing Analytics,marketing analytics,,fuzzy_preferred,0.95,http://data.europa.eu/esco/skill/11c56452-fcec-4b00-9695-cca4728e5048
3886883013,tool,Tableau,Tableau,BI Tool,technology_dictionary,1.0,
3886883013,tool,Power BI,Power BI,BI Tool,technology_dictionary,1.0,
3886883013,soft,Problem-Solving,solve problems,,fuzzy_alt,0.95,http://data.europa.eu/esco/skill/adc6dc11-3376-467b-96c5-9b0a21edc869
3886883013,technical,Attention to Detail,attend to detail,,semantic,0.7608,http://data.europa.eu/esco/skill/83e6510b-ffeb-4aec-959c-4265fd0ff7b7
3886883013,soft,Verbal Communication,communication,,semantic,0.7904,http://data.europa.eu/esco/skill/15d76317-c71a-4fa2-aadc-2ecc34e627b7
3886883013,technical,Written Communication,discern written communication,,fuzzy_preferred,0.95,http://data.europa.eu/esco/skill/0e161427-3369-47c0-8669-9e226207f6d0
3886883013,technical,Presentation Skills,,,unmatched,0.0,
3886883013,technical,Collaboration,,,unmatched,0.0,
3886883013,technical,Teamwork,manage teamwork,,semantic,0.8047,http://data.europa.eu/esco/skill/75e48971-3242-4ea5-a1ba-4deec48ad41c
3886883013,technical,Independence,,,unmatched,0.0,
3886883013,technical,Analytical Thinking,think analytically,,alt_label,0.99,http://data.europa.eu/esco/skill/4707da90-9cfc-46ca-8de0-38a0b7bfb137
3886883013,technical,Training,,,unmatched,0.0,
3885112244,technical,Business Analysis,business analysis,,exact,1.0,http://data.europa.eu/esco/skill/633a3637-2c6b-40ae-ac38-289eb2a62aa6
3885112244,technical,Requirements Gathering,interact with users to gather requirements,,semantic,0.7574,http://data.europa.eu/esco/skill/a8797f21-1af0-4c5e-98ca-bf1442929363
3885112244,technical,Requirements Documentation,,,unmatched,0.0,
3885112244,technical,Business Requirements,analyse business requirements,,fuzzy_preferred,0.95,http://data.europa.eu/esco/skill/b04f377b-ee80-4b38-aca1-19d266a23b17
3885112244,technical,Business Process Analysis,business analysis,,fuzzy_preferred,0.95,http://data.europa.eu/esco/skill/633a3637-2c6b-40ae-ac38-289eb2a62aa6
3885112244,technical,Process Mapping,,,unmatched,0.0,
3885112244,technical,Process Flows,,,unmatched,0.0,
3885112244,technical,Stakeholder Management,engage with stakeholders,,semantic,0.776,http://data.europa.eu/esco/skill/99c4c69a-025c-464f-adda-874c7f107a31
3885112244,technical,Agile,ICT project management methodologies,,alt_label,0.99,http://data.europa.eu/esco/skill/bec4359e-cb92-468f-a997-8fb28e32fba9
3885112244,technical,Waterfall,Waterfall development,,semantic,0.8201,http://data.europa.eu/esco/skill/6a876489-7ad8-4a13-b09c-c9b8e97a302e
3885112244,technical,Project Management,project management,,exact,1.0,http://data.europa.eu/esco/skill/7111b95d-0ce3-441a-9d92-4c75d05c4388
3885112244,technical,Microsoft Project,,,unmatched,0.0,
3885112244,tool,Microsoft Excel,Microsoft Excel,Spreadsheet,technology_dictionary,1.0,
3885112244,technical,Microsoft PowerPoint,use presentation software,,fuzzy_alt,0.95,http://data.europa.eu/esco/skill/234aeb8d-56c3-4531-9193-1c5e6a8d16cb
3885112244,technical,Microsoft Visio,Microsoft Visio,,exact,1.0,http://data.europa.eu/esco/skill/86f7126d-97fd-4da5-be96-d1cf6ecd54e6
3885112244,technical,Microsoft Office,use microsoft office,,fuzzy_preferred,0.95,http://data.europa.eu/esco/skill/f683ae1d-cb7c-4aa1-b9fe-205e1bd23535
3885112244,tool,Microsoft Excel,Microsoft Excel,Spreadsheet,technology_dictionary,1.0,
3885112244,technical,Microsoft PowerPoint,use presentation software,,fuzzy_alt,0.95,http://data.europa.eu/esco/skill/234aeb8d-56c3-4531-9193-1c5e6a8d16cb
3885112244,technical,Microsoft Project,,,unmatched,0.0,
3885112244,technical,Microsoft Visio,Microsoft Visio,,exact,1.0,http://data.europa.eu/esco/skill/86f7126d-97fd-4da5-be96-d1cf6ecd54e6
3885112244,technical,Microsoft Office,use microsoft office,,fuzzy_preferred,0.95,http://data.europa.eu/esco/skill/f683ae1d-cb7c-4aa1-b9fe-205e1bd23535
3885112244,technical,Analytical Thinking,think analytically,,alt_label,0.99,http://data.europa.eu/esco/skill/4707da90-9cfc-46ca-8de0-38a0b7bfb137
3885112244,technical,Planning,urban planning,,semantic,0.7856,http://data.europa.eu/esco/skill/7f18039d-dfae-471b-9daa-507f6b2d2842
3885112244,technical,Organizational Skills,,,unmatched,0.0,
3885112244,technical,Time Management,manage time,,semantic,0.8936,http://data.europa.eu/esco/skill/d9013e0e-e937-43d5-ab71-0e917ee882b8
3885112244,technical,Presentation Skills,,,unmatched,0.0,
3885112244,technical,Written Communication,discern written communication,,fuzzy_preferred,0.95,http://data.europa.eu/esco/skill/0e161427-3369-47c0-8669-9e226207f6d0
3885112244,technical,Stakeholder Communication,communicate with stakeholders,,semantic,0.891,http://data.europa.eu/esco/skill/477173ca-5fc2-406b-9122-95d92811f284
3885112244,technical,Facilitation,,,unmatched,0.0,
3885112244,technical,Collaboration,,,unmatched,0.0,
3885112244,technical,Adaptability,,,unmatched,0.0,
3885112244,technical,Willingness to Learn,demonstrate willingness to learn,,fuzzy_alt,0.95,http://data.europa.eu/esco/skill/9bf266a6-188b-4d17-a22f-2f266d76832b
3902861372,technical,Machine Learning,machine learning,,exact,1.0,http://data.europa.eu/esco/skill/3a2d5b45-56e4-4f5a-a55a-4a4a65afdc43
3902861372,technical,Machine Learning Systems,machine learning,,semantic,0.8664,http://data.europa.eu/esco/skill/3a2d5b45-56e4-4f5a-a55a-4a4a65afdc43
3902861372,technical,Machine Learning Infrastructure,,,unmatched,0.0,
3902861372,technical,Machine Learning Platforms,,,unmatched,0.0,
3902861372,technical,MLOps,,,unmatched,0.0,
3902861372,technical,Model Training,,,unmatched,0.0,
3902861372,technical,Model Deployment,,,unmatched,0.0,
3902861372,technical,Model Monitoring,,,unmatched,0.0,
3902861372,technical,Model Testing,,,unmatched,0.0,
3902861372,technical,Model Development,create model,,semantic,0.7853,http://data.europa.eu/esco/skill/02e22093-3436-46a8-8dc5-b041bc4800cc
3902861372,technical,Machine Learning Lifecycle,,,unmatched,0.0,
3902861372,technical,Data Pipelines,analyse pipeline database information,,semantic,0.7887,http://data.europa.eu/esco/skill/484d048c-a5d1-46a5-b57f-45b69c0ac552
3902861372,technical,Data Ingestion,,,unmatched,0.0,
3902861372,technical,Data Lakes,,,unmatched,0.0,
3902861372,technical,Production Systems,manage production systems,,fuzzy_preferred,0.95,http://data.europa.eu/esco/skill/b3a75400-103f-42c7-b742-be11d161d05b
3902861372,technical,Python,Python,Programming Language,technology_dictionary,1.0,
3902861372,technical,Scala,Scala,,exact,1.0,http://data.europa.eu/esco/skill/ffddfc7c-a9dd-449f-9e96-882dc447c8b6
3902861372,technical,C++,C++,,exact,1.0,http://data.europa.eu/esco/skill/b633eb55-8f1f-4ae6-ab4c-2022ffe2cb7f
3902861372,technical,Java,Java (computer programming),,alt_label,0.99,http://data.europa.eu/esco/skill/19a8293b-8e95-4de3-983f-77484079c389
3902861372,technical,SQL,SQL,Database Language,technology_dictionary,1.0,
3902861372,technical,Databases,use databases,,fuzzy_preferred,0.95,http://data.europa.eu/esco/skill/4463a721-69f3-413d-8321-43e3af13a4f1
3902861372,technical,Scikit-learn,,,unmatched,0.0,
3902861372,technical,Pandas,,,unmatched,0.0,
3902861372,technical,Decision Trees,,,unmatched,0.0,
3902861372,technical,Logistic Regression,,,unmatched,0.0,
3902861372,technical,Bayesian Analysis,,,unmatched,0.0,
3902861372,technical,AWS Redshift,,,unmatched,0.0,
3902861372,tool,Snowflake,Snowflake,Cloud Data Warehouse,technology_dictionary,1.0,
3902861372,tool,Airflow,Apache Airflow,Workflow,technology_dictionary,1.0,
3902861372,tool,Docker,Docker,DevOps,technology_dictionary,1.0,
3902861372,tool,Kubernetes,Kubernetes,DevOps,technology_dictionary,1.0,
3902861372,soft,Verbal Communication,communication,,semantic,0.7904,http://data.europa.eu/esco/skill/15d76317-c71a-4fa2-aadc-2ecc34e627b7
3902861372,technical,Written Communication,discern written communication,,fuzzy_preferred,0.95,http://data.europa.eu/esco/skill/0e161427-3369-47c0-8669-9e226207f6d0
3902861372,technical,Troubleshooting,troubleshoot,,alt_label,0.99,http://data.europa.eu/esco/skill/334e3e49-fb02-4051-809a-f06adfdc1c40
3902861372,soft,Problem Solving,solve problems,,fuzzy_alt,0.95,http://data.europa.eu/esco/skill/adc6dc11-3376-467b-96c5-9b0a21edc869
3902861372,technical,Collaboration,,,unmatched,0.0,
3902861372,technical,Leadership,leadership principles,,semantic,0.77,http://data.europa.eu/esco/skill/d5145a9a-602e-40bf-b3e1-f04cf9c3ef86
3902861372,technical,Adaptability,,,unmatched,0.0,
3902861372,technical,Self-Motivation,motivate others,,semantic,0.7575,http://data.europa.eu/esco/skill/e2d44a9b-f28c-489e-9861-b654b5ded507
3902861372,technical,Prioritization,,,unmatched,0.0,
3902861372,technical,Business Acumen,apply business acumen,,fuzzy_preferred,0.95,http://data.europa.eu/esco/skill/4ddf5204-95f5-4be2-ad35-571e2f493ae5
3905208418,technical,SQL,SQL,Database Language,technology_dictionary,1.0,
3905208418,technical,Database Design,design database scheme,,fuzzy_preferred,0.95,http://data.europa.eu/esco/skill/6c08403c-a5bb-4868-b8c2-b7d039c0e511
3905208418,technical,Data Structures,,,unmatched,0.0,
3905208418,technical,Systems Analysis,perform system analysis,,semantic,0.8463,http://data.europa.eu/esco/skill/3f86173d-e101-4fcd-934f-ff9de29c081c
3905208418,technical,Data Modeling,data models,,fuzzy_alt,0.96,http://data.europa.eu/esco/skill/fecf8a0d-62c4-4e71-9b03-0f4fc2ad7bf5
3905208418,technical,Reporting Systems,develop reporting software,,semantic,0.7912,http://data.europa.eu/esco/skill/9d2f77af-4307-4ac5-bc50-a9980cec7e83
3905208418,technical,Dashboards,,,unmatched,0.0,
3905208418,technical,Performance Metrics,,,unmatched,0.0,
3905208418,technical,Business Intelligence,business intelligence,,exact,1.0,http://data.europa.eu/esco/skill/143769cb-b61e-47d8-a61e-eedfbec1016c
3905208418,technical,Analytics,web analytics,,fuzzy_preferred,0.95,http://data.europa.eu/esco/skill/1605025e-a179-421f-8f35-5b07d182a6b2
3905208418,technical,Customer Data Analysis,customer segmentation,,semantic,0.7591,http://data.europa.eu/esco/skill/136e0cab-0b19-48f7-9086-745d615f416b
3905208418,technical,Database Management,database management systems,,fuzzy_preferred,0.95,http://data.europa.eu/esco/skill/ab1e97ed-2319-4293-a8b7-072d2648822f
3905208418,tool,Microsoft Excel,Microsoft Excel,Spreadsheet,technology_dictionary,1.0,
3905208418,technical,Microsoft Word,use microsoft office,,semantic,0.7613,http://data.europa.eu/esco/skill/f683ae1d-cb7c-4aa1-b9fe-205e1bd23535
3905208418,technical,Microsoft Power Platform,,,unmatched,0.0,
3905208418,technical,SharePoint,,,unmatched,0.0,
3905208418,technical,Microsoft Office,use microsoft office,,fuzzy_preferred,0.95,http://data.europa.eu/esco/skill/f683ae1d-cb7c-4aa1-b9fe-205e1bd23535
3905208418,soft,Communication,communication,,exact,1.0,http://data.europa.eu/esco/skill/15d76317-c71a-4fa2-aadc-2ecc34e627b7
3905208418,technical,Collaboration,,,unmatched,0.0,
3905208418,technical,Delegation,delegate responsibilities,,semantic,0.7659,http://data.europa.eu/esco/skill/b00e948c-19be-4951-8cff-60f88f1046e9
3905208418,soft,Problem Solving,solve problems,,fuzzy_alt,0.95,http://data.europa.eu/esco/skill/adc6dc11-3376-467b-96c5-9b0a21edc869
3905208418,technical,Quantitative Analysis,quantitative analysis,,exact,1.0,http://data.europa.eu/esco/skill/6360a934-cc87-4954-9656-b32db20592e3
3905208418,technical,Analytical Thinking,think analytically,,alt_label,0.99,http://data.europa.eu/esco/skill/4707da90-9cfc-46ca-8de0-38a0b7bfb137
3905208418,technical,Team Leadership,lead a team,,semantic,0.821,http://data.europa.eu/esco/skill/1f1d2ff8-c4c1-45cc-9812-6a7ee84a73cb
3905208418,technical,Team Management,manage a team,,semantic,0.8835,http://data.europa.eu/esco/skill/cb668e89-6ef5-4ff3-ab4a-506010e7e70b
3905208418,technical,Planning,urban planning,,semantic,0.7856,http://data.europa.eu/esco/skill/7f18039d-dfae-471b-9daa-507f6b2d2842
3905208418,technical,Project Management,project management,,exact,1.0,http://data.europa.eu/esco/skill/7111b95d-0ce3-441a-9d92-4c75d05c4388
3905208418,technical,Tier 3 Security Clearance,,,unmatched,0.0,
3906261179,technical,Statistics,statistics,,exact,1.0,http://data.europa.eu/esco/skill/7ee4c2ea-b349-4bd2-81a3-ec31475d4833
3906261179,technical,Machine Learning,machine learning,,exact,1.0,http://data.europa.eu/esco/skill/3a2d5b45-56e4-4f5a-a55a-4a4a65afdc43
3906261179,technical,Predictive Modeling,develop predictive models,,semantic,0.8702,http://data.europa.eu/esco/skill/e2887d71-8ff4-4188-9926-22bdaefa7713
3906261179,technical,Advanced Algorithms,algorithms,,semantic,0.838,http://data.europa.eu/esco/skill/54924a2c-daca-40d3-9716-4b38ceb04f38
3906261179,technical,Hypothesis Testing,,,unmatched,0.0,
3906261179,technical,Exploratory Data Analysis,,,unmatched,0.0,
3906261179,technical,Data Analysis,statistics,,alt_label,0.99,http://data.europa.eu/esco/skill/7ee4c2ea-b349-4bd2-81a3-ec31475d4833
3906261179,technical,Data Interpretation,interpret seismic data,,fuzzy_alt,0.95,http://data.europa.eu/esco/skill/e9b99d6e-c7ec-4f87-b7b4-b5322733c998
3906261179,technical,Data Mining,data mining,,exact,1.0,http://data.europa.eu/esco/skill/25f0ea33-b4a2-4f31-b7b4-7d20e827b180
3906261179,technical,Data Auditing,audit techniques,,semantic,0.7807,http://data.europa.eu/esco/skill/6a536b36-c5c7-4d10-bf67-a4fb0f8549b2
3906261179,technical,Data Aggregation,,,unmatched,0.0,
3906261179,technical,Data Reconciliation,,,unmatched,0.0,
3906261179,technical,Data Visualization,data visualisation software,,semantic,0.8764,http://data.europa.eu/esco/skill/65e58886-bd1e-4c5b-8ca5-8d9b353c8aa1
3906261179,technical,Data Modeling,data models,,fuzzy_alt,0.96,http://data.europa.eu/esco/skill/fecf8a0d-62c4-4e71-9b03-0f4fc2ad7bf5
3906261179,technical,Simulation,computer simulation,,semantic,0.8666,http://data.europa.eu/esco/skill/0823ccef-813f-4f22-afef-ac0d68615e8f
3906261179,technical,Advanced Mathematics,mathematics,,semantic,0.8292,http://data.europa.eu/esco/skill/4339176e-3acd-4f7f-a5d9-445bee3d23f2
3906261179,technical,Model Development,create model,,semantic,0.7853,http://data.europa.eu/esco/skill/02e22093-3436-46a8-8dc5-b041bc4800cc
3906261179,technical,Model Lifecycle Management,,,unmatched,0.0,
3906261179,technical,Credit Risk Analytics,,,unmatched,0.0,
3906261179,technical,Credit Card Underwriting,,,unmatched,0.0,
3906261179,technical,Account Management Strategies,develop account strategy,,semantic,0.8718,http://data.europa.eu/esco/skill/b0b453d0-c5d2-4799-ab26-8d90b17d0e67
3906261179,technical,Pricing Analytics,,,unmatched,0.0,
3906261179,technical,Lending Analytics,,,unmatched,0.0,
3906261179,technical,Software Development,Groovy,,fuzzy_alt,0.95,http://data.europa.eu/esco/skill/52cf3037-ab53-4806-85ed-7fd21ea7f6a1
3906261179,technical,Algorithm Development,task algorithmisation,,fuzzy_alt,0.95,http://data.europa.eu/esco/skill/7482a123-e801-48de-9733-262125671410
3906261179,technical,Process Automation,operate automated process control,,semantic,0.8438,http://data.europa.eu/esco/skill/0a0532c2-ee60-4410-8e07-70e4d69370ec
3906261179,technical,SQL,SQL,Database Language,technology_dictionary,1.0,
3906261179,technical,Python,Python,Programming Language,technology_dictionary,1.0,
3906261179,technical,R,R,Programming Language,technology_dictionary,1.0,
3906261179,technical,Scala,Scala,,exact,1.0,http://data.europa.eu/esco/skill/ffddfc7c-a9dd-449f-9e96-882dc447c8b6
3906261179,tool,SAS,SAS,Analytics,technology_dictionary,1.0,
3906261179,tool,SPSS,SPSS,Analytics,technology_dictionary,1.0,
3906261179,tool,Hadoop,Apache Hadoop,Big Data,technology_dictionary,1.0,
3906261179,tool,AWS,Amazon Web Services,Cloud,technology_dictionary,1.0,
3906261179,tool,GitHub,GitHub,Version Control,technology_dictionary,1.0,
3906261179,soft,Communication,communication,,exact,1.0,http://data.europa.eu/esco/skill/15d76317-c71a-4fa2-aadc-2ecc34e627b7
3906261179,technical,Written Communication,discern written communication,,fuzzy_preferred,0.95,http://data.europa.eu/esco/skill/0e161427-3369-47c0-8669-9e226207f6d0
3906261179,soft,Verbal Communication,communication,,semantic,0.7904,http://data.europa.eu/esco/skill/15d76317-c71a-4fa2-aadc-2ecc34e627b7
3906261179,technical,Analytical Skills,,,unmatched,0.0,
3906261179,technical,Leadership,leadership principles,,semantic,0.77,http://data.europa.eu/esco/skill/d5145a9a-602e-40bf-b3e1-f04cf9c3ef86
3906261179,technical,Mentoring,mentor individuals,,semantic,0.8722,http://data.europa.eu/esco/skill/a584a638-a2c0-4b3c-bdf3-a64f87225be9
3906261179,technical,Interpersonal Skills,,,unmatched,0.0,
3906261179,technical,Research Skills,,,unmatched,0.0,
3906261179,technical,Technical Writing,write technical reports,,fuzzy_alt,0.95,http://data.europa.eu/esco/skill/941364b9-1375-4add-9889-d67bae99bc8c
3906261179,technical,Data Storytelling,,,unmatched,0.0,
3906261179,technical,Technical Presentation,,,unmatched,0.0,
3906261179,technical,Critical Thinking,think critically,,fuzzy_alt,0.95,http://data.europa.eu/esco/skill/7dd94ad3-13d6-43fe-8b94-51fcbf67ced9
3906261179,technical,Collaboration,,,unmatched,0.0,
3906261179,technical,Relationship Building,,,unmatched,0.0,
3906261179,technical,Initiative,show initiative,,semantic,0.8116,http://data.europa.eu/esco/skill/001115fb-569f-4ee6-8381-c6807ef2527f
3906261179,technical,Sound Judgment,,,unmatched,0.0,
3906261179,technical,Independent Judgment,,,unmatched,0.0,
3906261179,soft,Problem Solving,solve problems,,fuzzy_alt,0.95,http://data.europa.eu/esco/skill/adc6dc11-3376-467b-96c5-9b0a21edc869
3906261179,technical,Project Leadership,project management,,semantic,0.7827,http://data.europa.eu/esco/skill/7111b95d-0ce3-441a-9d92-4c75d05c4388
3906261179,technical,Decision Making,make decisions,,semantic,0.8593,http://data.europa.eu/esco/skill/d62d2b4c-a6f8-439e-8a1b-4f29ab5f2c47
3904942700,technical,Data Analysis,statistics,,alt_label,0.99,http://data.europa.eu/esco/skill/7ee4c2ea-b349-4bd2-81a3-ec31475d4833
3904942700,technical,Data Verification,,,unmatched,0.0,
3904942700,technical,Data Evaluation,,,unmatched,0.0,
3904942700,technical,Data Quality Assessment,data quality assessment,,exact,1.0,http://data.europa.eu/esco/skill/cc7370dd-69fa-4c67-a96f-d4d135d38700
3904942700,technical,Information Validation,check correctness of information,,semantic,0.7575,http://data.europa.eu/esco/skill/525046fb-3e1a-4083-88e7-5db7e88bc4f7
3904942700,technical,Online Research,,,unmatched,0.0,
3904942700,technical,Search Engines,search engines,,exact,1.0,http://data.europa.eu/esco/skill/4bf59dde-8a03-483f-976a-45764f1e6d6f
3904942700,technical,Online Maps,,,unmatched,0.0,
3904942700,technical,Website Research,research website users,,fuzzy_preferred,0.95,http://data.europa.eu/esco/skill/5e14de3d-d055-427e-9f5b-eb068f56b019
3904942700,technical,Geospatial Data,,,unmatched,0.0,
3904942700,technical,Digital Maps,apply digital mapping,,semantic,0.8189,http://data.europa.eu/esco/skill/9295d1c5-8d7d-423e-a6ce-dfbc1d991f88
3904942700,technical,Content Evaluation,,,unmatched,0.0,
3904942700,technical,Relevance Assessment,,,unmatched,0.0,
3904942700,technical,Information Accuracy Assessment,,,unmatched,0.0,
3904942700,technical,Search Engines,search engines,,exact,1.0,http://data.europa.eu/esco/skill/4bf59dde-8a03-483f-976a-45764f1e6d6f
3904942700,technical,Online Maps,,,unmatched,0.0,
3904942700,technical,Web-Based Platform,web based collaborative platforms,,semantic,0.8059,http://data.europa.eu/esco/skill/93e65de1-923c-437e-aa5b-e6002967ce71
3904942700,technical,Website Information,,,unmatched,0.0,
3904942700,technical,Attention to Detail,attend to detail,,semantic,0.7608,http://data.europa.eu/esco/skill/83e6510b-ffeb-4aec-959c-4265fd0ff7b7
3904942700,technical,Research,,,unmatched,0.0,
3904942700,technical,Following Guidelines,,,unmatched,0.0,
3904942700,technical,Analytical Thinking,think analytically,,alt_label,0.99,http://data.europa.eu/esco/skill/4707da90-9cfc-46ca-8de0-38a0b7bfb137
3904942700,technical,Quality Focus,,,unmatched,0.0,
3904942700,technical,Time Management,manage time,,semantic,0.8936,http://data.europa.eu/esco/skill/d9013e0e-e937-43d5-ab71-0e917ee882b8
3904942700,technical,Independent Working,work independently,,fuzzy_alt,0.95,http://data.europa.eu/esco/skill/c29aa9d2-4da8-4bdd-831c-8d4a2fb51730
3904942700,technical,Adaptability,,,unmatched,0.0,
3903444746,tool,Power BI,Power BI,BI Tool,technology_dictionary,1.0,
3903444746,technical,Microsoft Power BI Service,,,unmatched,0.0,
3903444746,technical,Power Query,,,unmatched,0.0,
3903444746,technical,DAX,,,unmatched,0.0,
3903444746,technical,Data Analysis,statistics,,alt_label,0.99,http://data.europa.eu/esco/skill/7ee4c2ea-b349-4bd2-81a3-ec31475d4833
3903444746,technical,Business Intelligence,business intelligence,,exact,1.0,http://data.europa.eu/esco/skill/143769cb-b61e-47d8-a61e-eedfbec1016c
3903444746,technical,Dashboard Development,,,unmatched,0.0,
3903444746,technical,Report Development,develop reporting software,,semantic,0.8381,http://data.europa.eu/esco/skill/9d2f77af-4307-4ac5-bc50-a9980cec7e83
3903444746,technical,Data Visualization,data visualisation software,,semantic,0.8764,http://data.europa.eu/esco/skill/65e58886-bd1e-4c5b-8ca5-8d9b353c8aa1
3903444746,technical,Data Modeling,data models,,fuzzy_alt,0.96,http://data.europa.eu/esco/skill/fecf8a0d-62c4-4e71-9b03-0f4fc2ad7bf5
3903444746,technical,Data Automation,,,unmatched,0.0,
3903444746,technical,Process Automation,operate automated process control,,semantic,0.8438,http://data.europa.eu/esco/skill/0a0532c2-ee60-4410-8e07-70e4d69370ec
3903444746,technical,Data Latency Optimization,,,unmatched,0.0,
3903444746,tool,Microsoft Excel,Microsoft Excel,Spreadsheet,technology_dictionary,1.0,
3903444746,technical,Visual Basic,Visual Basic,,exact,1.0,http://data.europa.eu/esco/skill/13bdd41a-2a18-441f-96db-41252c519413
3903444746,technical,SQL Server Reporting Services (SSRS),,,unmatched,0.0,
3903444746,technical,Machine Learning,machine learning,,exact,1.0,http://data.europa.eu/esco/skill/3a2d5b45-56e4-4f5a-a55a-4a4a65afdc43
3903444746,tool,Power BI,Power BI,BI Tool,technology_dictionary,1.0,
3903444746,technical,Microsoft Power BI Service,,,unmatched,0.0,
3903444746,tool,Microsoft Excel,Microsoft Excel,Spreadsheet,technology_dictionary,1.0,
3903444746,technical,SQL Server Reporting Services (SSRS),,,unmatched,0.0,
3903444746,technical,Trust,build trust,,semantic,0.847,http://data.europa.eu/esco/skill/eade4171-3d57-4fb2-9518-44d5a1da4ff5
3903444746,technical,Integrity,morality,,alt_label,0.99,http://data.europa.eu/esco/skill/7cf2762d-32e1-4b21-8ef8-574e40310c18
3903444746,technical,Servant Leadership,,,unmatched,0.0,
3903444746,technical,Teamwork,manage teamwork,,semantic,0.8047,http://data.europa.eu/esco/skill/75e48971-3242-4ea5-a1ba-4deec48ad41c
3903444746,technical,Collaboration,,,unmatched,0.0,
3903444746,technical,Relationship Building,,,unmatched,0.0,
3903444746,soft,Communication,communication,,exact,1.0,http://data.europa.eu/esco/skill/15d76317-c71a-4fa2-aadc-2ecc34e627b7
3903444746,technical,Written Communication,discern written communication,,fuzzy_preferred,0.95,http://data.europa.eu/esco/skill/0e161427-3369-47c0-8669-9e226207f6d0
3903444746,soft,Verbal Communication,communication,,semantic,0.7904,http://data.europa.eu/esco/skill/15d76317-c71a-4fa2-aadc-2ecc34e627b7
3903444746,soft,Problem Solving,solve problems,,fuzzy_alt,0.95,http://data.europa.eu/esco/skill/adc6dc11-3376-467b-96c5-9b0a21edc869
3903444746,technical,Time Management,manage time,,semantic,0.8936,http://data.europa.eu/esco/skill/d9013e0e-e937-43d5-ab71-0e917ee882b8
3903444746,technical,Initiative,show initiative,,semantic,0.8116,http://data.europa.eu/esco/skill/001115fb-569f-4ee6-8381-c6807ef2527f
3903444746,technical,Independent Working,work independently,,fuzzy_alt,0.95,http://data.europa.eu/esco/skill/c29aa9d2-4da8-4bdd-831c-8d4a2fb51730
3903444746,technical,Sound Judgment,,,unmatched,0.0,
3903444746,technical,Multitasking,,,unmatched,0.0,
3903444746,technical,Prioritization,,,unmatched,0.0,
3903444746,technical,Stress Management,manage stress in the work place,,semantic,0.8191,http://data.europa.eu/esco/skill/fbdfc3bf-56a0-4454-a17d-2f513fe57b53
3903444746,technical,Adaptability,,,unmatched,0.0,
3903444746,technical,Leadership,leadership principles,,semantic,0.77,http://data.europa.eu/esco/skill/d5145a9a-602e-40bf-b3e1-f04cf9c3ef86
3904933849,technical,Business Process Analysis,business analysis,,fuzzy_preferred,0.95,http://data.europa.eu/esco/skill/633a3637-2c6b-40ae-ac38-289eb2a62aa6
3904933849,technical,Business Process Improvement,improve business processes,,semantic,0.8927,http://data.europa.eu/esco/skill/75b30aeb-34c0-40f4-b77d-271d75a98b14
3904933849,technical,Business Process Optimization,improve business processes,,semantic,0.7657,http://data.europa.eu/esco/skill/75b30aeb-34c0-40f4-b77d-271d75a98b14
3904933849,technical,Requirements Analysis,analyse business requirements,,fuzzy_alt,0.95,http://data.europa.eu/esco/skill/b04f377b-ee80-4b38-aca1-19d266a23b17
3904933849,technical,Requirements Documentation,,,unmatched,0.0,
3904933849,technical,User Acceptance Testing (UAT),,,unmatched,0.0,
3904933849,technical,User Story Creation,,,unmatched,0.0,
3904933849,technical,Backlog Management,manage backlogs,,semantic,0.9367,http://data.europa.eu/esco/skill/9c0ac2f1-6ed5-4413-9831-e8e3f8b0d695
3904933849,technical,Business Process Modeling,business process modelling,,alt_label,0.99,http://data.europa.eu/esco/skill/98301d4a-2cc3-439d-8d7f-0b6ac76302bb
3904933849,technical,Process Flow Diagrams,,,unmatched,0.0,
3904933849,technical,Data Analysis,statistics,,alt_label,0.99,http://data.europa.eu/esco/skill/7ee4c2ea-b349-4bd2-81a3-ec31475d4833
3904933849,technical,Data Integration,,,unmatched,0.0,
3904933849,technical,System Configuration,tools for software configuration management,,fuzzy_alt,0.95,http://data.europa.eu/esco/skill/9d2e926f-53d9-41f5-98f3-19dfaa687f3f
3904933849,technical,System Administration,manage administrative systems,,semantic,0.8121,http://data.europa.eu/esco/skill/77e7cb08-2c6f-42ab-881b-b34b2318acbe
3904933849,technical,Agile,ICT project management methodologies,,alt_label,0.99,http://data.europa.eu/esco/skill/bec4359e-cb92-468f-a997-8fb28e32fba9
3904933849,technical,SQL,SQL,Database Language,technology_dictionary,1.0,
3904933849,technical,Databases,use databases,,fuzzy_preferred,0.95,http://data.europa.eu/esco/skill/4463a721-69f3-413d-8321-43e3af13a4f1
3904933849,technical,Business Intelligence,business intelligence,,exact,1.0,http://data.europa.eu/esco/skill/143769cb-b61e-47d8-a61e-eedfbec1016c
3904933849,technical,Reporting,,,unmatched,0.0,
3904933849,technical,Microsoft Office,use microsoft office,,fuzzy_preferred,0.95,http://data.europa.eu/esco/skill/f683ae1d-cb7c-4aa1-b9fe-205e1bd23535
3904933849,tool,Microsoft Excel,Microsoft Excel,Spreadsheet,technology_dictionary,1.0,
3904933849,technical,Microsoft PowerPoint,use presentation software,,fuzzy_alt,0.95,http://data.europa.eu/esco/skill/234aeb8d-56c3-4531-9193-1c5e6a8d16cb
3904933849,technical,Microsoft Word,use microsoft office,,semantic,0.7613,http://data.europa.eu/esco/skill/f683ae1d-cb7c-4aa1-b9fe-205e1bd23535
3904933849,technical,Microsoft Outlook,,,unmatched,0.0,
3904933849,technical,JIRA,,,unmatched,0.0,
3904933849,technical,MIRO,,,unmatched,0.0,
3904933849,tool,Power BI,Power BI,BI Tool,technology_dictionary,1.0,
3904933849,tool,Tableau,Tableau,BI Tool,technology_dictionary,1.0,
3904933849,soft,Communication,communication,,exact,1.0,http://data.europa.eu/esco/skill/15d76317-c71a-4fa2-aadc-2ecc34e627b7
3904933849,technical,Presentation Skills,,,unmatched,0.0,
3904933849,technical,Cross-functional Collaboration,,,unmatched,0.0,
3904933849,technical,Stakeholder Management,engage with stakeholders,,semantic,0.776,http://data.europa.eu/esco/skill/99c4c69a-025c-464f-adda-874c7f107a31
3904933849,technical,Influencing,,,unmatched,0.0,
3904933849,technical,Negotiation,negotiate compromises,,semantic,0.7721,http://data.europa.eu/esco/skill/7954861c-86d4-4529-afbb-2c23dab9ac74
3904933849,technical,Organization,represent the organisation,,semantic,0.769,http://data.europa.eu/esco/skill/1a4fdd0e-2cbe-4b77-aa6e-e46efc181b76
3904933849,technical,Attention to Detail,attend to detail,,semantic,0.7608,http://data.europa.eu/esco/skill/83e6510b-ffeb-4aec-959c-4265fd0ff7b7
3904933849,technical,Agile Mindset,Agile development,,semantic,0.7556,http://data.europa.eu/esco/skill/dba46f87-0831-49cd-a1c7-340a653c0221
3904933849,technical,Analytical Thinking,think analytically,,alt_label,0.99,http://data.europa.eu/esco/skill/4707da90-9cfc-46ca-8de0-38a0b7bfb137
3904933849,soft,Problem Solving,solve problems,,fuzzy_alt,0.95,http://data.europa.eu/esco/skill/adc6dc11-3376-467b-96c5-9b0a21edc869
3904933849,technical,Prioritization,,,unmatched,0.0,
3904933849,technical,Time Management,manage time,,semantic,0.8936,http://data.europa.eu/esco/skill/d9013e0e-e937-43d5-ab71-0e917ee882b8
3898174047,technical,Business Analysis,business analysis,,exact,1.0,http://data.europa.eu/esco/skill/633a3637-2c6b-40ae-ac38-289eb2a62aa6
3898174047,technical,Business Process Analysis,business analysis,,fuzzy_preferred,0.95,http://data.europa.eu/esco/skill/633a3637-2c6b-40ae-ac38-289eb2a62aa6
3898174047,technical,Business Process Improvement,improve business processes,,semantic,0.8927,http://data.europa.eu/esco/skill/75b30aeb-34c0-40f4-b77d-271d75a98b14
3898174047,technical,Business Process Mapping,business processes,,semantic,0.775,http://data.europa.eu/esco/skill/9e84a506-df06-4be3-874a-fa01293e3dd5
3898174047,technical,Process Management,design management,,fuzzy_alt,0.95,http://data.europa.eu/esco/skill/33a0a2ea-025e-4107-8717-39ac45b3b78c
3898174047,technical,Project Management,project management,,exact,1.0,http://data.europa.eu/esco/skill/7111b95d-0ce3-441a-9d92-4c75d05c4388
3898174047,technical,Strategic Thinking,develop strategy to solve problems,,alt_label,0.99,http://data.europa.eu/esco/skill/7a8fb784-67fa-41e9-a75c-6b491d91f800
3898174047,technical,Change Management,apply change management,,alt_label,0.99,http://data.europa.eu/esco/skill/3c03ee71-4a23-448f-b79e-81fd75d27dca
3898174047,technical,Business Requirements Analysis,analyse business requirements,,alt_label,0.99,http://data.europa.eu/esco/skill/b04f377b-ee80-4b38-aca1-19d266a23b17
3898174047,technical,Business Architecture,design enterprise architecture,,fuzzy_alt,0.95,http://data.europa.eu/esco/skill/ee3c1d54-f46a-43c7-a0f9-0ba3648164d0
3898174047,technical,Process Reengineering,,,unmatched,0.0,
3898174047,technical,Systems Integration,ICT system integration,,fuzzy_alt,0.97,http://data.europa.eu/esco/skill/6fa1c2c0-a012-4ca0-9642-e01569ba322c
3898174047,technical,Technology Integration,,,unmatched,0.0,
3898174047,technical,Application Management,apply conflict management,,fuzzy_alt,0.95,http://data.europa.eu/esco/skill/0ee94af1-b445-4973-9c3f-459fab250342
3898174047,technical,Application Support,,,unmatched,0.0,
3898174047,technical,End-User Support,,,unmatched,0.0,
3898174047,technical,Systems Analysis,perform system analysis,,semantic,0.8463,http://data.europa.eu/esco/skill/3f86173d-e101-4fcd-934f-ff9de29c081c
3898174047,technical,Data Analysis,statistics,,alt_label,0.99,http://data.europa.eu/esco/skill/7ee4c2ea-b349-4bd2-81a3-ec31475d4833
3898174047,technical,Root Cause Analysis,root cause analysis,,exact,1.0,http://data.europa.eu/esco/skill/55514865-3066-4abd-86a9-dbe45a440882
3898174047,technical,Process Documentation,,,unmatched,0.0,
3898174047,technical,Training Material Development,create training materials,,semantic,0.8792,http://data.europa.eu/esco/skill/4c5d616e-f6d8-4fb4-8ce6-89a4b048b916
3898174047,technical,Job Aid Development,,,unmatched,0.0,
3898174047,technical,Project Planning,evaluate project plans,,fuzzy_alt,0.95,http://data.europa.eu/esco/skill/2db2d9a8-298d-4d1a-a194-d3282e70d6cb
3898174047,technical,Project Execution,,,unmatched,0.0,
3898174047,technical,Project Monitoring,,,unmatched,0.0,
3898174047,technical,Business Process Documentation,,,unmatched,0.0,
3898174047,technical,Microsoft Office,use microsoft office,,fuzzy_preferred,0.95,http://data.europa.eu/esco/skill/f683ae1d-cb7c-4aa1-b9fe-205e1bd23535
3898174047,technical,Microsoft Office,use microsoft office,,fuzzy_preferred,0.95,http://data.europa.eu/esco/skill/f683ae1d-cb7c-4aa1-b9fe-205e1bd23535
3898174047,technical,Analytical Thinking,think analytically,,alt_label,0.99,http://data.europa.eu/esco/skill/4707da90-9cfc-46ca-8de0-38a0b7bfb137
3898174047,soft,Problem Solving,solve problems,,fuzzy_alt,0.95,http://data.europa.eu/esco/skill/adc6dc11-3376-467b-96c5-9b0a21edc869
3898174047,technical,Critical Thinking,think critically,,fuzzy_alt,0.95,http://data.europa.eu/esco/skill/7dd94ad3-13d6-43fe-8b94-51fcbf67ced9
3898174047,soft,Communication,communication,,exact,1.0,http://data.europa.eu/esco/skill/15d76317-c71a-4fa2-aadc-2ecc34e627b7
3898174047,technical,Written Communication,discern written communication,,fuzzy_preferred,0.95,http://data.europa.eu/esco/skill/0e161427-3369-47c0-8669-9e226207f6d0
3898174047,soft,Oral Communication,communication,,fuzzy_preferred,0.95,http://data.europa.eu/esco/skill/15d76317-c71a-4fa2-aadc-2ecc34e627b7
3898174047,technical,Collaboration,,,unmatched,0.0,
3898174047,technical,Leadership,leadership principles,,semantic,0.77,http://data.europa.eu/esco/skill/d5145a9a-602e-40bf-b3e1-f04cf9c3ef86
3898174047,technical,People Skills,,,unmatched,0.0,
3898174047,technical,Relationship Management,customer relationship management,,fuzzy_preferred,0.95,http://data.europa.eu/esco/skill/dc9a236c-c640-43c3-812f-269403591edb
3898174047,technical,Stakeholder Management,engage with stakeholders,,semantic,0.776,http://data.europa.eu/esco/skill/99c4c69a-025c-464f-adda-874c7f107a31
3898174047,technical,Self-Motivation,motivate others,,semantic,0.7575,http://data.europa.eu/esco/skill/e2d44a9b-f28c-489e-9861-b654b5ded507
3898174047,technical,Independent Working,work independently,,fuzzy_alt,0.95,http://data.europa.eu/esco/skill/c29aa9d2-4da8-4bdd-831c-8d4a2fb51730
3898174047,technical,Teamwork,manage teamwork,,semantic,0.8047,http://data.europa.eu/esco/skill/75e48971-3242-4ea5-a1ba-4deec48ad41c
3898174047,technical,Strategic Thinking,develop strategy to solve problems,,alt_label,0.99,http://data.europa.eu/esco/skill/7a8fb784-67fa-41e9-a75c-6b491d91f800
3898174047,technical,Change Leadership,,,unmatched,0.0,
3898174047,technical,Decision Making,make decisions,,semantic,0.8593,http://data.europa.eu/esco/skill/d62d2b4c-a6f8-439e-8a1b-4f29ab5f2c47
3898174047,technical,Innovation,innovation processes,,semantic,0.7867,http://data.europa.eu/esco/skill/2fb8480e-de3c-462b-b169-e8bbb344da68
3902302203,technical,Sales Operations,sales activities,,alt_label,0.99,http://data.europa.eu/esco/skill/450de541-797a-4da0-9fe4-a81471c8047d
3902302203,technical,Sales Analytics,business analytics,,semantic,0.8724,http://data.europa.eu/esco/skill/98a1dec3-8138-4f46-a596-5e2a83b884b9
3902302203,technical,Sales Force Effectiveness,,,unmatched,0.0,
3902302203,technical,Sales Enablement,,,unmatched,0.0,
3902302203,technical,Commercial Operations,,,unmatched,0.0,
3902302203,technical,Commercial Excellence,,,unmatched,0.0,
3902302203,technical,Demand Planning,,,unmatched,0.0,
3902302203,technical,Sales and Operations Planning (S&OP),,,unmatched,0.0,
3902302203,technical,Sales Forecasting,forecast sales over periods of time,,semantic,0.8334,http://data.europa.eu/esco/skill/146eccdc-c52a-4d61-9406-3af617caa7d6
3902302203,technical,Forecasting,financial forecasting,,semantic,0.8026,http://data.europa.eu/esco/skill/4b2db903-cd8e-48ce-97fb-a92db4def54e
3902302203,technical,Sales Planning,sales strategies,,semantic,0.8219,http://data.europa.eu/esco/skill/e7219848-a27a-4bf4-8775-d367707be7c9
3902302203,technical,Sales Performance Analysis,carry out sales analysis,,semantic,0.7868,http://data.europa.eu/esco/skill/2dd6ecdf-8a08-438b-8b4b-e0374f7b523b
3902302203,technical,Sales Quota Management,,,unmatched,0.0,
3902302203,technical,Sales Compensation,,,unmatched,0.0,
3902302203,technical,Territory Management,apply territory planning,,semantic,0.7866,http://data.europa.eu/esco/skill/f1f5eb7f-1776-456b-83a4-f3e06df2da5a
3902302203,technical,Market Analysis,market analysis,,exact,1.0,http://data.europa.eu/esco/skill/b011c8b4-76e1-4bbc-8bb9-1d205e7b618a
3902302203,technical,Margin Analysis,,,unmatched,0.0,
3902302203,technical,Pricing Analysis,market pricing,,semantic,0.8122,http://data.europa.eu/esco/skill/d5111703-c344-484d-bef1-9565a278166a
3902302203,technical,Data Analysis,statistics,,alt_label,0.99,http://data.europa.eu/esco/skill/7ee4c2ea-b349-4bd2-81a3-ec31475d4833
3902302203,technical,Business Analytics,business analysis,,exact,1.0,http://data.europa.eu/esco/skill/633a3637-2c6b-40ae-ac38-289eb2a62aa6
3902302203,technical,Performance Metrics,,,unmatched,0.0,
3902302203,technical,Business Intelligence,business intelligence,,exact,1.0,http://data.europa.eu/esco/skill/143769cb-b61e-47d8-a61e-eedfbec1016c
3902302203,technical,CRM,customer relationship management,,alt_label,0.99,http://data.europa.eu/esco/skill/dc9a236c-c640-43c3-812f-269403591edb
3902302203,technical,Knowledge Management,knowledge management,,exact,1.0,http://data.europa.eu/esco/skill/8622f74f-61b7-4664-862a-7c1dea8041f0
3902302203,technical,Project Tracking,,,unmatched,0.0,
3902302203,technical,Program Management,program management,,exact,1.0,http://data.europa.eu/esco/skill/06d09f70-6ca8-4078-be72-4c2c2a11ee61
3902302203,technical,Strategic Planning,strategic planning,,exact,1.0,http://data.europa.eu/esco/skill/949ced5f-7536-4614-ac60-563ffc91a2f2
3902302203,technical,Salesforce,,,unmatched,0.0,
3902302203,tool,Power BI,Power BI,BI Tool,technology_dictionary,1.0,
3902302203,technical,Salesforce,,,unmatched,0.0,
3902302203,tool,Power BI,Power BI,BI Tool,technology_dictionary,1.0,
3902302203,technical,CRM System,,,unmatched,0.0,
3902302203,technical,Strategic Planning,strategic planning,,exact,1.0,http://data.europa.eu/esco/skill/949ced5f-7536-4614-ac60-563ffc91a2f2
3902302203,technical,Leadership,leadership principles,,semantic,0.77,http://data.europa.eu/esco/skill/d5145a9a-602e-40bf-b3e1-f04cf9c3ef86
3902302203,technical,People Management,,,unmatched,0.0,
3902302203,soft,Problem Solving,solve problems,,fuzzy_alt,0.95,http://data.europa.eu/esco/skill/adc6dc11-3376-467b-96c5-9b0a21edc869
3902302203,technical,Critical Thinking,think critically,,fuzzy_alt,0.95,http://data.europa.eu/esco/skill/7dd94ad3-13d6-43fe-8b94-51fcbf67ced9
3902302203,soft,Communication,communication,,exact,1.0,http://data.europa.eu/esco/skill/15d76317-c71a-4fa2-aadc-2ecc34e627b7
3902302203,technical,Presentation Skills,,,unmatched,0.0,
3902302203,technical,Stakeholder Management,engage with stakeholders,,semantic,0.776,http://data.europa.eu/esco/skill/99c4c69a-025c-464f-adda-874c7f107a31
3902302203,technical,Cross-functional Collaboration,,,unmatched,0.0,
3902302203,technical,Influencing,,,unmatched,0.0,
3902302203,technical,Decision Making,make decisions,,semantic,0.8593,http://data.europa.eu/esco/skill/d62d2b4c-a6f8-439e-8a1b-4f29ab5f2c47
3902302203,technical,Project Leadership,project management,,semantic,0.7827,http://data.europa.eu/esco/skill/7111b95d-0ce3-441a-9d92-4c75d05c4388
3902302203,technical,Program Management,program management,,exact,1.0,http://data.europa.eu/esco/skill/06d09f70-6ca8-4078-be72-4c2c2a11ee61
3902302203,technical,Relationship Building,,,unmatched,0.0,
3902302203,technical,Analytical Thinking,think analytically,,alt_label,0.99,http://data.europa.eu/esco/skill/4707da90-9cfc-46ca-8de0-38a0b7bfb137
3891289535,technical,Strategic Workforce Planning,,,unmatched,0.0,
3891289535,technical,Workforce Planning,,,unmatched,0.0,
3891289535,technical,Workforce Optimization,,,unmatched,0.0,
3891289535,technical,Organizational Design,,,unmatched,0.0,
3891289535,technical,Talent Analytics,,,unmatched,0.0,
3891289535,technical,HR Analytics,,,unmatched,0.0,
3891289535,technical,Predictive Modeling,develop predictive models,,semantic,0.8702,http://data.europa.eu/esco/skill/e2887d71-8ff4-4188-9926-22bdaefa7713
3891289535,technical,Advanced Analytics,web analytics,,semantic,0.762,http://data.europa.eu/esco/skill/1605025e-a179-421f-8f35-5b07d182a6b2
3891289535,technical,Data Analytics,data analytics,,exact,1.0,http://data.europa.eu/esco/skill/97bd1c21-66b2-4b7e-ad0f-e3cda590e378
3891289535,technical,Data Visualization,data visualisation software,,semantic,0.8764,http://data.europa.eu/esco/skill/65e58886-bd1e-4c5b-8ca5-8d9b353c8aa1
3891289535,technical,Data-Driven Decision Making,make data-driven decisions,,semantic,0.914,http://data.europa.eu/esco/skill/be20d05c-f6b4-4580-9fcf-f00f4baab562
3891289535,technical,Predictive Analytics,develop predictive models,,semantic,0.7572,http://data.europa.eu/esco/skill/e2887d71-8ff4-4188-9926-22bdaefa7713
3891289535,technical,HR Reporting,,,unmatched,0.0,
3891289535,technical,Workforce Modeling,,,unmatched,0.0,
3891289535,technical,Talent Forecasting,,,unmatched,0.0,
3891289535,technical,Skill Gap Analysis,identify skills gaps,,semantic,0.8313,http://data.europa.eu/esco/skill/c434afc6-7465-4772-84d1-0e4d556e5416
3891289535,technical,Succession Planning,,,unmatched,0.0,
3891289535,technical,Workforce Trend Analysis,,,unmatched,0.0,
3891289535,technical,Organizational Performance Analysis,,,unmatched,0.0,
3891289535,technical,HR Metrics,,,unmatched,0.0,
3891289535,technical,Dashboard Development,,,unmatched,0.0,
3891289535,technical,Report Development,develop reporting software,,semantic,0.8381,http://data.europa.eu/esco/skill/9d2f77af-4307-4ac5-bc50-a9980cec7e83
3891289535,technical,Business Intelligence,business intelligence,,exact,1.0,http://data.europa.eu/esco/skill/143769cb-b61e-47d8-a61e-eedfbec1016c
3891289535,technical,Automation,automation technology,,semantic,0.8913,http://data.europa.eu/esco/skill/f4a6e9f7-5cff-46c0-894c-59c20bb78694
3891289535,technical,Change Management,apply change management,,alt_label,0.99,http://data.europa.eu/esco/skill/3c03ee71-4a23-448f-b79e-81fd75d27dca
3891289535,technical,Leadership,leadership principles,,semantic,0.77,http://data.europa.eu/esco/skill/d5145a9a-602e-40bf-b3e1-f04cf9c3ef86
3891289535,technical,Team Leadership,lead a team,,semantic,0.821,http://data.europa.eu/esco/skill/1f1d2ff8-c4c1-45cc-9812-6a7ee84a73cb
3891289535,technical,Mentoring,mentor individuals,,semantic,0.8722,http://data.europa.eu/esco/skill/a584a638-a2c0-4b3c-bdf3-a64f87225be9
3891289535,technical,Coaching,coaching techniques,,semantic,0.7952,http://data.europa.eu/esco/skill/c6c1af60-9594-460c-a328-00f9ad292be0
3891289535,soft,Communication,communication,,exact,1.0,http://data.europa.eu/esco/skill/15d76317-c71a-4fa2-aadc-2ecc34e627b7
3891289535,technical,Presentation Skills,,,unmatched,0.0,
3891289535,technical,Negotiation,negotiate compromises,,semantic,0.7721,http://data.europa.eu/esco/skill/7954861c-86d4-4529-afbb-2c23dab9ac74
3891289535,technical,Influencing,,,unmatched,0.0,
3891289535,technical,Relationship Building,,,unmatched,0.0,
3891289535,technical,Stakeholder Management,engage with stakeholders,,semantic,0.776,http://data.europa.eu/esco/skill/99c4c69a-025c-464f-adda-874c7f107a31
3891289535,technical,Cross-functional Collaboration,,,unmatched,0.0,
3891289535,technical,Strategic Thinking,develop strategy to solve problems,,alt_label,0.99,http://data.europa.eu/esco/skill/7a8fb784-67fa-41e9-a75c-6b491d91f800
3891289535,technical,Analytical Thinking,think analytically,,alt_label,0.99,http://data.europa.eu/esco/skill/4707da90-9cfc-46ca-8de0-38a0b7bfb137
3891289535,technical,Critical Thinking,think critically,,fuzzy_alt,0.95,http://data.europa.eu/esco/skill/7dd94ad3-13d6-43fe-8b94-51fcbf67ced9
3891289535,technical,Business Acumen,apply business acumen,,fuzzy_preferred,0.95,http://data.europa.eu/esco/skill/4ddf5204-95f5-4be2-ad35-571e2f493ae5
3891289535,technical,Decision Making,make decisions,,semantic,0.8593,http://data.europa.eu/esco/skill/d62d2b4c-a6f8-439e-8a1b-4f29ab5f2c47
3891289535,technical,Innovation,innovation processes,,semantic,0.7867,http://data.europa.eu/esco/skill/2fb8480e-de3c-462b-b169-e8bbb344da68
3891289535,technical,Continuous Learning,,,unmatched,0.0,
3891289535,technical,Curiosity,demonstrate curiosity,,alt_label,0.99,http://data.europa.eu/esco/skill/429062f1-a958-43ea-83dd-4e1af078c156
3891289535,technical,Growth Mindset,,,unmatched,0.0,
3891289535,technical,Accountability,accept own accountability,,semantic,0.8371,http://data.europa.eu/esco/skill/f90d4810-8bac-4e5e-b870-3e35a4138ff7
3891289535,technical,Customer Focus,,,unmatched,0.0,
3891289535,technical,Agility,,,unmatched,0.0,
3891289535,technical,Adaptability,,,unmatched,0.0,
3891289535,technical,Time Management,manage time,,semantic,0.8936,http://data.europa.eu/esco/skill/d9013e0e-e937-43d5-ab71-0e917ee882b8
3891289535,technical,Prioritization,,,unmatched,0.0,
3891289535,soft,Problem Solving,solve problems,,fuzzy_alt,0.95,http://data.europa.eu/esco/skill/adc6dc11-3376-467b-96c5-9b0a21edc869
3891289535,technical,Trust Building,build trust,,semantic,0.9249,http://data.europa.eu/esco/skill/eade4171-3d57-4fb2-9518-44d5a1da4ff5
3902862582,technical,Python,Python,Programming Language,technology_dictionary,1.0,
3902862582,technical,PySpark,,,unmatched,0.0,
3902862582,technical,SQL,SQL,Database Language,technology_dictionary,1.0,
3902862582,technical,Relational Databases,database,,fuzzy_alt,0.97,http://data.europa.eu/esco/skill/43ae58b9-5e56-4524-b45a-b422777a0576
3902862582,technical,Data Warehousing,implement data warehousing techniques,,semantic,0.9247,http://data.europa.eu/esco/skill/fd6d2981-3d4a-4ce2-9741-cfc98c5b74bd
3902862582,technical,BigQuery,,,unmatched,0.0,
3902862582,technical,Google Cloud Platform (GCP),,,unmatched,0.0,
3902862582,technical,Google Cloud,,,unmatched,0.0,
3902862582,technical,Machine Learning,machine learning,,exact,1.0,http://data.europa.eu/esco/skill/3a2d5b45-56e4-4f5a-a55a-4a4a65afdc43
3902862582,technical,Artificial Intelligence,principles of artificial intelligence,,fuzzy_alt,0.95,http://data.europa.eu/esco/skill/e465a154-93f7-4973-9ce1-31659fe16dd2
3902862582,technical,Deep Learning,deep learning,,exact,1.0,http://data.europa.eu/esco/skill/ecc4552a-92c5-4222-b18d-faf5ac841080
3902862582,technical,Large Language Models (LLMs),,,unmatched,0.0,
3902862582,technical,Transformers,electrical machines,,alt_label,0.99,http://data.europa.eu/esco/skill/f0ab5d57-4be7-411b-afce-b4a76a142302
3902862582,technical,Scikit-learn,,,unmatched,0.0,
3902862582,technical,spaCy,,,unmatched,0.0,
3902862582,tool,TensorFlow,TensorFlow,Machine Learning,technology_dictionary,1.0,
3902862582,technical,Keras,computer vision,,alt_label,0.99,http://data.europa.eu/esco/skill/7b0d5000-00da-4864-b776-6de49a87a669
3902862582,tool,PyTorch,PyTorch,Machine Learning,technology_dictionary,1.0,
3902862582,technical,K-Nearest Neighbors (K-NN),,,unmatched,0.0,
3902862582,technical,Locality Sensitive Hashing (LSH),,,unmatched,0.0,
3902862582,technical,Logistic Regression,,,unmatched,0.0,
3902862582,technical,Linear Regression,,,unmatched,0.0,
3902862582,technical,Support Vector Machine (SVM),,,unmatched,0.0,
3902862582,technical,Random Forest,,,unmatched,0.0,
3902862582,technical,Clustering,,,unmatched,0.0,
3902862582,technical,Regression,,,unmatched,0.0,
3902862582,technical,Classification,debt classification,,fuzzy_preferred,0.95,http://data.europa.eu/esco/skill/5c2a951c-9eb3-45a7-af45-39f3bf3a095d
3902862582,technical,Unsupervised Learning,machine learning,,alt_label,0.99,http://data.europa.eu/esco/skill/3a2d5b45-56e4-4f5a-a55a-4a4a65afdc43
3902862582,technical,Multi-Layer Perceptron (MLP),,,unmatched,0.0,
3902862582,technical,Convolutional Neural Networks (CNN),,,unmatched,0.0,
3902862582,technical,Recurrent Neural Networks (RNN),,,unmatched,0.0,
3902862582,technical,Long Short-Term Memory (LSTM),,,unmatched,0.0,
3902862582,technical,Generative Adversarial Networks (GANs),,,unmatched,0.0,
3902862582,technical,Recommendation Systems,build recommender systems,,fuzzy_alt,0.95,http://data.europa.eu/esco/skill/505e4ef3-7ce4-437d-b7b4-5c608f71c258
3902862582,technical,Cross-sell Modeling,utilise cross-selling,,semantic,0.7653,http://data.europa.eu/esco/skill/d9fe85a8-d69f-40bc-9a1f-57c23ec273cf
3902862582,technical,Upsell Modeling,upsell products,,semantic,0.7598,http://data.europa.eu/esco/skill/306a1555-9fa2-47af-b996-a0a8833cbe81
3902862582,technical,Category Propensity Modeling,,,unmatched,0.0,
3902862582,technical,MLOps,,,unmatched,0.0,
3902862582,technical,Model Deployment,,,unmatched,0.0,
3902862582,technical,Real-time AI/ML Model Deployment,,,unmatched,0.0,
3902862582,technical,Workflow Orchestration,,,unmatched,0.0,
3902862582,technical,Feature Engineering,perform dimensionality reduction,,fuzzy_alt,0.95,http://data.europa.eu/esco/skill/3e2ab38a-4519-4bef-b762-a8bf4836a775
3902862582,technical,Data Cleaning,perform data cleansing,,semantic,0.8936,http://data.europa.eu/esco/skill/50b100ea-74fd-4706-99db-3e4ca55e51b8
3902862582,technical,Data Preprocessing,,,unmatched,0.0,
3902862582,technical,Data Collection,statistics,,alt_label,0.99,http://data.europa.eu/esco/skill/7ee4c2ea-b349-4bd2-81a3-ec31475d4833
3902862582,technical,AI/ML Model Training,,,unmatched,0.0,
3902862582,technical,AI/ML Model Inference,,,unmatched,0.0,
3902862582,technical,Google Cloud Platform (GCP),,,unmatched,0.0,
3902862582,technical,BigQuery,,,unmatched,0.0,
3902862582,technical,Scikit-learn,,,unmatched,0.0,
3902862582,technical,spaCy,,,unmatched,0.0,
3902862582,tool,TensorFlow,TensorFlow,Machine Learning,technology_dictionary,1.0,
3902862582,technical,Keras,computer vision,,alt_label,0.99,http://data.europa.eu/esco/skill/7b0d5000-00da-4864-b776-6de49a87a669
3902862582,tool,PyTorch,PyTorch,Machine Learning,technology_dictionary,1.0,
3902862582,tool,Airflow,Apache Airflow,Workflow,technology_dictionary,1.0,
3902862582,soft,Problem Solving,solve problems,,fuzzy_alt,0.95,http://data.europa.eu/esco/skill/adc6dc11-3376-467b-96c5-9b0a21edc869
3902862582,technical,Analytical Skills,,,unmatched,0.0,
3902862582,technical,Written Communication,discern written communication,,fuzzy_preferred,0.95,http://data.europa.eu/esco/skill/0e161427-3369-47c0-8669-9e226207f6d0
3902862582,soft,Verbal Communication,communication,,semantic,0.7904,http://data.europa.eu/esco/skill/15d76317-c71a-4fa2-aadc-2ecc34e627b7
3902862582,technical,Presentation Skills,,,unmatched,0.0,
3902862582,technical,Mentoring,mentor individuals,,semantic,0.8722,http://data.europa.eu/esco/skill/a584a638-a2c0-4b3c-bdf3-a64f87225be9
3901944658,technical,Vlocity,,,unmatched,0.0,
3901944658,technical,Salesforce,,,unmatched,0.0,
3901944658,technical,Salesforce CRM,,,unmatched,0.0,
3901944658,technical,REST APIs,,,unmatched,0.0,
3901944658,technical,REST Endpoints,,,unmatched,0.0,
3901944658,technical,Telecom BSS/OSS,,,unmatched,0.0,
3901944658,technical,CRM,customer relationship management,,alt_label,0.99,http://data.europa.eu/esco/skill/dc9a236c-c640-43c3-812f-269403591edb
3901944658,technical,CPQ,,,unmatched,0.0,
3901944658,technical,Enterprise Product Catalog (EPC),,,unmatched,0.0,
3901944658,technical,Order Management,prepare orders,,semantic,0.7513,http://data.europa.eu/esco/skill/24c4beb4-429c-4cd1-b0bd-c04ba4c82e13
3901944658,technical,Business Analysis,business analysis,,exact,1.0,http://data.europa.eu/esco/skill/633a3637-2c6b-40ae-ac38-289eb2a62aa6
3901944658,technical,Business Process Modeling,business process modelling,,alt_label,0.99,http://data.europa.eu/esco/skill/98301d4a-2cc3-439d-8d7f-0b6ac76302bb
3901944658,technical,Information Modeling,,,unmatched,0.0,
3901944658,technical,Use Cases,,,unmatched,0.0,
3901944658,technical,User Stories,,,unmatched,0.0,
3901944658,technical,Acceptance Criteria,,,unmatched,0.0,
3901944658,technical,End-to-End (E2E) Solutioning,,,unmatched,0.0,
3901944658,technical,Component Design,design metal components,,fuzzy_alt,0.95,http://data.europa.eu/esco/skill/16886497-e872-421a-8b9c-dc7fbbbb1ba5
3901944658,technical,UI/UX Design,design user interface,,semantic,0.7858,http://data.europa.eu/esco/skill/fd33c66c-70c4-40e6-b87c-5495bd3bf26e
3901944658,technical,Data Mapping,collect mapping data,,semantic,0.8115,http://data.europa.eu/esco/skill/2b834a98-14ff-47e1-8aef-cf8ffae912fa
3901944658,technical,Data Modeling,data models,,fuzzy_alt,0.96,http://data.europa.eu/esco/skill/fecf8a0d-62c4-4e71-9b03-0f4fc2ad7bf5
3901944658,technical,Data Flow Diagrams,,,unmatched,0.0,
3901944658,technical,Process Flow Charts,,,unmatched,0.0,
3901944658,technical,Requirements Gathering,interact with users to gather requirements,,semantic,0.7574,http://data.europa.eu/esco/skill/a8797f21-1af0-4c5e-98ca-bf1442929363
3901944658,technical,Requirements Analysis,analyse business requirements,,fuzzy_alt,0.95,http://data.europa.eu/esco/skill/b04f377b-ee80-4b38-aca1-19d266a23b17
3901944658,technical,Product Roadmap,,,unmatched,0.0,
3901944658,technical,Product Management,plan product management,,fuzzy_preferred,0.95,http://data.europa.eu/esco/skill/29fb886c-6be0-4e93-9ea1-232881f2092a
3901944658,technical,Integration Design,,,unmatched,0.0,
3901944658,technical,Quality Assurance,liaise with quality assurance,,fuzzy_alt,0.95,http://data.europa.eu/esco/skill/99ca6ed2-b6b8-4eb0-8180-92e750e546be
3901944658,technical,Test Strategy,test safety strategies,,semantic,0.7567,http://data.europa.eu/esco/skill/bf318ffc-0b68-4915-80be-8c8b500d344c
3901944658,technical,Test Planning,,,unmatched,0.0,
3901944658,technical,Agile,ICT project management methodologies,,alt_label,0.99,http://data.europa.eu/esco/skill/bec4359e-cb92-468f-a997-8fb28e32fba9
3901944658,technical,Software Delivery Methodologies,,,unmatched,0.0,
3901944658,technical,TM Forum Frameworx,,,unmatched,0.0,
3901944658,technical,eTOM,,,unmatched,0.0,
3901944658,technical,SID,,,unmatched,0.0,
3901944658,technical,Vlocity,,,unmatched,0.0,
3901944658,technical,Salesforce CRM,,,unmatched,0.0,
3901944658,technical,Lucidchart,,,unmatched,0.0,
3901944658,technical,Microsoft Visio,Microsoft Visio,,exact,1.0,http://data.europa.eu/esco/skill/86f7126d-97fd-4da5-be96-d1cf6ecd54e6
3901944658,technical,UML,unified modelling language,,alt_label,0.99,http://data.europa.eu/esco/skill/7193cb6d-8334-494f-86e5-21e6d03a47c3
3901944658,soft,Communication,communication,,exact,1.0,http://data.europa.eu/esco/skill/15d76317-c71a-4fa2-aadc-2ecc34e627b7
3901944658,technical,Written Communication,discern written communication,,fuzzy_preferred,0.95,http://data.europa.eu/esco/skill/0e161427-3369-47c0-8669-9e226207f6d0
3901944658,soft,Verbal Communication,communication,,semantic,0.7904,http://data.europa.eu/esco/skill/15d76317-c71a-4fa2-aadc-2ecc34e627b7
3901944658,technical,Visual Communication,manage visual communications,,fuzzy_alt,0.95,http://data.europa.eu/esco/skill/50b96d21-f2eb-4f35-a8d3-77eee15ef51f
3901944658,technical,Collaboration,,,unmatched,0.0,
3901944658,technical,Leadership,leadership principles,,semantic,0.77,http://data.europa.eu/esco/skill/d5145a9a-602e-40bf-b3e1-f04cf9c3ef86
3901944658,technical,Interpersonal Skills,,,unmatched,0.0,
3901944658,soft,Problem Solving,solve problems,,fuzzy_alt,0.95,http://data.europa.eu/esco/skill/adc6dc11-3376-467b-96c5-9b0a21edc869
3901944658,technical,Requirements Documentation,,,unmatched,0.0,
3901944658,technical,Stakeholder Management,engage with stakeholders,,semantic,0.776,http://data.europa.eu/esco/skill/99c4c69a-025c-464f-adda-874c7f107a31
3901944658,technical,Attention to Detail,attend to detail,,semantic,0.7608,http://data.europa.eu/esco/skill/83e6510b-ffeb-4aec-959c-4265fd0ff7b7
3901944658,technical,Self-directed,,,unmatched,0.0,
3901944658,technical,Proactive,,,unmatched,0.0,
3901944658,technical,Time Management,manage time,,semantic,0.8936,http://data.europa.eu/esco/skill/d9013e0e-e937-43d5-ab71-0e917ee882b8
3905329372,technical,Customer Identity and Access Management (CIAM),,,unmatched,0.0,
3905329372,technical,Identity and Access Management (IAM),,,unmatched,0.0,
3905329372,technical,Business Systems Analysis,business analysis,,fuzzy_preferred,0.95,http://data.europa.eu/esco/skill/633a3637-2c6b-40ae-ac38-289eb2a62aa6
3905329372,technical,Business Analysis,business analysis,,exact,1.0,http://data.europa.eu/esco/skill/633a3637-2c6b-40ae-ac38-289eb2a62aa6
3905329372,technical,Requirements Gathering,interact with users to gather requirements,,semantic,0.7574,http://data.europa.eu/esco/skill/a8797f21-1af0-4c5e-98ca-bf1442929363
3905329372,technical,Requirements Analysis,analyse business requirements,,fuzzy_alt,0.95,http://data.europa.eu/esco/skill/b04f377b-ee80-4b38-aca1-19d266a23b17
3905329372,technical,Business Requirements,analyse business requirements,,fuzzy_preferred,0.95,http://data.europa.eu/esco/skill/b04f377b-ee80-4b38-aca1-19d266a23b17
3905329372,technical,Process Specifications,dairy manufacturing specifications,,fuzzy_alt,0.95,http://data.europa.eu/esco/skill/c299e8b0-5b02-4119-a49b-65143da23e90
3905329372,technical,Product Management,plan product management,,fuzzy_preferred,0.95,http://data.europa.eu/esco/skill/29fb886c-6be0-4e93-9ea1-232881f2092a
3905329372,technical,Product Strategy,,,unmatched,0.0,
3905329372,technical,Product Roadmap,,,unmatched,0.0,
3905329372,technical,Product Vision,,,unmatched,0.0,
3905329372,technical,Feature Stories,,,unmatched,0.0,
3905329372,technical,User Stories,,,unmatched,0.0,
3905329372,technical,Technical Design,,,unmatched,0.0,
3905329372,technical,Agile,ICT project management methodologies,,alt_label,0.99,http://data.europa.eu/esco/skill/bec4359e-cb92-468f-a997-8fb28e32fba9
3905329372,technical,Agile Development Methodologies,Agile development,,semantic,0.8681,http://data.europa.eu/esco/skill/dba46f87-0831-49cd-a1c7-340a653c0221
3905329372,technical,Scaled Agile,,,unmatched,0.0,
3905329372,technical,Test-Driven Development (TDD),,,unmatched,0.0,
3905329372,technical,Project Management,project management,,exact,1.0,http://data.europa.eu/esco/skill/7111b95d-0ce3-441a-9d92-4c75d05c4388
3905329372,technical,Progress Monitoring,,,unmatched,0.0,
3905329372,technical,Status Reporting,,,unmatched,0.0,
3905329372,technical,Project Lifecycle,,,unmatched,0.0,
3905329372,technical,ROI Estimation,,,unmatched,0.0,
3905329372,technical,Visualization,,,unmatched,0.0,
3905329372,technical,Analytical Thinking,think analytically,,alt_label,0.99,http://data.europa.eu/esco/skill/4707da90-9cfc-46ca-8de0-38a0b7bfb137
3905329372,soft,Problem Solving,solve problems,,fuzzy_alt,0.95,http://data.europa.eu/esco/skill/adc6dc11-3376-467b-96c5-9b0a21edc869
3905329372,soft,Communication,communication,,exact,1.0,http://data.europa.eu/esco/skill/15d76317-c71a-4fa2-aadc-2ecc34e627b7
3905329372,technical,Collaboration,,,unmatched,0.0,
3905329372,technical,Teamwork,manage teamwork,,semantic,0.8047,http://data.europa.eu/esco/skill/75e48971-3242-4ea5-a1ba-4deec48ad41c
3905329372,technical,Leadership,leadership principles,,semantic,0.77,http://data.europa.eu/esco/skill/d5145a9a-602e-40bf-b3e1-f04cf9c3ef86
3905329372,technical,Decision Making,make decisions,,semantic,0.8593,http://data.europa.eu/esco/skill/d62d2b4c-a6f8-439e-8a1b-4f29ab5f2c47
3905329372,technical,Critical Thinking,think critically,,fuzzy_alt,0.95,http://data.europa.eu/esco/skill/7dd94ad3-13d6-43fe-8b94-51fcbf67ced9
3905329372,technical,Business Acumen,apply business acumen,,fuzzy_preferred,0.95,http://data.europa.eu/esco/skill/4ddf5204-95f5-4be2-ad35-571e2f493ae5
3905329372,technical,Financial Acumen,financial capability,,alt_label,0.99,http://data.europa.eu/esco/skill/811bdb9d-5bf7-4b5a-a3f5-4fc2002f6d57
3905329372,technical,Interpersonal Relationships,,,unmatched,0.0,
3905329372,technical,Continuous Learning,,,unmatched,0.0,
3905329372,technical,Self-Initiative,,,unmatched,0.0,
3899523690,technical,Salesforce CRM,,,unmatched,0.0,
3899523690,technical,Business Systems Analysis,business analysis,,fuzzy_preferred,0.95,http://data.europa.eu/esco/skill/633a3637-2c6b-40ae-ac38-289eb2a62aa6
3899523690,technical,Sales Cloud,,,unmatched,0.0,
3899523690,technical,Service Cloud,,,unmatched,0.0,
3899523690,technical,Apex,,,unmatched,0.0,
3899523690,technical,Requirements Management,collection management,,fuzzy_alt,0.95,http://data.europa.eu/esco/skill/6c8ed0d1-4fc9-41a6-9587-6dbc82cabfc3
3899523690,technical,Requirements Gathering,interact with users to gather requirements,,semantic,0.7574,http://data.europa.eu/esco/skill/a8797f21-1af0-4c5e-98ca-bf1442929363
3899523690,technical,Agile,ICT project management methodologies,,alt_label,0.99,http://data.europa.eu/esco/skill/bec4359e-cb92-468f-a997-8fb28e32fba9
3899523690,technical,Backlog Management,manage backlogs,,semantic,0.9367,http://data.europa.eu/esco/skill/9c0ac2f1-6ed5-4413-9831-e8e3f8b0d695
3899523690,technical,Requirements Prioritization,,,unmatched,0.0,
3899523690,technical,UI/UX Design,design user interface,,semantic,0.7858,http://data.europa.eu/esco/skill/fd33c66c-70c4-40e6-b87c-5495bd3bf26e
3899523690,technical,Prototyping,Prototyping development,,semantic,0.9574,http://data.europa.eu/esco/skill/ed1d8bd4-cd2a-4c64-b665-56d70651026c
3899523690,technical,Wireframing,,,unmatched,0.0,
3899523690,technical,Quality Assurance (QA),liaise with quality assurance,,fuzzy_alt,0.95,http://data.europa.eu/esco/skill/99ca6ed2-b6b8-4eb0-8180-92e750e546be
3899523690,technical,Test Planning,,,unmatched,0.0,
3899523690,technical,Test Case Execution,,,unmatched,0.0,
3899523690,technical,Defect Management,,,unmatched,0.0,
3899523690,technical,User Acceptance Testing (UAT),,,unmatched,0.0,
3899523690,technical,Integration Testing,execute integration testing,,fuzzy_preferred,0.95,http://data.europa.eu/esco/skill/ea412de3-9d7a-4943-8d8c-c6d3c7495d0e
3899523690,technical,End-to-End Testing,,,unmatched,0.0,
3899523690,technical,DevOps,DevOps,,exact,1.0,http://data.europa.eu/esco/skill/f0de4973-0a70-4644-8fd4-3a97080476f4
3899523690,technical,CI/CD,,,unmatched,0.0,
3899523690,technical,Salesforce CRM,,,unmatched,0.0,
3899523690,technical,Sales Cloud,,,unmatched,0.0,
3899523690,technical,Service Cloud,,,unmatched,0.0,
3899523690,technical,Project Management,project management,,exact,1.0,http://data.europa.eu/esco/skill/7111b95d-0ce3-441a-9d92-4c75d05c4388
3899523690,soft,Communication,communication,,exact,1.0,http://data.europa.eu/esco/skill/15d76317-c71a-4fa2-aadc-2ecc34e627b7
3899523690,technical,Presentation Skills,,,unmatched,0.0,
3899523690,technical,User Experience,,,unmatched,0.0,
3901356982,technical,Business Process Analysis,business analysis,,fuzzy_preferred,0.95,http://data.europa.eu/esco/skill/633a3637-2c6b-40ae-ac38-289eb2a62aa6
3901356982,technical,Data Analysis,statistics,,alt_label,0.99,http://data.europa.eu/esco/skill/7ee4c2ea-b349-4bd2-81a3-ec31475d4833
3901356982,technical,User Acceptance Testing (UAT),,,unmatched,0.0,
3901356982,technical,Requirements Gathering,interact with users to gather requirements,,semantic,0.7574,http://data.europa.eu/esco/skill/a8797f21-1af0-4c5e-98ca-bf1442929363
3901356982,technical,Business Process Documentation,,,unmatched,0.0,
3901356982,technical,Project Management,project management,,exact,1.0,http://data.europa.eu/esco/skill/7111b95d-0ce3-441a-9d92-4c75d05c4388
3901356982,technical,Data Migration,migrate existing data,,semantic,0.8643,http://data.europa.eu/esco/skill/020918ef-4b55-47c1-8430-ab7b8f6a7377
3901356982,technical,Software Enhancement,,,unmatched,0.0,
3901356982,technical,Software Planning,,,unmatched,0.0,
3901356982,technical,Agile,ICT project management methodologies,,alt_label,0.99,http://data.europa.eu/esco/skill/bec4359e-cb92-468f-a997-8fb28e32fba9
3901356982,technical,Data Integration,,,unmatched,0.0,
3901356982,tool,Microsoft Excel,Microsoft Excel,Spreadsheet,technology_dictionary,1.0,
3901356982,technical,Microsoft Access,Microsoft Access,,exact,1.0,http://data.europa.eu/esco/skill/3d03c40c-1b83-4793-8902-2523f40af59e
3901356982,technical,Microsoft Project,,,unmatched,0.0,
3901356982,technical,Microsoft Visio,Microsoft Visio,,exact,1.0,http://data.europa.eu/esco/skill/86f7126d-97fd-4da5-be96-d1cf6ecd54e6
3902357940,technical,Generative AI,,,unmatched,0.0,
3902357940,technical,Dataset Curation,,,unmatched,0.0,
3902357940,technical,Model Productionization,,,unmatched,0.0,
3902357940,technical,Software Development Kit (SDK) Development,,,unmatched,0.0,
3902357940,technical,API Development,,,unmatched,0.0,
3902357940,technical,Information Retrieval,,,unmatched,0.0,
3902357940,technical,AI Assistants,,,unmatched,0.0,
3902357940,technical,Recommendation Systems,build recommender systems,,fuzzy_alt,0.95,http://data.europa.eu/esco/skill/505e4ef3-7ce4-437d-b7b4-5c608f71c258
3902357940,technical,Retrieval-Augmented Generation (RAG),,,unmatched,0.0,
3902357940,technical,Prompt Engineering,,,unmatched,0.0,
3902357940,technical,Guardrails,,,unmatched,0.0,
3902357940,technical,Vector Databases,,,unmatched,0.0,
3902357940,technical,API Grounding,,,unmatched,0.0,
3902357940,technical,Machine Learning,machine learning,,exact,1.0,http://data.europa.eu/esco/skill/3a2d5b45-56e4-4f5a-a55a-4a4a65afdc43
3902357940,technical,MLOps,,,unmatched,0.0,
3902357940,technical,Foundation Models,,,unmatched,0.0,
3902357940,technical,Vector Databases,,,unmatched,0.0,
3884439254,technical,Microsoft Dynamics 365 Finance,,,unmatched,0.0,
3884439254,technical,Microsoft Dynamics AX,,,unmatched,0.0,
3884439254,technical,Dynamics 365 Finance & Operations (D365 F&O),,,unmatched,0.0,
3884439254,technical,Financial Management,financial management,,exact,1.0,http://data.europa.eu/esco/skill/52e53619-fa77-4f72-b237-5e4aae784dc2
3884439254,technical,General Ledger,manage the general ledger,,semantic,0.8516,http://data.europa.eu/esco/skill/dc417e19-edb4-4401-883a-2375f67a162f
3884439254,technical,Accounts Payable,,,unmatched,0.0,
3884439254,technical,Accounts Receivable,follow up accounts receivables,,semantic,0.8412,http://data.europa.eu/esco/skill/68b51538-b056-4cb3-bb15-ab8c3e576cc9
3884439254,technical,Fixed Assets,,,unmatched,0.0,
3884439254,technical,Cash and Banking,,,unmatched,0.0,
3884439254,technical,Workflow Management,manage workflow processes,,semantic,0.8467,http://data.europa.eu/esco/skill/7add3681-17b6-4027-8a9d-ee92d2b96a42
3884439254,technical,Business Analysis,business analysis,,exact,1.0,http://data.europa.eu/esco/skill/633a3637-2c6b-40ae-ac38-289eb2a62aa6
3884439254,technical,Requirements Gathering,interact with users to gather requirements,,semantic,0.7574,http://data.europa.eu/esco/skill/a8797f21-1af0-4c5e-98ca-bf1442929363
3884439254,technical,Requirements Documentation,,,unmatched,0.0,
3884439254,technical,Functional Design,,,unmatched,0.0,
3884439254,technical,Technical Design,,,unmatched,0.0,
3884439254,technical,Solution Design,,,unmatched,0.0,
3884439254,technical,System Integration,ICT system integration,,alt_label,0.99,http://data.europa.eu/esco/skill/6fa1c2c0-a012-4ca0-9642-e01569ba322c
3884439254,technical,ERP,,,unmatched,0.0,
3884439254,technical,ERP Implementation,,,unmatched,0.0,
3884439254,technical,ERP Testing,,,unmatched,0.0,
3884439254,technical,ERP Deployment,,,unmatched,0.0,
3884439254,technical,Unit Testing,perform software unit testing,,semantic,0.807,http://data.europa.eu/esco/skill/7961413f-61d0-4722-9cd9-20a050a29899
3884439254,technical,Process Flow Analysis,,,unmatched,0.0,
3884439254,technical,Business Process Analysis,business analysis,,fuzzy_preferred,0.95,http://data.europa.eu/esco/skill/633a3637-2c6b-40ae-ac38-289eb2a62aa6
3884439254,technical,Process Improvement,identify process improvements,,semantic,0.8211,http://data.europa.eu/esco/skill/958b8802-ec3e-4813-97f7-6c8f48610dbd
3884439254,technical,Data Analysis,statistics,,alt_label,0.99,http://data.europa.eu/esco/skill/7ee4c2ea-b349-4bd2-81a3-ec31475d4833
3884439254,technical,Power BI Reporting,,,unmatched,0.0,
3884439254,technical,Agile Software Development,Agile development,,alt_label,0.99,http://data.europa.eu/esco/skill/dba46f87-0831-49cd-a1c7-340a653c0221
3884439254,technical,Microsoft Dynamics 365 Finance,,,unmatched,0.0,
3884439254,technical,Microsoft Dynamics AX,,,unmatched,0.0,
3884439254,technical,Dynamics 365 Finance & Operations (D365 F&O),,,unmatched,0.0,
3884439254,technical,Microsoft Dynamics ERP,,,unmatched,0.0,
3884439254,tool,Power BI,Power BI,BI Tool,technology_dictionary,1.0,
3884439254,technical,Jira,,,unmatched,0.0,
3884439254,technical,ExFlow,,,unmatched,0.0,
3884439254,technical,TAS,,,unmatched,0.0,
3884439254,soft,Communication,communication,,exact,1.0,http://data.europa.eu/esco/skill/15d76317-c71a-4fa2-aadc-2ecc34e627b7
3884439254,technical,Troubleshooting,troubleshoot,,alt_label,0.99,http://data.europa.eu/esco/skill/334e3e49-fb02-4051-809a-f06adfdc1c40
3884439254,technical,Microsoft Dynamics ERP Certification,,,unmatched,0.0,
3885103769,technical,Business Analysis,business analysis,,exact,1.0,http://data.europa.eu/esco/skill/633a3637-2c6b-40ae-ac38-289eb2a62aa6
3885103769,technical,Product Ownership,,,unmatched,0.0,
3885103769,technical,Requirements Gathering,interact with users to gather requirements,,semantic,0.7574,http://data.europa.eu/esco/skill/a8797f21-1af0-4c5e-98ca-bf1442929363
3885103769,technical,Requirements Analysis,analyse business requirements,,fuzzy_alt,0.95,http://data.europa.eu/esco/skill/b04f377b-ee80-4b38-aca1-19d266a23b17
3885103769,technical,Requirements Documentation,,,unmatched,0.0,
3885103769,technical,Agile,ICT project management methodologies,,alt_label,0.99,http://data.europa.eu/esco/skill/bec4359e-cb92-468f-a997-8fb28e32fba9
3885103769,technical,User Stories,,,unmatched,0.0,
3885103769,technical,Product Roadmapping,,,unmatched,0.0,
3885103769,technical,Functional Design,,,unmatched,0.0,
3885103769,technical,System Design,system design,,exact,1.0,http://data.europa.eu/esco/skill/fae27053-8924-4bfd-b565-c9fe502044c9
3885103769,technical,Software Development Life Cycle (SDLC),systems development life-cycle,,semantic,0.7729,http://data.europa.eu/esco/skill/09f2f811-a3fb-4de3-a70f-6420a6935575
3885103769,technical,System Testing,manage system testing,,semantic,0.792,http://data.europa.eu/esco/skill/ce354460-500e-4eaa-8e95-8f243fcea3db
3885103769,technical,Integration Testing,execute integration testing,,fuzzy_preferred,0.95,http://data.europa.eu/esco/skill/ea412de3-9d7a-4943-8d8c-c6d3c7495d0e
3885103769,technical,User Acceptance Testing (UAT),,,unmatched,0.0,
3885103769,technical,Use Case Development,develop business case,,semantic,0.7997,http://data.europa.eu/esco/skill/a4bbd0d9-a6be-4472-b05d-291e60cf6b4b
3885103769,technical,Test Case Design,,,unmatched,0.0,
3885103769,soft,Communication,communication,,exact,1.0,http://data.europa.eu/esco/skill/15d76317-c71a-4fa2-aadc-2ecc34e627b7
3885103769,technical,Leadership,leadership principles,,semantic,0.77,http://data.europa.eu/esco/skill/d5145a9a-602e-40bf-b3e1-f04cf9c3ef86
3885103769,technical,Initiative,show initiative,,semantic,0.8116,http://data.europa.eu/esco/skill/001115fb-569f-4ee6-8381-c6807ef2527f
3885103769,technical,Analytical Skills,,,unmatched,0.0,
3885103769,technical,Business Acumen,apply business acumen,,fuzzy_preferred,0.95,http://data.europa.eu/esco/skill/4ddf5204-95f5-4be2-ad35-571e2f493ae5
3885103769,technical,Adaptability,,,unmatched,0.0,
3891251459,technical,Artificial Intelligence (AI),principles of artificial intelligence,,fuzzy_alt,0.95,http://data.europa.eu/esco/skill/e465a154-93f7-4973-9ce1-31659fe16dd2
3891251459,technical,Predictive Analytics,develop predictive models,,semantic,0.7572,http://data.europa.eu/esco/skill/e2887d71-8ff4-4188-9926-22bdaefa7713
3891251459,technical,Predictive Analytics as a Service,,,unmatched,0.0,
3891251459,technical,Business Development,develop business case,,fuzzy_alt,0.95,http://data.europa.eu/esco/skill/a4bbd0d9-a6be-4472-b05d-291e60cf6b4b
3891251459,technical,Sales Strategy,sales strategies,,alt_label,0.99,http://data.europa.eu/esco/skill/e7219848-a27a-4bf4-8775-d367707be7c9
3891251459,technical,Marketing Strategy,plan marketing strategy,,fuzzy_preferred,0.95,http://data.europa.eu/esco/skill/08fd2839-670c-4f16-8024-97437f2035ab
3891251459,technical,Leadership,leadership principles,,semantic,0.77,http://data.europa.eu/esco/skill/d5145a9a-602e-40bf-b3e1-f04cf9c3ef86
3891251459,soft,Communication,communication,,exact,1.0,http://data.europa.eu/esco/skill/15d76317-c71a-4fa2-aadc-2ecc34e627b7
3891251459,technical,Negotiation,negotiate compromises,,semantic,0.7721,http://data.europa.eu/esco/skill/7954861c-86d4-4529-afbb-2c23dab9ac74
3891251459,technical,Strategic Vision,strategic planning,,semantic,0.7692,http://data.europa.eu/esco/skill/949ced5f-7536-4614-ac60-563ffc91a2f2
3891251459,technical,Relationship Management,customer relationship management,,fuzzy_preferred,0.95,http://data.europa.eu/esco/skill/dc9a236c-c640-43c3-812f-269403591edb
3891251459,technical,Partnership Building,,,unmatched,0.0,
3891251459,technical,Teamwork,manage teamwork,,semantic,0.8047,http://data.europa.eu/esco/skill/75e48971-3242-4ea5-a1ba-4deec48ad41c
3887718042,technical,Data Governance,,,unmatched,0.0,
3887718042,technical,Data Governance Framework,,,unmatched,0.0,
3887718042,technical,Compliance Framework,,,unmatched,0.0,
3887718042,technical,Data Platform Governance,,,unmatched,0.0,
3887718042,technical,Data Architecture,information architecture,,alt_label,0.99,http://data.europa.eu/esco/skill/1bba98a7-92b9-450b-9235-e0c905f8f3c4
3887718042,technical,Data Governance Policies,,,unmatched,0.0,
3887718042,technical,Data Governance Standards,,,unmatched,0.0,
3887718042,technical,Data Governance Implementation,,,unmatched,0.0,
3887718042,technical,Portfolio Governance,,,unmatched,0.0,
3887718042,technical,Data Platform Onboarding,,,unmatched,0.0,
3887718042,technical,Data Stewardship,,,unmatched,0.0,
3887718042,technical,Data Quality,data quality assessment,,semantic,0.9108,http://data.europa.eu/esco/skill/cc7370dd-69fa-4c67-a96f-d4d135d38700
3887718042,technical,Data Quality Auditing,perform quality audits,,semantic,0.8004,http://data.europa.eu/esco/skill/d83cba15-8511-4d07-b89a-9fde0d1d8241
3887718042,technical,Metadata Management,manage content metadata,,semantic,0.7865,http://data.europa.eu/esco/skill/9710092c-f174-4e84-95bf-2064d39ad7a0
3887718042,technical,Metadata Modeling,,,unmatched,0.0,
3887718042,technical,Data Lineage,,,unmatched,0.0,
3887718042,technical,Data Catalog,,,unmatched,0.0,
3887718042,technical,Data Modeling,data models,,fuzzy_alt,0.96,http://data.europa.eu/esco/skill/fecf8a0d-62c4-4e71-9b03-0f4fc2ad7bf5
3887718042,technical,Data Classification,data mining,,semantic,0.7652,http://data.europa.eu/esco/skill/25f0ea33-b4a2-4f31-b7b4-7d20e827b180
3887718042,technical,Data Risk Management,risk management,,fuzzy_preferred,0.95,http://data.europa.eu/esco/skill/6eff134b-e34f-4d6e-a6e8-5e47cf2228d0
3887718042,technical,Data Security,apply information security policies,,alt_label,0.99,http://data.europa.eu/esco/skill/86d2e2ea-1ba2-4aa6-b465-8a1f9abc81b8
3887718042,technical,Data Privacy,data protection,,alt_label,0.99,http://data.europa.eu/esco/skill/a4346013-a967-4a58-a533-6b32ad1364c5
3887718042,technical,Information Retention,,,unmatched,0.0,
3887718042,technical,Records Management,document management,,alt_label,0.99,http://data.europa.eu/esco/skill/ea1bf5e5-e7f0-4d2c-a415-1c39c00512b1
3887718042,technical,Business Requirements Gathering,business requirements techniques,,semantic,0.8512,http://data.europa.eu/esco/skill/0ee94c0a-3716-494a-95a2-dcbab9e58be2
3887718042,technical,Data Analysis,statistics,,alt_label,0.99,http://data.europa.eu/esco/skill/7ee4c2ea-b349-4bd2-81a3-ec31475d4833
3887718042,technical,Data Management,SAS Data Management,,fuzzy_preferred,0.95,http://data.europa.eu/esco/skill/e5a6e1e0-1b07-4432-83ba-77d593b2cb47
3887718042,technical,Data Extraction,information extraction,,semantic,0.8387,http://data.europa.eu/esco/skill/696e3b5b-8b61-45af-ae4c-3ab700f197ec
3887718042,technical,Data Collection,statistics,,alt_label,0.99,http://data.europa.eu/esco/skill/7ee4c2ea-b349-4bd2-81a3-ec31475d4833
3887718042,technical,Data Cleansing,perform data cleansing,,semantic,0.9718,http://data.europa.eu/esco/skill/50b100ea-74fd-4706-99db-3e4ca55e51b8
3887718042,technical,Data Preparation,,,unmatched,0.0,
3887718042,technical,Business Intelligence,business intelligence,,exact,1.0,http://data.europa.eu/esco/skill/143769cb-b61e-47d8-a61e-eedfbec1016c
3887718042,technical,Enterprise Information Management,,,unmatched,0.0,
3887718042,technical,Master Data Management,,,unmatched,0.0,
3887718042,technical,Reference Data Management,,,unmatched,0.0,
3887718042,technical,Data Warehousing,implement data warehousing techniques,,semantic,0.9247,http://data.europa.eu/esco/skill/fd6d2981-3d4a-4ce2-9741-cfc98c5b74bd
3887718042,technical,Database Architecture,database,,semantic,0.7699,http://data.europa.eu/esco/skill/43ae58b9-5e56-4524-b45a-b422777a0576
3887718042,technical,Cloud Computing,cloud technologies,,alt_label,0.99,http://data.europa.eu/esco/skill/bd14968e-e409-45af-b362-3495ed7b10e0
3887718042,technical,Real-time Data Processing,real-time computing,,semantic,0.7996,http://data.europa.eu/esco/skill/bf6c5ed4-84af-440f-abcc-7fa5ba19c738
3887718042,technical,SQL,SQL,Database Language,technology_dictionary,1.0,
3887718042,technical,Project Management,project management,,exact,1.0,http://data.europa.eu/esco/skill/7111b95d-0ce3-441a-9d92-4c75d05c4388
3887718042,technical,Agile,ICT project management methodologies,,alt_label,0.99,http://data.europa.eu/esco/skill/bec4359e-cb92-468f-a997-8fb28e32fba9
3887718042,technical,DevOps,DevOps,,exact,1.0,http://data.europa.eu/esco/skill/f0de4973-0a70-4644-8fd4-3a97080476f4
3887718042,technical,Key Performance Indicators (KPIs),track key performance indicators,,fuzzy_preferred,0.95,http://data.europa.eu/esco/skill/8dcbcabe-09f7-4d11-940d-125af57bbc40
3887718042,technical,Reporting,,,unmatched,0.0,
3887718042,technical,Decision Support,decision support systems,,fuzzy_alt,0.95,http://data.europa.eu/esco/skill/3ce1fe19-7f9e-4070-941d-651673a5693b
3887718042,technical,Alation,,,unmatched,0.0,
3887718042,technical,Collibra,,,unmatched,0.0,
3887718042,technical,Informatica,,,unmatched,0.0,
3887718042,technical,Jira,,,unmatched,0.0,
3887718042,technical,Azure DevOps,,,unmatched,0.0,
3887718042,tool,AWS,Amazon Web Services,Cloud,technology_dictionary,1.0,
3887718042,tool,Microsoft Azure,Microsoft Azure,Cloud,technology_dictionary,1.0,
3887718042,technical,Google Cloud Platform (GCP),,,unmatched,0.0,
3887718042,tool,Kafka,Apache Kafka,Streaming,technology_dictionary,1.0,
3887718042,technical,Google Cloud Dataflow,,,unmatched,0.0,
3887718042,tool,Snowflake,Snowflake,Cloud Data Warehouse,technology_dictionary,1.0,
3887718042,tool,Databricks,Databricks,Big Data,technology_dictionary,1.0,
3887718042,tool,Tableau,Tableau,BI Tool,technology_dictionary,1.0,
3887718042,tool,Power BI,Power BI,BI Tool,technology_dictionary,1.0,
3887718042,technical,Alteryx,,,unmatched,0.0,
3887718042,technical,SAP,SAP Data Services,,alt_label,0.99,http://data.europa.eu/esco/skill/f8e3425c-fe44-4ffb-bafe-0e20d91dadf4
3887718042,technical,Stakeholder Presentation,communicate with stakeholders,,semantic,0.7706,http://data.europa.eu/esco/skill/477173ca-5fc2-406b-9122-95d92811f284
3887718042,soft,Communication,communication,,exact,1.0,http://data.europa.eu/esco/skill/15d76317-c71a-4fa2-aadc-2ecc34e627b7
3887718042,soft,Customer Service,customer service,,exact,1.0,http://data.europa.eu/esco/skill/15a33d76-4640-438d-ae64-fdc0c1d3eebc
3887718042,technical,Organization,represent the organisation,,semantic,0.769,http://data.europa.eu/esco/skill/1a4fdd0e-2cbe-4b77-aa6e-e46efc181b76
3887718042,technical,Collaboration,,,unmatched,0.0,
3887718042,technical,Facilitation,,,unmatched,0.0,
3887718042,technical,Ability to Work Independently,work independently,,semantic,0.876,http://data.europa.eu/esco/skill/c29aa9d2-4da8-4bdd-831c-8d4a2fb51730
3895532596,technical,Analytics Software Development,,,unmatched,0.0,
3895532596,technical,Software Engineering,computer engineering,,semantic,0.7917,http://data.europa.eu/esco/skill/89f6560b-2194-45c9-9ece-d33049a73eef
3895532596,technical,Software Development Lifecycle (SDLC),,,unmatched,0.0,
3895532596,technical,Analytics,web analytics,,fuzzy_preferred,0.95,http://data.europa.eu/esco/skill/1605025e-a179-421f-8f35-5b07d182a6b2
3895532596,technical,Reporting,,,unmatched,0.0,
3895532596,technical,Artificial Intelligence (AI),principles of artificial intelligence,,fuzzy_alt,0.95,http://data.europa.eu/esco/skill/e465a154-93f7-4973-9ce1-31659fe16dd2
3895532596,technical,Natural Language Processing (NLP),natural language processing,,exact,1.0,http://data.europa.eu/esco/skill/fff0e2cd-d0bd-4b02-9daf-158b79d9688a
3895532596,technical,Large Language Models (LLMs),,,unmatched,0.0,
3895532596,technical,Computer Vision,computer vision,,exact,1.0,http://data.europa.eu/esco/skill/7b0d5000-00da-4864-b776-6de49a87a669
3895532596,technical,Big Data,statistics,,alt_label,0.99,http://data.europa.eu/esco/skill/7ee4c2ea-b349-4bd2-81a3-ec31475d4833
3895532596,technical,Automated Testing,develop automated software tests,,semantic,0.8299,http://data.europa.eu/esco/skill/6a322874-e32f-4cd8-9683-badce67a7f73
3895532596,technical,Unit Testing,perform software unit testing,,semantic,0.807,http://data.europa.eu/esco/skill/7961413f-61d0-4722-9cd9-20a050a29899
3895532596,technical,Integration Testing,execute integration testing,,fuzzy_preferred,0.95,http://data.europa.eu/esco/skill/ea412de3-9d7a-4943-8d8c-c6d3c7495d0e
3895532596,technical,API Testing,,,unmatched,0.0,
3895532596,technical,Code Quality,,,unmatched,0.0,
3895532596,technical,Scalability,,,unmatched,0.0,
3895532596,technical,Security,cyber security,,fuzzy_alt,0.95,http://data.europa.eu/esco/skill/8088750d-8388-4170-a76f-48354c469c44
3895532596,technical,Performance Monitoring,analyse own performance,,semantic,0.787,http://data.europa.eu/esco/skill/a7e78a0b-aec1-45fb-8f86-d1b4ab1f9c69
3895532596,technical,Observability,,,unmatched,0.0,
3895532596,technical,Service Level Objectives (SLOs),,,unmatched,0.0,
3895532596,technical,Database Technologies,database,,semantic,0.8011,http://data.europa.eu/esco/skill/43ae58b9-5e56-4524-b45a-b422777a0576
3895532596,tool,Snowflake,Snowflake,Cloud Data Warehouse,technology_dictionary,1.0,
3895532596,tool,Databricks,Databricks,Big Data,technology_dictionary,1.0,
3895532596,technical,DataDog,,,unmatched,0.0,
3895532596,technical,Leadership,leadership principles,,semantic,0.77,http://data.europa.eu/esco/skill/d5145a9a-602e-40bf-b3e1-f04cf9c3ef86
3895532596,technical,Mentoring,mentor individuals,,semantic,0.8722,http://data.europa.eu/esco/skill/a584a638-a2c0-4b3c-bdf3-a64f87225be9
3895532596,soft,Communication,communication,,exact,1.0,http://data.europa.eu/esco/skill/15d76317-c71a-4fa2-aadc-2ecc34e627b7
3895532596,technical,Interpersonal Skills,,,unmatched,0.0,
3895532596,technical,Collaboration,,,unmatched,0.0,
3895532596,technical,Team Building,team building,,exact,1.0,http://data.europa.eu/esco/skill/eab3bafa-eebb-47bf-85ce-e336c5019108
3895532596,technical,Constructive Feedback,give constructive feedback,,fuzzy_preferred,0.95,http://data.europa.eu/esco/skill/b9bb1f03-15e2-4079-943e-7e483b21725b
3895532596,technical,Resource Allocation,plan resource allocation,,fuzzy_preferred,0.95,http://data.europa.eu/esco/skill/7c05199f-7b03-4a4a-afee-7c9dfcf9066a
3895532596,technical,Planning,urban planning,,semantic,0.7856,http://data.europa.eu/esco/skill/7f18039d-dfae-471b-9daa-507f6b2d2842
3895532596,technical,Prioritization,,,unmatched,0.0,
3904932499,technical,Business Data Analysis,business analysis,,fuzzy_preferred,0.95,http://data.europa.eu/esco/skill/633a3637-2c6b-40ae-ac38-289eb2a62aa6
3904932499,technical,Data Analysis,statistics,,alt_label,0.99,http://data.europa.eu/esco/skill/7ee4c2ea-b349-4bd2-81a3-ec31475d4833
3904932499,technical,SQL,SQL,Database Language,technology_dictionary,1.0,
3904932499,technical,Python,Python,Programming Language,technology_dictionary,1.0,
3904932499,technical,R,R,Programming Language,technology_dictionary,1.0,
3904932499,tool,Tableau,Tableau,BI Tool,technology_dictionary,1.0,
3904932499,tool,Microsoft Excel,Microsoft Excel,Spreadsheet,technology_dictionary,1.0,
3904932499,technical,Data Visualization,data visualisation software,,semantic,0.8764,http://data.europa.eu/esco/skill/65e58886-bd1e-4c5b-8ca5-8d9b353c8aa1
3904932499,technical,Key Performance Indicators (KPIs),track key performance indicators,,fuzzy_preferred,0.95,http://data.europa.eu/esco/skill/8dcbcabe-09f7-4d11-940d-125af57bbc40
3904932499,technical,Dashboard Development,,,unmatched,0.0,
3904932499,technical,Data Modeling,data models,,fuzzy_alt,0.96,http://data.europa.eu/esco/skill/fecf8a0d-62c4-4e71-9b03-0f4fc2ad7bf5
3904932499,technical,Data Pipelines,analyse pipeline database information,,semantic,0.7887,http://data.europa.eu/esco/skill/484d048c-a5d1-46a5-b57f-45b69c0ac552
3904932499,technical,Process Automation,operate automated process control,,semantic,0.8438,http://data.europa.eu/esco/skill/0a0532c2-ee60-4410-8e07-70e4d69370ec
3904932499,technical,Reporting,,,unmatched,0.0,
3904932499,technical,Root Cause Analysis,root cause analysis,,exact,1.0,http://data.europa.eu/esco/skill/55514865-3066-4abd-86a9-dbe45a440882
3904932499,technical,Data Dictionaries,use dictionaries,,semantic,0.8659,http://data.europa.eu/esco/skill/e70e248e-9fed-4e22-8fb1-87567441ce0c
3904932499,technical,Business Intelligence,business intelligence,,exact,1.0,http://data.europa.eu/esco/skill/143769cb-b61e-47d8-a61e-eedfbec1016c
3904932499,tool,Microsoft Excel,Microsoft Excel,Spreadsheet,technology_dictionary,1.0,
3904932499,technical,SQL,SQL,Database Language,technology_dictionary,1.0,
3904932499,technical,Python,Python,Programming Language,technology_dictionary,1.0,
3904932499,technical,R,R,Programming Language,technology_dictionary,1.0,
3904932499,tool,Tableau,Tableau,BI Tool,technology_dictionary,1.0,
3904932499,soft,Communication,communication,,exact,1.0,http://data.europa.eu/esco/skill/15d76317-c71a-4fa2-aadc-2ecc34e627b7
3904932499,technical,Data Storytelling,,,unmatched,0.0,
3904932499,technical,Mentoring,mentor individuals,,semantic,0.8722,http://data.europa.eu/esco/skill/a584a638-a2c0-4b3c-bdf3-a64f87225be9
3904932499,soft,Problem-solving,solve problems,,fuzzy_alt,0.95,http://data.europa.eu/esco/skill/adc6dc11-3376-467b-96c5-9b0a21edc869
3904932499,technical,Quantitative Thinking,,,unmatched,0.0,
3904932499,technical,Project Management,project management,,exact,1.0,http://data.europa.eu/esco/skill/7111b95d-0ce3-441a-9d92-4c75d05c4388
3904932499,technical,Stakeholder Management,engage with stakeholders,,semantic,0.776,http://data.europa.eu/esco/skill/99c4c69a-025c-464f-adda-874c7f107a31
3904932499,technical,Influencing,,,unmatched,0.0,
3904932499,technical,Proactive Learning,,,unmatched,0.0,
3901634556,technical,Business Analysis,business analysis,,exact,1.0,http://data.europa.eu/esco/skill/633a3637-2c6b-40ae-ac38-289eb2a62aa6
3901634556,technical,Primary Dealership,,,unmatched,0.0,
3901634556,technical,FR2004 Reporting,,,unmatched,0.0,
3901634556,technical,Program Documentation,,,unmatched,0.0,
3901634556,technical,Margin Operations,,,unmatched,0.0,
3901634556,technical,Regulation T,,,unmatched,0.0,
3901634556,technical,FINRA Rule 4210,,,unmatched,0.0,
3901634556,technical,Process Improvement,identify process improvements,,semantic,0.8211,http://data.europa.eu/esco/skill/958b8802-ec3e-4813-97f7-6c8f48610dbd
3901634556,technical,Systems Improvement,,,unmatched,0.0,
3901634556,tool,Microsoft Excel,Microsoft Excel,Spreadsheet,technology_dictionary,1.0,
3901634556,technical,Microsoft Word,use microsoft office,,semantic,0.7613,http://data.europa.eu/esco/skill/f683ae1d-cb7c-4aa1-b9fe-205e1bd23535
3901634556,technical,Microsoft PowerPoint,use presentation software,,fuzzy_alt,0.95,http://data.europa.eu/esco/skill/234aeb8d-56c3-4531-9193-1c5e6a8d16cb
3901634556,soft,Communication,communication,,exact,1.0,http://data.europa.eu/esco/skill/15d76317-c71a-4fa2-aadc-2ecc34e627b7
3901634556,technical,Presentation,prepare presentation material,,semantic,0.7906,http://data.europa.eu/esco/skill/1ba59ce0-7fec-434b-8d5c-9b275250a26c
3901634556,technical,Multitasking,,,unmatched,0.0,
3901634556,technical,Teamwork,manage teamwork,,semantic,0.8047,http://data.europa.eu/esco/skill/75e48971-3242-4ea5-a1ba-4deec48ad41c
3904938280,technical,Data Analysis,statistics,,alt_label,0.99,http://data.europa.eu/esco/skill/7ee4c2ea-b349-4bd2-81a3-ec31475d4833
3904938280,technical,A/B Testing,,,unmatched,0.0,
3904938280,technical,Web Analytics,web analytics,,exact,1.0,http://data.europa.eu/esco/skill/1605025e-a179-421f-8f35-5b07d182a6b2
3904938280,technical,Business Intelligence,business intelligence,,exact,1.0,http://data.europa.eu/esco/skill/143769cb-b61e-47d8-a61e-eedfbec1016c
3904938280,technical,Data Integration,,,unmatched,0.0,
3904938280,technical,Dashboard Development,,,unmatched,0.0,
3904938280,technical,Analytics Dashboard Development,,,unmatched,0.0,
3904938280,technical,Adobe Analytics,,,unmatched,0.0,
3904938280,technical,Adobe Target,,,unmatched,0.0,
3904938280,technical,Google Analytics,web analytics,,semantic,0.8571,http://data.europa.eu/esco/skill/1605025e-a179-421f-8f35-5b07d182a6b2
3904938280,technical,eCommerce Optimization,,,unmatched,0.0,
3904938280,technical,Python,Python,Programming Language,technology_dictionary,1.0,
3904938280,technical,Adobe Analytics,,,unmatched,0.0,
3904938280,technical,Adobe Target,,,unmatched,0.0,
3904938280,technical,Google Analytics,web analytics,,semantic,0.8571,http://data.europa.eu/esco/skill/1605025e-a179-421f-8f35-5b07d182a6b2
3904938280,technical,Firehose,,,unmatched,0.0,
3904938280,technical,Workfront,,,unmatched,0.0,
3904938280,tool,Power BI,Power BI,BI Tool,technology_dictionary,1.0,
3904938280,tool,Tableau,Tableau,BI Tool,technology_dictionary,1.0,
3904938280,tool,Snowflake,Snowflake,Cloud Data Warehouse,technology_dictionary,1.0,
3904938280,technical,EDM,,,unmatched,0.0,
3904938280,technical,Python,Python,Programming Language,technology_dictionary,1.0,
3904938280,technical,Collaboration,,,unmatched,0.0,
3904938280,soft,Communication,communication,,exact,1.0,http://data.europa.eu/esco/skill/15d76317-c71a-4fa2-aadc-2ecc34e627b7
3904938280,technical,Analytical Skills,,,unmatched,0.0,
3904938280,soft,Problem-solving,solve problems,,fuzzy_alt,0.95,http://data.europa.eu/esco/skill/adc6dc11-3376-467b-96c5-9b0a21edc869
3905226345,technical,Talent Acquisition Operations,talent management strategies,,semantic,0.764,http://data.europa.eu/esco/skill/f206e732-110c-47ce-a53f-f00c9d97c90d
3905226345,technical,Reporting,,,unmatched,0.0,
3905226345,technical,Analytics,web analytics,,fuzzy_preferred,0.95,http://data.europa.eu/esco/skill/1605025e-a179-421f-8f35-5b07d182a6b2
3905226345,technical,Data Integrity,,,unmatched,0.0,
3905226345,technical,Audit,audit techniques,,semantic,0.8616,http://data.europa.eu/esco/skill/6a536b36-c5c7-4d10-bf67-a4fb0f8549b2
3905226345,technical,Compliance,ensure compliance with policies,,semantic,0.7977,http://data.europa.eu/esco/skill/bda0d115-f315-453e-99dc-f8b0e5862db3
3905226345,technical,System Testing,manage system testing,,semantic,0.792,http://data.europa.eu/esco/skill/ce354460-500e-4eaa-8e95-8f243fcea3db
3905226345,technical,Report Writing,,,unmatched,0.0,
3905226345,technical,Data Flow Analysis,statistics,,fuzzy_alt,0.95,http://data.europa.eu/esco/skill/7ee4c2ea-b349-4bd2-81a3-ec31475d4833
3905226345,technical,Process Improvement,identify process improvements,,semantic,0.8211,http://data.europa.eu/esco/skill/958b8802-ec3e-4813-97f7-6c8f48610dbd
3905226345,technical,Onboarding,,,unmatched,0.0,
3905226345,technical,Contingent Labor Management,,,unmatched,0.0,
3905226345,technical,Metrics Reporting,,,unmatched,0.0,
3905226345,technical,Data Analysis,statistics,,alt_label,0.99,http://data.europa.eu/esco/skill/7ee4c2ea-b349-4bd2-81a3-ec31475d4833
3905226345,technical,Trend Analysis,,,unmatched,0.0,
3905226345,technical,Data Extraction,information extraction,,semantic,0.8387,http://data.europa.eu/esco/skill/696e3b5b-8b61-45af-ae4c-3ab700f197ec
3905226345,tool,Microsoft Excel,Microsoft Excel,Spreadsheet,technology_dictionary,1.0,
3905226345,technical,ATS,,,unmatched,0.0,
3905226345,technical,HRIS,,,unmatched,0.0,
3905226345,tool,Power BI,Power BI,BI Tool,technology_dictionary,1.0,
3905226345,technical,Candidate Relationship Management Software,,,unmatched,0.0,
3905226345,technical,LinkedIn,,,unmatched,0.0,
3905226345,technical,Indeed,,,unmatched,0.0,
3905226345,technical,Phenom,,,unmatched,0.0,
3905226345,tool,Microsoft Excel,Microsoft Excel,Spreadsheet,technology_dictionary,1.0,
3905226345,technical,Analytical Skills,,,unmatched,0.0,
3905226345,technical,Planning,urban planning,,semantic,0.7856,http://data.europa.eu/esco/skill/7f18039d-dfae-471b-9daa-507f6b2d2842
3905226345,technical,Adaptability,,,unmatched,0.0,
3905226345,technical,Collaboration,,,unmatched,0.0,
3905226345,technical,Quality Focus,,,unmatched,0.0,
3905226345,technical,Initiative,show initiative,,semantic,0.8116,http://data.europa.eu/esco/skill/001115fb-569f-4ee6-8381-c6807ef2527f
3905226345,technical,Leadership,leadership principles,,semantic,0.77,http://data.europa.eu/esco/skill/d5145a9a-602e-40bf-b3e1-f04cf9c3ef86
3905226345,technical,Project Management,project management,,exact,1.0,http://data.europa.eu/esco/skill/7111b95d-0ce3-441a-9d92-4c75d05c4388
3899525852,technical,Business Analysis,business analysis,,exact,1.0,http://data.europa.eu/esco/skill/633a3637-2c6b-40ae-ac38-289eb2a62aa6
3899525852,technical,Energy Trading,energy market,,alt_label,0.99,http://data.europa.eu/esco/skill/071c7f1d-f659-4b96-a222-b21012297f3b
3899525852,technical,Energy Trading and Risk Management (ETRM),,,unmatched,0.0,
3899525852,technical,Market Data,,,unmatched,0.0,
3899525852,technical,Forward Curves,,,unmatched,0.0,
3899525852,technical,Settlement Prices,,,unmatched,0.0,
3899525852,technical,Expiry Dates,,,unmatched,0.0,
3899525852,technical,Commodity Trade Lifecycle,trade future commodities,,semantic,0.7684,http://data.europa.eu/esco/skill/4e7776b9-ceef-400a-a1fc-14969c30d233
3899525852,technical,End-of-Day (EoD) Processes,,,unmatched,0.0,
3899525852,technical,Valuation,business valuation techniques,,semantic,0.7864,http://data.europa.eu/esco/skill/4e02ce5a-7321-426b-a809-6c507f30ef52
3899525852,technical,Profit and Loss (PnL) Reporting,,,unmatched,0.0,
3899525852,technical,Change Management,apply change management,,alt_label,0.99,http://data.europa.eu/esco/skill/3c03ee71-4a23-448f-b79e-81fd75d27dca
3899525852,technical,Release Management,manage software releases,,semantic,0.761,http://data.europa.eu/esco/skill/978db6a1-7297-4c89-819a-47605f2c3ba8
3899525852,technical,Pricing,market pricing,,semantic,0.8219,http://data.europa.eu/esco/skill/d5111703-c344-484d-bef1-9565a278166a
3899525852,technical,Openlink,,,unmatched,0.0,
3899525852,technical,Allegro,,,unmatched,0.0,
3899525852,technical,Salesforce,,,unmatched,0.0,
3899525852,technical,Adaptability,,,unmatched,0.0,
3906248729,technical,Business Analysis,business analysis,,exact,1.0,http://data.europa.eu/esco/skill/633a3637-2c6b-40ae-ac38-289eb2a62aa6
3906248729,technical,Business Requirements,analyse business requirements,,fuzzy_preferred,0.95,http://data.europa.eu/esco/skill/b04f377b-ee80-4b38-aca1-19d266a23b17
3906248729,technical,Requirements Documentation,,,unmatched,0.0,
3906248729,technical,Functional Specifications,,,unmatched,0.0,
3906248729,technical,Business Process Analysis,business analysis,,fuzzy_preferred,0.95,http://data.europa.eu/esco/skill/633a3637-2c6b-40ae-ac38-289eb2a62aa6
3906248729,technical,Gap Analysis,,,unmatched,0.0,
3906248729,technical,Project Execution,,,unmatched,0.0,
3906248729,technical,Program Management,program management,,exact,1.0,http://data.europa.eu/esco/skill/06d09f70-6ca8-4078-be72-4c2c2a11ee61
3906248729,technical,Change Management,apply change management,,alt_label,0.99,http://data.europa.eu/esco/skill/3c03ee71-4a23-448f-b79e-81fd75d27dca
3906248729,technical,Business Strategy,business strategy concepts,,fuzzy_alt,0.95,http://data.europa.eu/esco/skill/bd698bbe-7003-4508-b422-46c2ff4d5e95
3906248729,technical,IT Strategy,,,unmatched,0.0,
3906248729,technical,Roadmap Development,,,unmatched,0.0,
3906248729,technical,Process Re-Engineering,identify processes for re-engineering,,semantic,0.8496,http://data.europa.eu/esco/skill/553ad092-b799-44c9-a94c-65a84fdc7526
3906248729,technical,Business Transformation,,,unmatched,0.0,
3906248729,technical,Enterprise Architecture,design enterprise architecture,,fuzzy_preferred,0.95,http://data.europa.eu/esco/skill/ee3c1d54-f46a-43c7-a0f9-0ba3648164d0
3906248729,technical,Technology Selection,,,unmatched,0.0,
3906248729,technical,Application Architecture,define software architecture,,fuzzy_alt,0.95,http://data.europa.eu/esco/skill/f7e2eb04-3e50-4561-bce1-7e51a1fec308
3906248729,technical,Data Integration,,,unmatched,0.0,
3906248729,technical,Financial Modeling,,,unmatched,0.0,
3906248729,technical,Pricing Strategy,pricing strategies,,alt_label,0.99,http://data.europa.eu/esco/skill/1c460d2d-90c6-4fc9-ad49-febb6e15605a
3906248729,technical,Risk Assessment,risk management,,alt_label,0.99,http://data.europa.eu/esco/skill/6eff134b-e34f-4d6e-a6e8-5e47cf2228d0
3906248729,technical,Research,,,unmatched,0.0,
3906248729,technical,Documentation,documentation types,,fuzzy_preferred,0.95,http://data.europa.eu/esco/skill/327d15c8-29ff-4ad4-a4fe-6536d777a45f
3906248729,technical,Leadership,leadership principles,,semantic,0.77,http://data.europa.eu/esco/skill/d5145a9a-602e-40bf-b3e1-f04cf9c3ef86
3906248729,technical,Relationship Building,,,unmatched,0.0,
3906248729,soft,Communication,communication,,exact,1.0,http://data.europa.eu/esco/skill/15d76317-c71a-4fa2-aadc-2ecc34e627b7
3906248729,technical,Consulting,management consulting,,semantic,0.8481,http://data.europa.eu/esco/skill/c2617b44-886a-485e-8393-bc0fc6339539
3906248729,technical,Mentoring,mentor individuals,,semantic,0.8722,http://data.europa.eu/esco/skill/a584a638-a2c0-4b3c-bdf3-a64f87225be9
3906248729,technical,People Development,social development,,semantic,0.7756,http://data.europa.eu/esco/skill/4e3db6d7-88b8-492d-89e5-a93d01c3e369
3906248729,technical,Business Development,develop business case,,fuzzy_alt,0.95,http://data.europa.eu/esco/skill/a4bbd0d9-a6be-4472-b05d-291e60cf6b4b
3906248729,technical,Presentation,prepare presentation material,,semantic,0.7906,http://data.europa.eu/esco/skill/1ba59ce0-7fec-434b-8d5c-9b275250a26c
3906248729,technical,Training,,,unmatched,0.0,
3906248729,technical,Research,,,unmatched,0.0,
3906248729,technical,Teamwork,manage teamwork,,semantic,0.8047,http://data.europa.eu/esco/skill/75e48971-3242-4ea5-a1ba-4deec48ad41c
3902350590,technical,Business Systems Analysis,business analysis,,fuzzy_preferred,0.95,http://data.europa.eu/esco/skill/633a3637-2c6b-40ae-ac38-289eb2a62aa6
3902350590,technical,Business Process Analysis,business analysis,,fuzzy_preferred,0.95,http://data.europa.eu/esco/skill/633a3637-2c6b-40ae-ac38-289eb2a62aa6
3902350590,technical,Business Requirements,analyse business requirements,,fuzzy_preferred,0.95,http://data.europa.eu/esco/skill/b04f377b-ee80-4b38-aca1-19d266a23b17
3902350590,technical,Requirements Elicitation,,,unmatched,0.0,
3902350590,technical,Requirements Documentation,,,unmatched,0.0,
3902350590,technical,Functional Requirements,,,unmatched,0.0,
3902350590,technical,Business Case Documentation,,,unmatched,0.0,
3902350590,technical,Scope Documentation,,,unmatched,0.0,
3902350590,technical,Process Flow Documentation,,,unmatched,0.0,
3902350590,technical,Software Requirements,analyse software specifications,,fuzzy_alt,0.95,http://data.europa.eu/esco/skill/f28617ad-afdd-4041-814c-216153a38998
3902350590,technical,Software Testing,plan software testing,,fuzzy_preferred,0.95,http://data.europa.eu/esco/skill/5d74614d-32c8-4ca4-9818-6980e52424b1
3902350590,technical,Test Case Development,,,unmatched,0.0,
3902350590,technical,Solution Design,,,unmatched,0.0,
3902350590,technical,Requirements Prioritization,,,unmatched,0.0,
3902350590,technical,Requirements Scoping,,,unmatched,0.0,
3902350590,technical,Gap Analysis,,,unmatched,0.0,
3902350590,technical,Stakeholder Analysis,engage with stakeholders,,semantic,0.7701,http://data.europa.eu/esco/skill/99c4c69a-025c-464f-adda-874c7f107a31
3902350590,soft,Communication,communication,,exact,1.0,http://data.europa.eu/esco/skill/15d76317-c71a-4fa2-aadc-2ecc34e627b7
3902350590,technical,Facilitation,,,unmatched,0.0,
3902350590,technical,Stakeholder Management,engage with stakeholders,,semantic,0.776,http://data.europa.eu/esco/skill/99c4c69a-025c-464f-adda-874c7f107a31
3902350590,soft,Problem-solving,solve problems,,fuzzy_alt,0.95,http://data.europa.eu/esco/skill/adc6dc11-3376-467b-96c5-9b0a21edc869
3902350590,technical,Decision Making,make decisions,,semantic,0.8593,http://data.europa.eu/esco/skill/d62d2b4c-a6f8-439e-8a1b-4f29ab5f2c47
3904358864,technical,Data Engineering,data engineering,,exact,1.0,http://data.europa.eu/esco/skill/48db96bf-3314-45c6-bad8-fdb6e20e5639
3904358864,technical,Data Pipelines,analyse pipeline database information,,semantic,0.7887,http://data.europa.eu/esco/skill/484d048c-a5d1-46a5-b57f-45b69c0ac552
3904358864,technical,Data Architecture,information architecture,,alt_label,0.99,http://data.europa.eu/esco/skill/1bba98a7-92b9-450b-9235-e0c905f8f3c4
3904358864,technical,Big Data,statistics,,alt_label,0.99,http://data.europa.eu/esco/skill/7ee4c2ea-b349-4bd2-81a3-ec31475d4833
3904358864,technical,Python,Python,Programming Language,technology_dictionary,1.0,
3904358864,tool,Apache Spark,Apache Spark,Big Data,technology_dictionary,1.0,
3904358864,technical,AWS EMR,,,unmatched,0.0,
3904358864,technical,Amazon Redshift,,,unmatched,0.0,
3904358864,technical,Cloud Computing,cloud technologies,,alt_label,0.99,http://data.europa.eu/esco/skill/bd14968e-e409-45af-b362-3495ed7b10e0
3904358864,technical,Data Processing,process data,,alt_label,0.99,http://data.europa.eu/esco/skill/f2d57f41-43b4-4f5b-8100-3df5c21eda50
3904358864,technical,Data Analytics,data analytics,,exact,1.0,http://data.europa.eu/esco/skill/97bd1c21-66b2-4b7e-ad0f-e3cda590e378
3904358864,technical,Dashboard Development,,,unmatched,0.0,
3904358864,technical,Data Retrieval,,,unmatched,0.0,
3904358864,technical,Data Security,apply information security policies,,alt_label,0.99,http://data.europa.eu/esco/skill/86d2e2ea-1ba2-4aa6-b465-8a1f9abc81b8
3904358864,technical,Data Quality,data quality assessment,,semantic,0.9108,http://data.europa.eu/esco/skill/cc7370dd-69fa-4c67-a96f-d4d135d38700
3904358864,technical,Data Integrity,,,unmatched,0.0,
3904358864,technical,High Availability Systems,,,unmatched,0.0,
3904358864,technical,Scalable Systems,,,unmatched,0.0,
3904358864,technical,System Architecture,system design,,fuzzy_alt,0.95,http://data.europa.eu/esco/skill/fae27053-8924-4bfd-b565-c9fe502044c9
3904358864,technical,Technical Specification Development,,,unmatched,0.0,
3904358864,technical,Python,Python,Programming Language,technology_dictionary,1.0,
3904358864,tool,Apache Spark,Apache Spark,Big Data,technology_dictionary,1.0,
3904358864,tool,AWS,Amazon Web Services,Cloud,technology_dictionary,1.0,
3904358864,technical,Amazon EMR,,,unmatched,0.0,
3904358864,technical,Amazon Redshift,,,unmatched,0.0,
3904358864,technical,Leadership,leadership principles,,semantic,0.77,http://data.europa.eu/esco/skill/d5145a9a-602e-40bf-b3e1-f04cf9c3ef86
3904358864,technical,Collaboration,,,unmatched,0.0,
3904358864,soft,Communication,communication,,exact,1.0,http://data.europa.eu/esco/skill/15d76317-c71a-4fa2-aadc-2ecc34e627b7
3904358864,technical,Mentoring,mentor individuals,,semantic,0.8722,http://data.europa.eu/esco/skill/a584a638-a2c0-4b3c-bdf3-a64f87225be9
3904358864,soft,Problem-solving,solve problems,,fuzzy_alt,0.95,http://data.europa.eu/esco/skill/adc6dc11-3376-467b-96c5-9b0a21edc869
3904358864,technical,Attention to Detail,attend to detail,,semantic,0.7608,http://data.europa.eu/esco/skill/83e6510b-ffeb-4aec-959c-4265fd0ff7b7
3904358864,technical,Innovation,innovation processes,,semantic,0.7867,http://data.europa.eu/esco/skill/2fb8480e-de3c-462b-b169-e8bbb344da68
3904358864,technical,Teamwork,manage teamwork,,semantic,0.8047,http://data.europa.eu/esco/skill/75e48971-3242-4ea5-a1ba-4deec48ad41c
3887948207,technical,Data Analysis,statistics,,alt_label,0.99,http://data.europa.eu/esco/skill/7ee4c2ea-b349-4bd2-81a3-ec31475d4833
3887948207,technical,Data Modeling,data models,,fuzzy_alt,0.96,http://data.europa.eu/esco/skill/fecf8a0d-62c4-4e71-9b03-0f4fc2ad7bf5
3887948207,technical,Database Design,design database scheme,,fuzzy_preferred,0.95,http://data.europa.eu/esco/skill/6c08403c-a5bb-4868-b8c2-b7d039c0e511
3887948207,technical,Data Mining,data mining,,exact,1.0,http://data.europa.eu/esco/skill/25f0ea33-b4a2-4f31-b7b4-7d20e827b180
3887948207,technical,Data Segmentation,,,unmatched,0.0,
3887948207,technical,SQL,SQL,Database Language,technology_dictionary,1.0,
3887948207,technical,Python,Python,Programming Language,technology_dictionary,1.0,
3887948207,technical,R,R,Programming Language,technology_dictionary,1.0,
3887948207,technical,Report Writing,,,unmatched,0.0,
3887948207,technical,Reporting,,,unmatched,0.0,
3887948207,technical,Query Development,,,unmatched,0.0,
3887948207,technical,Database Management,database management systems,,fuzzy_preferred,0.95,http://data.europa.eu/esco/skill/ab1e97ed-2319-4293-a8b7-072d2648822f
3887948207,tool,Microsoft Excel,Microsoft Excel,Spreadsheet,technology_dictionary,1.0,
3887948207,technical,SQL,SQL,Database Language,technology_dictionary,1.0,
3887948207,technical,Python,Python,Programming Language,technology_dictionary,1.0,
3887948207,technical,R,R,Programming Language,technology_dictionary,1.0,
3887948207,tool,Microsoft Excel,Microsoft Excel,Spreadsheet,technology_dictionary,1.0,
3887948207,technical,Microsoft Office,use microsoft office,,fuzzy_preferred,0.95,http://data.europa.eu/esco/skill/f683ae1d-cb7c-4aa1-b9fe-205e1bd23535
3887948207,technical,Analytical Skills,,,unmatched,0.0,
3887948207,technical,Attention to Detail,attend to detail,,semantic,0.7608,http://data.europa.eu/esco/skill/83e6510b-ffeb-4aec-959c-4265fd0ff7b7
3887948207,technical,Accuracy,,,unmatched,0.0,
3887948207,technical,Presentation Skills,,,unmatched,0.0,
3887948207,technical,Information Organization,,,unmatched,0.0,
3901942350,technical,Data Analysis,statistics,,alt_label,0.99,http://data.europa.eu/esco/skill/7ee4c2ea-b349-4bd2-81a3-ec31475d4833
3901942350,technical,Artificial Intelligence,principles of artificial intelligence,,fuzzy_alt,0.95,http://data.europa.eu/esco/skill/e465a154-93f7-4973-9ce1-31659fe16dd2
3901942350,technical,Programming,web programming,,fuzzy_preferred,0.95,http://data.europa.eu/esco/skill/69bbd53f-fbb0-4476-b4b2-ef7844464e28
3901942350,technical,Python,Python,Programming Language,technology_dictionary,1.0,
3901942350,technical,JavaScript,JavaScript,,exact,1.0,http://data.europa.eu/esco/skill/3cd569a2-4f88-4c1e-9995-8dce8c5e51a7
3901942350,technical,HTML,,,unmatched,0.0,
3901942350,technical,C++,C++,,exact,1.0,http://data.europa.eu/esco/skill/b633eb55-8f1f-4ae6-ab4c-2022ffe2cb7f
3901942350,technical,C#,C#,,exact,1.0,http://data.europa.eu/esco/skill/4c016b68-4116-468c-9dc6-42710c239e4a
3901942350,technical,SQL,SQL,Database Language,technology_dictionary,1.0,
3901942350,technical,Code Evaluation,,,unmatched,0.0,
3901942350,technical,Code Quality,,,unmatched,0.0,
3901942350,technical,Performance Analysis,perform risk analysis,,fuzzy_alt,0.95,http://data.europa.eu/esco/skill/1dd23dba-dd00-45ab-abf4-642902538317
3901942350,soft,Problem Solving,solve problems,,fuzzy_alt,0.95,http://data.europa.eu/esco/skill/adc6dc11-3376-467b-96c5-9b0a21edc869
3901942350,technical,Python,Python,Programming Language,technology_dictionary,1.0,
3901942350,technical,JavaScript,JavaScript,,exact,1.0,http://data.europa.eu/esco/skill/3cd569a2-4f88-4c1e-9995-8dce8c5e51a7
3901942350,technical,HTML,,,unmatched,0.0,
3901942350,technical,C++,C++,,exact,1.0,http://data.europa.eu/esco/skill/b633eb55-8f1f-4ae6-ab4c-2022ffe2cb7f
3901942350,technical,C#,C#,,exact,1.0,http://data.europa.eu/esco/skill/4c016b68-4116-468c-9dc6-42710c239e4a
3901942350,technical,SQL,SQL,Database Language,technology_dictionary,1.0,
3901942350,technical,LeetCode,,,unmatched,0.0,
3901942350,technical,HackerRank,,,unmatched,0.0,
3901942350,technical,PayPal,,,unmatched,0.0,
3901942350,technical,English Fluency,,,unmatched,0.0,
3901942350,technical,Writing,writing techniques,,semantic,0.8087,http://data.europa.eu/esco/skill/91dd8397-063d-499c-83b9-0603a10d94ac
3901942350,technical,Grammar,grammar,,exact,1.0,http://data.europa.eu/esco/skill/d4ae9564-0b61-4aa0-9df0-d4fdc969fd6f
3901942350,soft,Problem-solving,solve problems,,fuzzy_alt,0.95,http://data.europa.eu/esco/skill/adc6dc11-3376-467b-96c5-9b0a21edc869
3901394550,technical,Academic Analytics,,,unmatched,0.0,
3901394550,technical,Assessment,assessment processes,,semantic,0.8632,http://data.europa.eu/esco/skill/31b67516-af16-4b97-8430-a8a8e0f84190
3901394550,technical,Data Collection,statistics,,alt_label,0.99,http://data.europa.eu/esco/skill/7ee4c2ea-b349-4bd2-81a3-ec31475d4833
3901394550,technical,Data Processing,process data,,alt_label,0.99,http://data.europa.eu/esco/skill/f2d57f41-43b4-4f5b-8100-3df5c21eda50
3901394550,technical,Data Tabulation,,,unmatched,0.0,
3901394550,technical,Reporting,,,unmatched,0.0,
3901394550,technical,Documentation,documentation types,,fuzzy_preferred,0.95,http://data.europa.eu/esco/skill/327d15c8-29ff-4ad4-a4fe-6536d777a45f
3901394550,technical,Compliance Reporting,,,unmatched,0.0,
3901394550,technical,Literature Review,conduct literature research,,fuzzy_alt,0.95,http://data.europa.eu/esco/skill/0d282d6e-8cb9-4339-8e7d-cfafed96b5ed
3901394550,technical,Microsoft Office Suite,use microsoft office,,semantic,0.8468,http://data.europa.eu/esco/skill/f683ae1d-cb7c-4aa1-b9fe-205e1bd23535
3901394550,technical,Microsoft Word,use microsoft office,,semantic,0.7613,http://data.europa.eu/esco/skill/f683ae1d-cb7c-4aa1-b9fe-205e1bd23535
3901394550,tool,Microsoft Excel,Microsoft Excel,Spreadsheet,technology_dictionary,1.0,
3901394550,technical,REDCap,,,unmatched,0.0,
3901394550,technical,Adobe Acrobat Pro,,,unmatched,0.0,
3901394550,technical,Critical Thinking,think critically,,fuzzy_alt,0.95,http://data.europa.eu/esco/skill/7dd94ad3-13d6-43fe-8b94-51fcbf67ced9
3901394550,technical,Judgment,,,unmatched,0.0,
3901394550,technical,Attention to Detail,attend to detail,,semantic,0.7608,http://data.europa.eu/esco/skill/83e6510b-ffeb-4aec-959c-4265fd0ff7b7
3901394550,technical,Written Communication,discern written communication,,fuzzy_preferred,0.95,http://data.europa.eu/esco/skill/0e161427-3369-47c0-8669-9e226207f6d0
3901394550,soft,Oral Communication,communication,,fuzzy_preferred,0.95,http://data.europa.eu/esco/skill/15d76317-c71a-4fa2-aadc-2ecc34e627b7
3901394550,technical,Planning,urban planning,,semantic,0.7856,http://data.europa.eu/esco/skill/7f18039d-dfae-471b-9daa-507f6b2d2842
3901394550,technical,Organization,represent the organisation,,semantic,0.769,http://data.europa.eu/esco/skill/1a4fdd0e-2cbe-4b77-aa6e-e46efc181b76
3901394550,technical,Time Management,manage time,,semantic,0.8936,http://data.europa.eu/esco/skill/d9013e0e-e937-43d5-ab71-0e917ee882b8
3901394550,technical,Independence,,,unmatched,0.0,
3901394550,technical,Collaboration,,,unmatched,0.0,
3902353887,technical,Business Analysis,business analysis,,exact,1.0,http://data.europa.eu/esco/skill/633a3637-2c6b-40ae-ac38-289eb2a62aa6
3902353887,technical,Data Analysis,statistics,,alt_label,0.99,http://data.europa.eu/esco/skill/7ee4c2ea-b349-4bd2-81a3-ec31475d4833
3902353887,tool,Microsoft Excel,Microsoft Excel,Spreadsheet,technology_dictionary,1.0,
3902353887,tool,Microsoft Excel,Microsoft Excel,Spreadsheet,technology_dictionary,1.0,
3902353887,technical,Microsoft PowerPoint,use presentation software,,fuzzy_alt,0.95,http://data.europa.eu/esco/skill/234aeb8d-56c3-4531-9193-1c5e6a8d16cb
3902353887,technical,Microsoft Office,use microsoft office,,fuzzy_preferred,0.95,http://data.europa.eu/esco/skill/f683ae1d-cb7c-4aa1-b9fe-205e1bd23535
3902353887,soft,Problem-solving,solve problems,,fuzzy_alt,0.95,http://data.europa.eu/esco/skill/adc6dc11-3376-467b-96c5-9b0a21edc869
3902353887,technical,Logical Thinking,think analytically,,fuzzy_alt,0.95,http://data.europa.eu/esco/skill/4707da90-9cfc-46ca-8de0-38a0b7bfb137
3902353887,technical,Attention to Detail,attend to detail,,semantic,0.7608,http://data.europa.eu/esco/skill/83e6510b-ffeb-4aec-959c-4265fd0ff7b7
3902353887,soft,Communication,communication,,exact,1.0,http://data.europa.eu/esco/skill/15d76317-c71a-4fa2-aadc-2ecc34e627b7
3902353887,technical,Project Management,project management,,exact,1.0,http://data.europa.eu/esco/skill/7111b95d-0ce3-441a-9d92-4c75d05c4388
3902353887,technical,Independence,,,unmatched,0.0,
3902353887,technical,Teamwork,manage teamwork,,semantic,0.8047,http://data.europa.eu/esco/skill/75e48971-3242-4ea5-a1ba-4deec48ad41c
3902353887,technical,Inquisitiveness,,,unmatched,0.0,
