skill_1,skill_2,frequency
Python,SQL,43
R,SQL,37
Python,R,37
Python,machine learning,21
computer programming,statistics,18
SQL,statistics,17
Microsoft Excel,SQL,16
data visualisation software,statistics,16
project management,statistics,15
R,Tableau,15
business analysis,statistics,15
Python,Tableau,14
SQL,Tableau,14
natural gas,statistics,14
Power BI,SQL,14
SQL,machine learning,14
machine learning,statistics,14
Apache Spark,Python,14
computer programming,natural gas,13
SQL,computer programming,13
R,machine learning,13
R,statistics,13
Python,computer programming,13
R,computer programming,13
SQL,database,13
data models,statistics,12
Python,statistics,12
SQL,data mining,12
SQL,data visualisation software,12
Power BI,Python,12
Python,database,12
solve problems,statistics,11
business intelligence,statistics,11
Power BI,R,11
data mining,statistics,11
Apache Spark,R,11
Python,Scala,11
Power BI,Tableau,10
computer programming,machine learning,10
SQL,Scala,10
Java (computer programming),Python,10
Amazon Web Services,Python,10
business analysis,use computer telephony integration,10
database,machine learning,10
Python,TensorFlow,10
PyTorch,Python,10
business analysis,computer programming,10
business analysis,interact with users to gather requirements,10
SQL,data models,9
Python,deep learning,9
Python,natural gas,9
SQL,natural gas,9
Python,data visualisation software,9
R,natural gas,9
machine learning,natural language processing,9
Data Governance,statistics,9
deep learning,machine learning,9
computer programming,database,9
Amazon Web Services,R,9
machine learning,natural gas,9
data engineering,machine learning,9
R,Scala,9
machine learning,principles of artificial intelligence,9
data models,natural gas,9
computer programming,data models,9
PyTorch,TensorFlow,9
R,database,9
C++,Python,9
computer programming,use computer telephony integration,9
Microsoft Excel,Python,9
data models,data visualisation software,8
radiotherapy,statistics,8
SAS,SQL,8
R,"data extraction, transformation and loading tools",8
Python,data mining,8
ICT project management methodologies,business analysis,8
Apache Spark,Scala,8
identify process improvements,statistics,8
Apache Spark,SQL,8
data models,radiotherapy,8
Microsoft Excel,Power BI,8
Python,"data extraction, transformation and loading tools",8
ICT project management methodologies,computer programming,8
business analysis,project management,8
Scala,machine learning,8
Python,natural language processing,8
computer programming,learning management systems,8
Microsoft Excel,R,8
statistics,supervision of persons,8
database,natural gas,8
semiconductors,statistics,8
statistics,use computer telephony integration,8
natural gas,radiotherapy,7
R,deep learning,7
R,integrated circuits,7
Data Governance,natural gas,7
R,SAS,7
define data quality criteria,statistics,7
Python,reverse engineering,7
R,reverse engineering,7
principles of artificial intelligence,statistics,7
SQL,reverse engineering,7
cloud technologies,machine learning,7
PyTorch,machine learning,7
TensorFlow,machine learning,7
ICT project management methodologies,statistics,7
interact with users to gather requirements,statistics,7
Microsoft Excel,integrated circuits,7
data engineering,statistics,7
Microsoft Excel,use presentation software,7
SQL,"data extraction, transformation and loading tools",7
R,data mining,7
data visualisation software,natural gas,7
business intelligence,data visualisation software,7
data mining,data visualisation software,7
Data Governance,data models,7
Python,SAS,7
R,data visualisation software,6
computer programming,project management,6
R,solar energy,6
analyse pipeline database information,data engineering,6
Git,Python,6
business intelligence,computer programming,6
business intelligence,natural gas,6
sing,statistics,6
solar energy,statistics,6
Data Governance,business intelligence,6
define data quality criteria,radiotherapy,6
Data Governance,data visualisation software,6
SQL,business intelligence,6
ICT project management methodologies,natural gas,6
Apache Hadoop,SQL,6
Java (computer programming),SQL,6
R,business intelligence,6
business analysis,business processes,6
business analysis,solve problems,6
business analysis,engage with stakeholders,6
data models,database,6
engage with stakeholders,statistics,6
Amazon Web Services,machine learning,6
Python,integrated circuits,6
data visualisation software,radiotherapy,6
Microsoft Excel,statistics,6
Python,data models,6
PyTorch,R,6
Python,Scikit-learn,6
Amazon Web Services,Apache Spark,6
computer programming,data mining,6
SQL,statistical modeling techniques,6
data visualisation software,semiconductors,6
SQL,data warehouse,6
Amazon Web Services,SQL,6
ML (computer programming),machine learning,6
natural gas,solar energy,6
Java (computer programming),R,6
TensorFlow,deep learning,6
business analysis,plan,6
computer programming,semiconductors,6
business intelligence,semiconductors,6
data visualisation software,use computer telephony integration,6
C++,Java (computer programming),6
data mining,data models,6
business intelligence,data models,6
natural gas,semiconductors,6
Python,Snowflake,5
machine learning,reverse engineering,5
SQL,data engineering,5
SQL,solar energy,5
analyse pipeline database information,data models,5
R,radiotherapy,5
SQL,Snowflake,5
R,sing,5
C++,machine learning,5
Data Governance,project management,5
Amazon Web Services,Scala,5
R,data engineering,5
data models,machine learning,5
Scala,database,5
interact with users to gather requirements,use computer telephony integration,5
database,deep learning,5
analyse pipeline database information,natural gas,5
data models,risk management,5
analyse pipeline database information,statistics,5
statistics,types of tidal stream generators,5
business intelligence,data mining,5
data mining,use computer telephony integration,5
CI/CD,database,5
risk management,statistics,5
project management,solar energy,5
data analytics,statistics,5
natural gas,project management,5
natural gas,sing,5
risk management,use computer telephony integration,5
R,Snowflake,5
engage with stakeholders,interact with users to gather requirements,5
Apache Spark,machine learning,5
machine learning,use computer telephony integration,5
computer programming,integrated circuits,5
ICT project management methodologies,SQL,5
computer vision,deep learning,5
Apache Airflow,Python,5
Python,business intelligence,5
cloud technologies,data engineering,5
PyTorch,Scikit-learn,5
Python,computer vision,5
PyTorch,deep learning,5
data mining,natural gas,5
business analysis,natural gas,5
data mining,statistical modeling techniques,5
Apache Hadoop,Python,5
TensorFlow,computer vision,5
data models,semiconductors,5
Data Governance,computer programming,5
identify process improvements,project management,5
computer programming,identify process improvements,5
data engineering,information architecture,5
business intelligence,radiotherapy,5
ICT project management methodologies,use computer telephony integration,5
Scala,natural gas,5
radiotherapy,semiconductors,5
data engineering,radiotherapy,5
Python,data warehouse,5
deep learning,natural language processing,5
Scala,cloud technologies,5
data visualisation software,machine learning,5
communication,statistics,5
ICT project management methodologies,R,5
computer programming,interact with users to gather requirements,5
Java (computer programming),PyTorch,5
data engineering,natural gas,5
Java (computer programming),TensorFlow,5
R,TensorFlow,5
SQL,deep learning,5
Python,SQL Server,5
SQL,radiotherapy,5
data science,statistics,5
cloud technologies,statistics,5
engage with stakeholders,project management,5
algorithms,machine learning,5
ICT project management methodologies,project management,5
database,statistics,5
natural language processing,statistics,5
natural gas,solve problems,5
learning management systems,machine learning,5
learning management systems,natural gas,5
ML (computer programming),Python,5
Scikit-learn,TensorFlow,5
ICT project management methodologies,Jira,5
process data,statistics,5
Microsoft Excel,Tableau,5
Data Governance,radiotherapy,5
Data Governance,define data quality criteria,5
data visualisation software,solve problems,5
Data Governance,semiconductors,5
analyse pipeline database information,define data quality criteria,5
data models,use computer telephony integration,5
computer programming,define data quality criteria,5
computer programming,radiotherapy,5
Data Governance,analyse pipeline database information,4
natural gas,supervision of persons,4
data models,define data quality criteria,4
business processes,project management,4
natural gas,reverse engineering,4
identify process improvements,radiotherapy,4
data mining,identify process improvements,4
Scala,Scikit-learn,4
computer programming,sing,4
computer programming,solve problems,4
Microsoft Office,SQL,4
SAS,Tableau,4
integrated circuits,use presentation software,4
semiconductors,solve problems,4
financial analysis,statistics,4
Scala,statistics,4
Apache Hadoop,R,4
project management,risk management,4
JavaScript,manage athletes,4
data visualisation software,project management,4
business intelligence,supervision of persons,4
database,natural language processing,4
Jira,R,4
learning management systems,statistics,4
Python,learning management systems,4
C++,TensorFlow,4
C++,computer programming,4
"data extraction, transformation and loading tools",project management,4
CI/CD,analyse pipeline database information,4
computer programming,types of tidal stream generators,4
cloud technologies,computer programming,4
computer programming,hardware testing methods,4
computer programming,risk management,4
business intelligence,project management,4
business analysis,risk management,4
data models,project management,4
data models,think creatively,4
Data Manipulation,SQL,4
business intelligence,risk management,4
data visualisation software,sing,4
reverse engineering,statistics,4
"data extraction, transformation and loading tools",natural gas,4
"data extraction, transformation and loading tools",statistics,4
ICT project management methodologies,reverse engineering,4
Data Manipulation,statistics,4
business intelligence,"data extraction, transformation and loading tools",4
ICT project management methodologies,risk management,4
SQL,sing,4
R,glue film reels,4
Apache Spark,cloud technologies,4
TensorFlow,natural language processing,4
computer vision,natural language processing,4
C++,PyTorch,4
business analysis,data models,4
data engineering,database,4
cloud technologies,data models,4
R,Scikit-learn,4
SQL,SQL Server,4
C++,R,4
Data Governance,reverse engineering,4
DAX,Python,4
DAX,SQL,4
engage with stakeholders,risk management,4
Python,semiconductors,4
Python,solar energy,4
R,data models,4
Java (computer programming),machine learning,4
computer programming,deep learning,4
computer programming,reverse engineering,4
business analysis,public relations,4
business analysis,write technical reports,4
R,SQL Server,4
Scala,data engineering,4
analyse pipeline database information,business intelligence,4
analyse pipeline database information,information architecture,4
Data Governance,risk management,4
Data Governance,solar energy,4
data engineering,data models,4
analyse pipeline database information,radiotherapy,4
CI/CD,reverse engineering,4
SAS,data mining,4
learning management systems,use computer telephony integration,4
natural gas,use computer telephony integration,4
CI/CD,data engineering,4
"data extraction, transformation and loading tools",database,4
Amazon Web Services,deep learning,4
cloud technologies,database,4
business processes,interact with users to gather requirements,4
business processes,write technical reports,4
data models,solar energy,4
Scala,computer programming,4
Amazon Web Services,database,4
computer programming,solar energy,4
Databricks,Python,4
data engineering,solar energy,4
data models,information architecture,4
identify process improvements,natural gas,4
identify process improvements,semiconductors,4
data mining,machine learning,4
business analysis,demonstrate leadership in social service cases,4
CI/CD,Python,4
machine learning,solar energy,4
business analysis,learning management systems,4
Data Governance,machine learning,4
radiotherapy,sing,4
Python,types of tidal stream generators,4
Scala,reverse engineering,4
"data extraction, transformation and loading tools",reverse engineering,4
data warehouse,reverse engineering,4
Apache Kafka,Python,4
ICT project management methodologies,machine learning,4
demonstrate leadership in social service cases,use computer telephony integration,4
public relations,statistics,4
Apache Spark,Java (computer programming),4
Apache Spark,PyTorch,4
cloud technologies,natural gas,4
analyse pipeline database information,cloud technologies,4
SQL,learning management systems,4
communication,project management,4
communication,solve problems,4
communication,engage with stakeholders,4
Apache Spark,"data extraction, transformation and loading tools",4
PyTorch,computer vision,4
Scala,types of tidal stream generators,4
Microsoft Excel,computer programming,4
SAS,computer programming,4
business analysis,identify process improvements,4
semiconductors,use computer telephony integration,4
plan,use computer telephony integration,4
Java (computer programming),Scala,4
database,reverse engineering,4
computer programming,database management systems,4
Apache Airflow,R,4
project management,solve problems,4
interact with users to gather requirements,project management,4
make decisions,solve problems,4
ICT project management methodologies,types of tidal stream generators,4
ICT project management methodologies,cloud technologies,4
business processes,computer programming,4
CI/CD,natural gas,4
computer vision,machine learning,4
CI/CD,machine learning,4
Kubernetes,Python,4
Python,statistical modeling techniques,4
make decisions,statistics,4
data warehouse,database,4
ML (computer programming),algorithms,4
SQL,Scikit-learn,4
Python,algorithms,4
Apache Airflow,Apache Spark,4
Data Governance,data mining,4
SQL,use computer telephony integration,4
SAP Data Services,SQL,4
define data quality criteria,natural gas,4
data mining,radiotherapy,4
information architecture,statistics,4
business intelligence,define data quality criteria,4
business intelligence,use computer telephony integration,4
Data Governance,use computer telephony integration,4
R,cloud technologies,4
SQL,semiconductors,4
report analysis results,statistics,3
PyTorch,natural language processing,3
computer programming,information architecture,3
Azure DevOps,R,3
database management systems,statistics,3
data models,database management systems,3
database,learning management systems,3
SQL,TensorFlow,3
Scala,TensorFlow,3
computer programming,process data,3
computer programming,supervision of persons,3
rhetoric,risk management,3
R,Source (digital game creation systems),3
define data quality criteria,semiconductors,3
data visualisation software,identify process improvements,3
liaise with quality assurance,natural gas,3
data analytics,types of tidal stream generators,3
data visualisation software,supervision of persons,3
analyse pipeline database information,data visualisation software,3
radiotherapy,use computer telephony integration,3
User Acceptance Testing,business analysis,3
ICT project management methodologies,User Acceptance Testing,3
Microsoft SharePoint,computer programming,3
ICT project management methodologies,Microsoft Office,3
human-robot collaboration,statistics,3
Kubernetes,machine learning,3
machine learning,types of tidal stream generators,3
Apache Airflow,dbt,3
Apache Spark,TensorFlow,3
Java (computer programming),Scikit-learn,3
Python,principles of artificial intelligence,3
R,algorithms,3
R,principles of artificial intelligence,3
Amazon Web Services,business intelligence,3
cloud technologies,define data quality criteria,3
data visualisation software,define data quality criteria,3
Apache Spark,business intelligence,3
ML (computer programming),computer programming,3
engage with stakeholders,write technical reports,3
demonstrate leadership in social service cases,make decisions,3
demonstrate leadership in social service cases,solve problems,3
demonstrate leadership in social service cases,statistics,3
project management,supervision of persons,3
interact with users to gather requirements,public relations,3
interact with users to gather requirements,write technical reports,3
R,SAP Data Services,3
database,debt classification,3
public relations,write technical reports,3
solve problems,think critically,3
statistics,write technical reports,3
CI/CD,ICT project management methodologies,3
Pentaho Data Integration,statistics,3
ICT project management methodologies,data engineering,3
"data extraction, transformation and loading tools",data warehouse,3
R,use presentation software,3
Tableau,data mining,3
DAX,Power BI,3
Apache Kafka,Apache Spark,3
ML (computer programming),data engineering,3
ML (computer programming),database,3
ski,use computer telephony integration,3
reverse engineering,think creatively,3
Apache Spark,database,3
database management systems,use computer telephony integration,3
database management systems,machine learning,3
machine learning,statistical modeling techniques,3
SQL,principles of artificial intelligence,3
cloud technologies,solar energy,3
database,solar energy,3
computer programming,data engineering,3
communication,make decisions,3
SQL,logic,3
cloud technologies,radiotherapy,3
demonstrate leadership in social service cases,engage with stakeholders,3
business processes,engage with stakeholders,3
engage with stakeholders,public relations,3
engage with stakeholders,solve problems,3
engage with stakeholders,supervision of persons,3
communication,demonstrate leadership in social service cases,3
Large Language Models,natural language processing,3
Performance Optimization,cloud technologies,3
ICT project management methodologies,Requirements Gathering,3
ICT project management methodologies,Software Development Life Cycle,3
Requirements Gathering,Software Development Life Cycle,3
business analysis,business requirements techniques,3
Generative AI,machine learning,3
Java (computer programming),reverse engineering,3
C#,Python,3
C#,SQL,3
Scala,"data extraction, transformation and loading tools",3
CI/CD,Scala,3
SQL,XML,3
morality,statistics,3
Data Governance,cloud technologies,3
demonstrate leadership in social service cases,ski,3
analyse pipeline database information,reverse engineering,3
engage with stakeholders,identify process improvements,3
SQL,analyse pipeline database information,3
machine learning,radiotherapy,3
business intelligence,machine learning,3
Data Governance,data engineering,3
Microsoft Excel,data mining,3
deep learning,electrical machines,3
electrical machines,natural language processing,3
Amazon Athena,R,3
business analysis,communication,3
business analysis,make decisions,3
Scala,solar energy,3
Scikit-learn,machine learning,3
Source (digital game creation systems),cloud technologies,3
Tableau,integrated circuits,3
CI/CD,data models,3
Amazon Web Services,Source (digital game creation systems),3
Source (digital game creation systems),machine learning,3
TensorFlow,database,3
process data,semiconductors,3
SQL,blockchain consensus mechanisms,3
data science,machine learning,3
Microsoft Excel,blockchain consensus mechanisms,3
C++,SQL,3
Docker,Kubernetes,3
Docker,Python,3
CI/CD,cloud technologies,3
JavaScript,SQL,3
JavaScript,computer programming,3
Microsoft Excel,SAS,3
information architecture,radiotherapy,3
data warehouse,radiotherapy,3
business analysis,manage system testing,3
Databricks,R,3
integrated development environment software,solar energy,3
data engineering,process data,3
statistics,think creatively,3
"data extraction, transformation and loading tools",data models,3
Amazon S3,R,3
SQL,Source (digital game creation systems),3
R,natural language processing,3
SQL,Visual Basic,3
computer technology,statistics,3
business processes,public relations,3
business processes,statistics,3
R,learning management systems,3
deep learning,learning management systems,3
data engineering,sing,3
Databricks,"data extraction, transformation and loading tools",3
Jenkins (tools for software configuration management),analyse pipeline database information,3
Microsoft Excel,data visualisation software,3
analyse pipeline database information,database,3
SAS,statistics,3
Apache Airflow,Apache Kafka,3
demonstrate leadership in social service cases,semiconductors,3
business intelligence,data engineering,3
business intelligence,information architecture,3
natural gas,think creatively,3
develop business case,use computer telephony integration,3
business analysis,execute integration testing,3
business analysis,ski,3
business analysis,system design,3
ICT project management methodologies,execute integration testing,3
Git,Snowflake,3
solar energy,types of tidal stream generators,3
data analytics,data engineering,3
computer programming,think creatively,3
business requirements techniques,computer programming,3
principles of artificial intelligence,use computer telephony integration,3
Data Governance,Data Lineage,3
Data Governance,ICT project management methodologies,3
SQL,process data,3
Python,data engineering,3
data engineering,define data quality criteria,3
analyse pipeline database information,semiconductors,3
Data Governance,"data extraction, transformation and loading tools",3
Data Governance,data warehouse,3
Jira,use online tools to collaborate,3
Git,R,3
Apache Airflow,Scala,3
Power BI,data visualisation software,3
Oracle Warehouse Builder,R,3
computer programming,plan,3
business analysis,solar energy,3
SQL,natural language processing,3
SQL Server,"data extraction, transformation and loading tools",3
Agile development,business analysis,3
assess your competences for artistic coaching,statistics,3
assess your competences for artistic coaching,supervision of persons,3
SAP Data Services,radiotherapy,3
database,radiotherapy,3
Scala,deep learning,3
Source (digital game creation systems),database,3
Source (digital game creation systems),deep learning,3
Microservices,machine learning,3
computer programming,data science,3
Data Governance,identify process improvements,3
Scala,analyse pipeline database information,3
Snowflake,data engineering,3
Data Governance,sing,3
integrated circuits,semiconductors,3
Amazon Web Services,cloud technologies,3
Apache Spark,glue film reels,3
Data Governance,SQL,3
Data Governance,apply information security policies,3
Data Lineage,data models,3
Java (computer programming),computer programming,3
TensorFlow,computer programming,3
computer programming,computer vision,3
CI/CD,Jenkins (tools for software configuration management),3
data engineering,principles of artificial intelligence,3
interact with users to gather requirements,plan,3
Jenkins (tools for software configuration management),reverse engineering,3
Oracle Warehouse Builder,Python,3
R,analyse pipeline database information,3
Git,SQL,3
SQL Server,natural gas,3
data models,interact with users to gather requirements,3
computer programming,computer technology,3
computer programming,create prototype of user experience solutions,3
business analysis,create prototype of user experience solutions,3
SQL,solve problems,3
algorithms,data engineering,3
PyTorch,SQL,3
PyTorch,Scala,3
computer simulation,machine learning,3
Power BI,data models,3
Data Governance,perform data cleansing,3
business processes,liaise with quality assurance,3
business analysis,liaise with quality assurance,3
ICT project management methodologies,database,3
interact with users to gather requirements,risk management,3
demonstrate leadership in social service cases,risk management,3
Apache Spark,deep learning,3
SQL Server,integrated circuits,3
Python,cloud technologies,3
computer vision,database,3
Perl,Python,3
Perl,R,3
Oracle Warehouse Builder,SQL Server,3
Scala,Source (digital game creation systems),3
engage with stakeholders,use computer telephony integration,3
Microsoft Azure,Power BI,3
Data Lineage,statistics,3
Data Lineage,natural gas,3
Data Lineage,sing,3
PyTorch,computer programming,3
Python,artificial neural networks,3
Data Governance,communication,3
Agile development,statistics,3
sing,solve problems,3
Tableau,statistics,3
ski,solve problems,3
solve problems,supervision of persons,3
project management,rhetoric,3
interpret seismic data,statistics,3
engage with stakeholders,interpret seismic data,3
manage standards for data exchange,natural gas,3
manage standards for data exchange,statistics,3
business intelligence,sing,3
apply information security policies,natural gas,3
ICT project management methodologies,business intelligence,3
ICT project management methodologies,data analytics,3
data analytics,solar energy,3
CI/CD,R,3
R,project management,3
Pandas,Python,3
data analytics,natural gas,3
business intelligence,data warehouse,3
project management,think creatively,3
natural gas,risk management,3
perform data cleansing,statistics,3
data warehouse,statistics,3
data models,reverse engineering,3
data models,sing,3
data models,data warehouse,3
computer programming,liaise with quality assurance,3
SQL,SQL Server Integration Services,3
machine learning,ski,3
Microsoft Excel,keywords in digital content,3
data visualisation software,database management systems,3
statistics,use presentation software,3
NoSQL,SQL,3
lead process optimisation,machine learning,3
machine learning,process data,3
machine learning,solve problems,3
communication,data visualisation software,3
communication,risk management,3
SQL,database management systems,3
lead process optimisation,statistics,3
Microsoft Excel,Visual Basic,3
SQL,mathematics,3
C++,deep learning,3
integrated circuits,statistics,3
integrated circuits,project management,3
computer programming,"data extraction, transformation and loading tools",3
solve problems,use computer telephony integration,3
fit low vision aids,integrated circuits,3
data models,solve problems,3
data models,supervision of persons,3
project management,semiconductors,3
manage system testing,project management,3
Scala,principles of artificial intelligence,3
ICT project management methodologies,Scala,3
ICT project management methodologies,liaise with quality assurance,3
natural language processing,principles of artificial intelligence,3
natural gas,principles of artificial intelligence,3
Power BI,SAS,3
Microsoft Access,Microsoft Excel,3
Snowflake,integrated circuits,3
computer programming,natural language processing,3
computer programming,principles of artificial intelligence,3
computer programming,data visualisation software,3
supervision of persons,types of tidal stream generators,3
Python,Source (digital game creation systems),3
data mining,semiconductors,3
Data Governance,solve problems,3
SQL,integrated circuits,3
Apache Spark,integrated circuits,3
data warehouse,integrated circuits,3
Python,database management systems,3
Power BI,SQL Server,3
SQL,project management,3
Tableau,computer programming,3
Microsoft Office,R,3
data mining,project management,3
engage with stakeholders,rhetoric,3
database management systems,risk management,3
Python,glue film reels,3
statistical modeling techniques,use computer telephony integration,3
Azure Data Factory,SQL Server,3
MySQL,R,3
Scala,Snowflake,3
Scala,integrated circuits,3
debt classification,deep learning,3
debt classification,machine learning,3
Microsoft Office,Tableau,3
data mining,define data quality criteria,3
define data quality criteria,use computer telephony integration,3
information architecture,natural gas,3
Microsoft SharePoint,integrated circuits,3
R,debt classification,3
SQL,debt classification,3
plan,semiconductors,3
Microsoft Office,Python,2
DevOps,Python,2
DevOps,Docker,2
computer vision,learning management systems,2
learning management systems,natural language processing,2
TensorFlow,learning management systems,2
Python,logic,2
R,logic,2
Java (computer programming),natural language processing,2
Amazon Web Services,semiconductors,2
Python,manage athletes,2
JavaScript,Python,2
C++,manage athletes,2
C++,JavaScript,2
Cloud Platform,natural language processing,2
Cloud Platform,Python,2
C++,Perl,2
SAP Data Services,plan,2
SAP Data Services,interpreting modes,2
SAP Data Services,SAP FICO,2
Apache Spark,Azure Data Factory,2
MySQL,natural gas,2
SQL Server,data warehouse,2
SQL Server,Snowflake,2
Data Lineage,radiotherapy,2
Data Lineage,data visualisation software,2
Pentaho Data Integration,use computer telephony integration,2
Pentaho Data Integration,information architecture,2
Pentaho Data Integration,data models,2
Pentaho Data Integration,computer programming,2
Pentaho Data Integration,business intelligence,2
business intelligence,solve problems,2
analyse pipeline database information,use computer telephony integration,2
analyse pipeline database information,sing,2
analyse pipeline database information,data mining,2
analyse pipeline database information,computer programming,2
Microsoft Excel,accounting,2
Microsoft Excel,Microsoft SharePoint,2
accounting,integrated circuits,2
business intelligence,web analytics,2
integrated circuits,keywords in digital content,2
fit low vision aids,use presentation software,2
data visualisation software,talent management strategies,2
data mining,web analytics,2
define data quality criteria,solve problems,2
define data quality criteria,sing,2
public relations,use computer telephony integration,2
Jira,integrated circuits,2
natural gas,web analytics,2
information architecture,use computer telephony integration,2
statistics,web analytics,2
supervision of persons,talent management strategies,2
statistics,talent management strategies,2
semiconductors,talent management strategies,2
semiconductors,supervision of persons,2
Data Lineage,use computer telephony integration,2
fit low vision aids,keywords in digital content,2
sing,use computer telephony integration,2
semiconductors,web analytics,2
radiotherapy,web analytics,2
radiotherapy,solve problems,2
business intelligence,perform contract reporting and evaluation,2
business intelligence,computer technology,2
computer technology,data visualisation software,2
control compliance of railway vehicles regulations,semiconductors,2
control compliance of railway vehicles regulations,project management,2
control compliance of railway vehicles regulations,natural gas,2
control compliance of railway vehicles regulations,identify process improvements,2
"data extraction, transformation and loading tools",semiconductors,2
"data extraction, transformation and loading tools",perform contract reporting and evaluation,2
analyse pipeline database information,solve problems,2
root cause analysis,statistics,2
execute integration testing,perform software unit testing,2
human-robot collaboration,principles of artificial intelligence,2
liaise with quality assurance,types of tidal stream generators,2
JavaScript,Microsoft Excel,2
"data extraction, transformation and loading tools",data visualisation software,2
"data extraction, transformation and loading tools",data mining,2
data visualisation software,perform contract reporting and evaluation,2
data mining,perform contract reporting and evaluation,2
business analysis,financial analysis,2
glue film reels,integrated circuits,2
database,integrated circuits,2
DevOps,integrated circuits,2
natural gas,types of tidal stream generators,2
natural language processing,types of tidal stream generators,2
data models,lead process optimisation,2
analyse pipeline database information,supervision of persons,2
manage system testing,statistics,2
manage system testing,natural gas,2
perform contract reporting and evaluation,project management,2
perform contract reporting and evaluation,statistics,2
project management,radiotherapy,2
Financial Modeling,business analysis,2
Financial Modeling,statistics,2
assess your competences for artistic coaching,business intelligence,2
Amazon S3,glue film reels,2
statistics,use specialised computer models for weather forecasting,2
financial analysis,use specialised computer models for weather forecasting,2
business analysis,use specialised computer models for weather forecasting,2
business intelligence,report analysis results,2
business intelligence,natural language processing,2
database,principles of artificial intelligence,2
data analytics,supervision of persons,2
Microsoft Project,integrated circuits,2
Microsoft Project,fit low vision aids,2
Apache Hadoop,data models,2
Apache Hadoop,Tableau,2
Apache Hadoop,Power BI,2
risk management,solar energy,2
Groovy,Scala,2
Groovy,principles of artificial intelligence,2
Groovy,human-robot collaboration,2
ICT project management methodologies,principles of artificial intelligence,2
Scala,data analytics,2
Scala,business intelligence,2
Scala,supervision of persons,2
asset management,integrated circuits,2
Scala,human-robot collaboration,2
business intelligence,types of tidal stream generators,2
database,think creatively,2
hardware testing methods,project management,2
hardware testing methods,natural gas,2
hardware testing methods,think creatively,2
hardware testing methods,statistics,2
hardware testing methods,solar energy,2
natural gas,perform data cleansing,2
perform data cleansing,solar energy,2
perform data cleansing,sing,2
Apache Hadoop,Google Cloud Platform,2
reverse engineering,risk management,2
project management,sing,2
project management,reverse engineering,2
solar energy,think creatively,2
sing,solar energy,2
risk management,think creatively,2
Databricks,Microsoft Azure,2
business analysis,pricing strategies,2
business analysis,documentation types,2
business analysis,develop business case,2
business analysis,business intelligence,2
business intelligence,learning management systems,2
business intelligence,engage with stakeholders,2
business intelligence,demonstrate leadership in social service cases,2
business analysis,types of tidal stream generators,2
business analysis,social development,2
business intelligence,pricing strategies,2
computer programming,demonstrate leadership in social service cases,2
computer programming,pricing strategies,2
data warehouse,risk management,2
data warehouse,project management,2
data warehouse,natural gas,2
data analytics,database,2
data models,demonstrate leadership in social service cases,2
data models,pricing strategies,2
data models,learning management systems,2
data models,engage with stakeholders,2
demonstrate leadership in social service cases,pricing strategies,2
demonstrate leadership in social service cases,manage drilling team,2
demonstrate leadership in social service cases,learning management systems,2
SQL,manage standards for data exchange,2
Amazon Athena,integrated circuits,2
Databricks,data models,2
data models,perform data cleansing,2
data models,hardware testing methods,2
"data extraction, transformation and loading tools",think creatively,2
"data extraction, transformation and loading tools",risk management,2
data warehouse,think creatively,2
Databricks,Power BI,2
Amazon Athena,glue film reels,2
develop business case,social development,2
develop business case,risk management,2
develop business case,interact with users to gather requirements,2
documentation types,use computer telephony integration,2
documentation types,types of tidal stream generators,2
manage standards for data exchange,sing,2
data visualisation software,manage standards for data exchange,2
business intelligence,reverse engineering,2
business intelligence,perform data cleansing,2
business intelligence,database,2
computer programming,perform data cleansing,2
computer programming,data warehouse,2
computer programming,data analytics,2
business intelligence,think creatively,2
Google Cloud Platform,SQL,2
Google Cloud Platform,Python,2
Microsoft Azure,business intelligence,2
Microsoft Azure,Tableau,2
apply information security policies,data warehouse,2
apply information security policies,data models,2
apply information security policies,"data extraction, transformation and loading tools",2
apply information security policies,data analytics,2
SQL,think creatively,2
SQL,risk management,2
apply information security policies,statistics,2
apply information security policies,solar energy,2
apply information security policies,reverse engineering,2
apply information security policies,database,2
business intelligence,data analytics,2
Databricks,data engineering,2
Microsoft Azure,SQL,2
Microsoft Azure,R,2
Microsoft Azure,Python,2
documentation types,interact with users to gather requirements,2
engage with stakeholders,manage drilling team,2
interact with users to gather requirements,types of tidal stream generators,2
interact with users to gather requirements,social development,2
R,manage standards for data exchange,2
Python,sing,2
Power BI,business intelligence,2
DevOps,database,2
ICT project management methodologies,hardware testing methods,2
ICT project management methodologies,data models,2
DevOps,think creatively,2
ICT project management methodologies,solar energy,2
ICT project management methodologies,sing,2
learning management systems,pricing strategies,2
manage drilling team,risk management,2
risk management,supervision of persons,2
risk management,social development,2
pricing strategies,use computer telephony integration,2
Data Manipulation,data visualisation software,2
Data Manipulation,R,2
Data Lineage,solar energy,2
Data Lineage,project management,2
Data Lineage,perform data cleansing,2
DevOps,data warehouse,2
DevOps,data models,2
DevOps,business intelligence,2
DevOps,SQL,2
DevOps,R,2
DevOps,sing,2
interact with users to gather requirements,liaise with quality assurance,2
engage with stakeholders,liaise with quality assurance,2
Jira,Python,2
Snowflake,"data extraction, transformation and loading tools",2
business processes,use computer telephony integration,2
Data Governance,database,2
Data Lineage,computer programming,2
Data Lineage,business intelligence,2
Microsoft Azure,semiconductors,2
R,information architecture,2
Python,radiotherapy,2
Data Governance,think creatively,2
Python,manage standards for data exchange,2
information architecture,types of tidal stream generators,2
information architecture,supervision of persons,2
learning management systems,risk management,2
R,semiconductors,2
R,process data,2
Tableau,business intelligence,2
Snowflake,semiconductors,2
Snowflake,radiotherapy,2
Power BI,semiconductors,2
Snowflake,Tableau,2
SQL,information architecture,2
Data Manipulation,Python,2
DAX,data visualisation software,2
pricing strategies,statistics,2
pricing strategies,risk management,2
types of tidal stream generators,use computer telephony integration,2
social development,use computer telephony integration,2
analyse business requirements,engage with stakeholders,2
liaise with quality assurance,use computer telephony integration,2
User Acceptance Testing,system design,2
system design,use computer telephony integration,2
Tableau,solar energy,2
analyse pipeline database information,apply information security policies,2
Scala,information architecture,2
Scala,define data quality criteria,2
use computer telephony integration,write technical reports,2
Python,SQL Server Integration Services,2
Jira,"data extraction, transformation and loading tools",2
Jira,SQL,2
public relations,systems development life-cycle,2
liaise with quality assurance,write technical reports,2
Tableau,semiconductors,2
execute integration testing,use computer telephony integration,2
execute integration testing,system design,2
execute integration testing,ski,2
ICT project management methodologies,system design,2
ICT project management methodologies,ski,2
ICT project management methodologies,demonstrate leadership in social service cases,2
ICT project management methodologies,conduct patch testing,2
troubleshoot,use computer telephony integration,2
User Acceptance Testing,execute integration testing,2
Software Development Life Cycle,use computer telephony integration,2
Software Development Life Cycle,system design,2
Software Development Life Cycle,execute integration testing,2
Software Development Life Cycle,business analysis,2
Software Development Life Cycle,User Acceptance Testing,2
Requirements Gathering,use computer telephony integration,2
Requirements Gathering,system design,2
conduct patch testing,use computer telephony integration,2
business analysis,conduct patch testing,2
User Acceptance Testing,use computer telephony integration,2
perform software unit testing,statistics,2
Requirements Gathering,execute integration testing,2
define data quality criteria,social innovation,2
data engineering,types of tidal stream generators,2
apply information security policies,define data quality criteria,2
social innovation,statistics,2
natural gas,social innovation,2
computer programming,use personal organization software,2
computer programming,supervise work on design planning,2
computer programming,simplify communication in maritime management,2
Databricks,Jira,2
Databricks,Git,2
Java (computer programming),Snowflake,2
Git,"data extraction, transformation and loading tools",2
Requirements Gathering,business analysis,2
Requirements Gathering,User Acceptance Testing,2
simplify communication in maritime management,statistics,2
semiconductors,use personal organization software,2
semiconductors,supervise work on design planning,2
semiconductors,simplify communication in maritime management,2
integrated circuits,solve problems,2
Microsoft Excel,solve problems,2
supervise work on design planning,use personal organization software,2
statistics,use personal organization software,2
communication,make data-driven decisions,2
Databricks,Snowflake,2
Databricks,SQL,2
statistics,troubleshoot,2
semiconductors,troubleshoot,2
analyse pipeline database information,solar energy,2
business intelligence,solar energy,2
business intelligence,process data,2
ICT project management methodologies,User Stories,2
plan,system design,2
manage system testing,system design,2
manage system testing,plan,2
Scala,sing,2
Scala,manage ICT virtualisation environments,2
data warehouse,sing,2
integrated development environment software,semiconductors,2
natural gas,troubleshoot,2
natural gas,perform software unit testing,2
information architecture,process data,2
learning management systems,semiconductors,2
identify process improvements,use computer telephony integration,2
statistics,supervise work on design planning,2
simplify communication in maritime management,use personal organization software,2
simplify communication in maritime management,supervise work on design planning,2
JavaScript,SAS,2
reverse engineering,search engines,2
CI/CD,computer programming,2
Scala,data warehouse,2
SQL,types of tidal stream generators,2
C#,R,2
CI/CD,Performance Optimization,2
CI/CD,Data Governance,2
semiconductors,solar energy,2
radiotherapy,solar energy,2
computer programming,troubleshoot,2
computer programming,perform software unit testing,2
plan,statistics,2
ICT project management methodologies,solve problems,2
make data-driven decisions,statistics,2
ICT project management methodologies,plan,2
ICT project management methodologies,validation of learning acquired through volunteering,2
ICT project management methodologies,learning management systems,2
Apache Kafka,reverse engineering,2
Apache Kafka,"data extraction, transformation and loading tools",2
Apache Kafka,Scala,2
Apache Kafka,SQL,2
reverse engineering,types of tidal stream generators,2
"data extraction, transformation and loading tools",types of tidal stream generators,2
augmented reality,computer programming,2
analyse business requirements,statistics,2
business requirements techniques,use computer telephony integration,2
business requirements techniques,think creatively,2
business requirements techniques,natural gas,2
business requirements techniques,learning management systems,2
information architecture,solar energy,2
information architecture,semiconductors,2
Apache Hadoop,Apache Kafka,2
Java (computer programming),"data extraction, transformation and loading tools",2
Apache Spark,types of tidal stream generators,2
Apache Spark,reverse engineering,2
Apache Spark,data warehouse,2
Generative AI,natural gas,2
analyse business requirements,identify process improvements,2
analyse business requirements,business analysis,2
business analysis,think creatively,2
business analysis,semiconductors,2
business analysis,perform software unit testing,2
analyse business requirements,use computer telephony integration,2
process data,radiotherapy,2
Microsoft Excel,statistical modeling techniques,2
Data Governance,learning management systems,2
Data Governance,Jenkins (tools for software configuration management),2
Kubernetes,PyTorch,2
Jenkins (tools for software configuration management),cloud technologies,2
Performance Optimization,data engineering,2
Performance Optimization,analyse pipeline database information,2
Performance Optimization,Scala,2
Performance Optimization,machine learning,2
analyse pipeline database information,machine learning,2
cloud technologies,reverse engineering,2
cloud technologies,learning management systems,2
Apache Hadoop,Scala,2
morality,project management,2
SQL,use presentation software,2
R,statistical modeling techniques,2
R,mathematics,2
Jenkins (tools for software configuration management),natural gas,2
Apache Hadoop,Apache Spark,2
Tableau,natural gas,2
R,use microsoft office,2
hardware testing methods,liaise with quality assurance,2
computer programming,write technical reports,2
business processes,hardware testing methods,2
Data Manipulation,data mining,2
Apache Airflow,business intelligence,2
Apache Airflow,Kubernetes,2
DAX,Microsoft Excel,2
Pentaho Data Integration,business analysis,2
identify process improvements,morality,2
Python,use presentation software,2
Python,mathematics,2
mathematics,natural gas,2
ICT project management methodologies,write technical reports,2
Kubernetes,business intelligence,2
public relations,solve problems,2
CI/CD,DevOps,2
statistics,think critically,2
Microsoft SharePoint,manage sales teams,2
Microsoft SharePoint,SQL,2
ICT project management methodologies,tools for ICT test automation,2
solve problems,write technical reports,2
DevOps,natural gas,2
DevOps,create prototype of user experience solutions,2
DevOps,ICT project management methodologies,2
CI/CD,customer relationship management,2
natural gas,public relations,2
create prototype of user experience solutions,natural gas,2
data mining,mathematics,2
Tableau,use presentation software,2
Tableau,statistical modeling techniques,2
make decisions,write technical reports,2
data mining,develop campaigns,2
data engineering,use computer telephony integration,2
data engineering,data visualisation software,2
develop campaigns,statistics,2
define data quality criteria,machine learning,2
Apache Spark,data engineering,2
Apache Spark,SPARK,2
Apache Airflow,integrated circuits,2
R,dbt,2
R,SPARK,2
SAP Data Services,data engineering,2
CI/CD,PyTorch,2
CI/CD,Kubernetes,2
make decisions,project management,2
interact with users to gather requirements,supervision of persons,2
ML (computer programming),integrated circuits,2
Apache Airflow,machine learning,2
SPARK,business intelligence,2
Scala,radiotherapy,2
Scala,dbt,2
cloud technologies,data science,2
business intelligence,integrated circuits,2
business intelligence,cloud technologies,2
Amazon Athena,Apache Spark,2
Apache Airflow,CI/CD,2
Amazon Web Services,PyTorch,2
Amazon Web Services,Kubernetes,2
human-robot collaboration,supervision of persons,2
human-robot collaboration,solve problems,2
Power BI,database,2
Power BI,data warehouse,2
communication,supervision of persons,2
Amazon Web Services,Apache Airflow,2
data science,radiotherapy,2
data science,define data quality criteria,2
data engineering,integrated circuits,2
define data quality criteria,integrated circuits,2
dbt,integrated circuits,2
SAS Data Management,statistics,2
Data Governance,SAS Data Management,2
radiotherapy,reverse engineering,2
communication,human-robot collaboration,2
engage with stakeholders,make decisions,2
engage with stakeholders,human-robot collaboration,2
demonstrate leadership in social service cases,write technical reports,2
demonstrate leadership in social service cases,supervision of persons,2
demonstrate leadership in social service cases,project management,2
Power BI,Visual Basic,2
Power BI,QlikView Expressor,2
business analysis,human-robot collaboration,2
Amazon Athena,Python,2
integrated circuits,radiotherapy,2
IBM InfoSphere DataStage,database,2
IBM InfoSphere DataStage,computer programming,2
IBM InfoSphere DataStage,radiotherapy,2
building automation,radiotherapy,2
building automation,manage standards for data exchange,2
building automation,identify process improvements,2
Microsoft Excel,use microsoft office,2
Microsoft Excel,interpreting modes,2
Large Language Models,electrical machines,2
demonstrate leadership in social service cases,interact with users to gather requirements,2
communication,write technical reports,2
R,Visual Basic,2
apply business acumen,demonstrate leadership in social service cases,2
apply business acumen,business analysis,2
assess your competences for artistic coaching,business analysis,2
assess your competences for artistic coaching,project management,2
QlikView Expressor,Tableau,2
QlikView Expressor,SQL,2
QlikView Expressor,R,2
Python,computer simulation,2
Python,Visual Basic,2
assess your competences for artistic coaching,interact with users to gather requirements,2
assess your competences for artistic coaching,engage with stakeholders,2
assess your competences for artistic coaching,demonstrate leadership in social service cases,2
business analysis,supervision of persons,2
Power BI,machine learning,2
Power BI,"data extraction, transformation and loading tools",2
SQL,computer simulation,2
R,computer simulation,2
Large Language Models,deep learning,2
learning management systems,radiotherapy,2
data storage,database,2
data storage,data warehouse,2
database,define data quality criteria,2
data warehouse,define data quality criteria,2
data storage,radiotherapy,2
data storage,define data quality criteria,2
identify process improvements,manage standards for data exchange,2
identify process improvements,integrated circuits,2
define data quality criteria,identify process improvements,2
manage standards for data exchange,radiotherapy,2
marketing analytics,ski,2
Pentaho Data Integration,radiotherapy,2
data mining,financial analysis,2
data mining,data science,2
blockchain consensus mechanisms,business analysis,2
business processes,business requirements techniques,2
Microservices,types of tidal stream generators,2
Microservices,statistics,2
Microservices,cloud technologies,2
cloud technologies,data storage,2
computer technology,interact with users to gather requirements,2
computer technology,data models,2
Agile development,project management,2
Agile development,engage with stakeholders,2
Agile development,business processes,2
Python,QlikView Expressor,2
Power BI,statistics,2
Power BI,natural language processing,2
SQL Server,database,2
SQL Server,Tableau,2
Visual Basic,statistics,2
Visual Basic,machine learning,2
business analysis,customer relationship management,2
business analysis,computer technology,2
business analysis,business process modelling,2
business process modelling,interact with users to gather requirements,2
Tableau,"data extraction, transformation and loading tools",2
Tableau,Visual Basic,2
create prototype of user experience solutions,customer relationship management,2
Data Governance,financial analysis,2
data science,identify process improvements,2
data models,identify process improvements,2
data models,financial analysis,2
data models,data science,2
Data Governance,supervision of persons,2
Data Governance,rhetoric,2
Data Governance,engage with stakeholders,2
SQL,rhetoric,2
data models,mathematics,2
machine learning,marketing analytics,2
keywords in digital content,use presentation software,2
Agile development,interact with users to gather requirements,2
Agile development,create prototype of user experience solutions,2
Agile development,computer programming,2
Requirements Engineering,interact with users to gather requirements,2
Requirements Engineering,business process modelling,2
Requirements Engineering,business analysis,2
User Stories,computer programming,2
User Stories,business analysis,2
augmented reality,customer relationship management,2
business intelligence,communication,2
communication,rhetoric,2
communication,database management systems,2
data mining,interpret seismic data,2
data mining,engage with stakeholders,2
data mining,database management systems,2
ski,statistics,2
Tableau,natural language processing,2
database,manage standards for data exchange,2
reverse engineering,supervision of persons,2
reverse engineering,sing,2
cloud technologies,data analytics,2
cloud technologies,cost management,2
data analytics,machine learning,2
cost management,statistics,2
Data Governance,database management systems,2
data visualisation software,data warehouse,2
data visualisation software,risk management,2
data visualisation software,engage with stakeholders,2
SQL Server,data models,2
SQL Server,SQL Server Integration Services,2
computer simulation,statistics,2
computer simulation,natural language processing,2
computer simulation,natural gas,2
computer simulation,lead process optimisation,2
natural gas,natural language processing,2
machine learning,manage standards for data exchange,2
perform dimensionality reduction,reverse engineering,2
SQL,engage with stakeholders,2
SQL,communication,2
communication,data models,2
business intelligence,database management systems,2
interpret seismic data,project management,2
Data Governance,demonstrate leadership in social service cases,2
Data Governance,accept own accountability,2
rhetoric,statistics,2
Data Governance,make decisions,2
ICT project management methodologies,radiotherapy,2
Google Cloud Platform,R,2
natural gas,perform dimensionality reduction,2
machine learning,sing,2
process data,supervision of persons,2
process data,solve problems,2
lead process optimisation,natural language processing,2
lead process optimisation,natural gas,2
statistics,web programming,2
computer programming,web programming,2
Microsoft Excel,machine learning,2
database,process data,2
data engineering,supervision of persons,2
data engineering,reverse engineering,2
deep learning,natural gas,2
SQL,Teradata Database,2
machine learning,perform dimensionality reduction,2
learning management systems,supervision of persons,2
learning management systems,solve problems,2
learning management systems,ski,2
learning management systems,reverse engineering,2
learning management systems,perform dimensionality reduction,2
natural gas,ski,2
natural gas,process data,2
Power BI,SQL Server Integration Services,2
geographic information systems,statistics,2
geographic information systems,project management,2
ML (computer programming),R,2
computer programming,ski,2
computer programming,perform dimensionality reduction,2
ICT project management methodologies,database management systems,2
ICT project management methodologies,data visualisation software,2
accept own accountability,communication,2
accept own accountability,natural gas,2
accept own accountability,make decisions,2
accept own accountability,demonstrate leadership in social service cases,2
accept own accountability,solve problems,2
accept own accountability,semiconductors,2
accept own accountability,risk management,2
JavaScript,XML,2
Amazon Web Services,Google Cloud Platform,2
database,supervision of persons,2
database,sing,2
Dask,Java (computer programming),2
Apache Spark,Scikit-learn,2
business analysis,define data quality criteria,2
business analysis,data visualisation software,2
business analysis,cloud technologies,2
business analysis,simplify communication in maritime management,2
cloud technologies,database management systems,2
cloud technologies,risk management,2
cloud technologies,use computer telephony integration,2
communication,semiconductors,2
communication,natural gas,2
computer programming,make decisions,2
algorithms,database,2
data engineering,perform dimensionality reduction,2
data engineering,learning management systems,2
Python,Teradata Database,2
Model Deployment,perform dimensionality reduction,2
database management systems,learning management systems,2
demonstrate leadership in social service cases,natural gas,2
Dask,TensorFlow,2
Dask,Scikit-learn,2
Dask,Scala,2
Model Deployment,natural gas,2
Model Deployment,machine learning,2
Model Deployment,learning management systems,2
SQL,supervision of persons,2
SQL,ski,2
SQL,algorithms,2
R,types of tidal stream generators,2
JavaScript,database,2
Dask,Python,2
Dask,PyTorch,2
Dask,SQL,2
Dask,R,2
machine learning,risk management,2
make decisions,semiconductors,2
make decisions,risk management,2
make decisions,natural gas,2
risk management,solve problems,2
Apache Spark,Dask,2
Apache Airflow,SQL,2
think creatively,use computer telephony integration,2
Model Deployment,data engineering,2
Model Deployment,computer programming,2
Model Deployment,reverse engineering,2
ML (computer programming),SQL,2
Amazon Web Services,Apache Hadoop,2
principles of artificial intelligence,types of tidal stream generators,2
lead others,use computer telephony integration,2
Python,dbt,2
Apache Spark,dbt,2
lead others,social innovation,2
lead others,ski,2
lead others,semiconductors,2
reverse engineering,use computer telephony integration,2
reverse engineering,ski,2
plan,think creatively,2
plan,reverse engineering,2
social innovation,use computer telephony integration,2
ski,social innovation,2
semiconductors,think creatively,2
semiconductors,social innovation,2
semiconductors,ski,2
ML (computer programming),natural gas,2
machine learning,mathematical modelling,2
apply change management,plan,2
data visualisation software,social innovation,2
data visualisation software,ski,2
data visualisation software,reverse engineering,2
data visualisation software,make data-driven decisions,2
data visualisation software,lead others,2
data visualisation software,demonstrate leadership in social service cases,2
data analytics,use computer telephony integration,2
Apache Kafka,dbt,2
data analytics,think creatively,2
data analytics,social innovation,2
data analytics,reverse engineering,2
demonstrate leadership in social service cases,social innovation,2
demonstrate leadership in social service cases,lead others,2
data visualisation software,think creatively,2
mathematical modelling,statistics,2
distributed computing,reverse engineering,2
risk management,semiconductors,2
simplify communication in maritime management,solve problems,2
simplify communication in maritime management,ski,2
cloud technologies,think creatively,2
cloud technologies,principles of artificial intelligence,2
Performance Optimization,think creatively,2
augmented reality,integrated circuits,2
communication,identify process improvements,2
identify process improvements,make decisions,2
identify process improvements,solve problems,2
identify process improvements,solar energy,2
Python,analyse pipeline database information,2
analyse pipeline database information,distributed computing,2
mathematical modelling,principles of artificial intelligence,2
liaise with quality assurance,solar energy,2
liaise with quality assurance,risk management,2
liaise with quality assurance,project management,2
natural gas,rhetoric,2
SQL,business analysis,2
Jenkins (tools for software configuration management),distributed computing,2
Jenkins (tools for software configuration management),database,2
Jenkins (tools for software configuration management),SQL,2
R,manage workflow processes,2
computer simulation,data models,2
computer programming,computer simulation,2
ICT project management methodologies,Tableau,2
Power BI,blockchain consensus mechanisms,2
project management,public relations,2
data analytics,data visualisation software,2
apply change management,think creatively,2
Apache Airflow,reverse engineering,2
Pandas,Scala,2
Kubernetes,Scikit-learn,2
SPSS,SQL,2
SAS,SPSS,2
R,SPSS,2
Docker,machine learning,2
Snowflake,reverse engineering,2
Scala,data science,2
Pandas,reverse engineering,2
Pandas,Snowflake,2
blockchain consensus mechanisms,integrated circuits,2
blockchain consensus mechanisms,computer programming,2
Amazon Web Services,natural gas,2
Amazon Web Services,data mining,2
Software Development Life Cycle,reverse engineering,2
data visualisation software,process data,2
data science,use computer telephony integration,2
statistical modeling techniques,statistics,2
business processes,plan,2
computer programming,manage system testing,2
liaise with quality assurance,plan,2
plan,solar energy,2
plan,project management,2
manage system testing,solar energy,2
Oracle Warehouse Builder,SQL,2
Apache Hadoop,data mining,2
Apache Hadoop,SAS,2
Apache Airflow,data science,2
Apache Airflow,Snowflake,2
Apache Airflow,Pandas,2
Docker,Scikit-learn,2
artificial neural networks,computer vision,2
artificial neural networks,computer programming,2
TensorFlow,artificial neural networks,2
Java (computer programming),deep learning,2
C++,reverse engineering,2
Apache Spark,algorithms,2
deep learning,reverse engineering,2
algorithms,reverse engineering,2
algorithms,deep learning,2
algorithms,computer programming,2
TensorFlow,algorithms,2
PyTorch,algorithms,2
Tableau,data visualisation software,2
SAS,data visualisation software,2
Python,SPSS,2
Python,manage workflow processes,2
JSON,R,2
JSON,NoSQL,2
NumPy,R,2
interact with users to gather requirements,solar energy,2
database management systems,natural language processing,2
data models,principles of artificial intelligence,2
ICT project management methodologies,interact with users to gather requirements,2
solar energy,use computer telephony integration,2
IT Service Management,business analysis,2
project management,use computer telephony integration,2
ICT project management methodologies,rhetoric,2
IT Service Management,statistics,2
Data Governance,Generative AI,2
Generative AI,statistics,2
NumPy,Python,2
artificial neural networks,deep learning,2
R,XML,2
cloud technologies,types of tidal stream generators,2
"data extraction, transformation and loading tools",integrated circuits,2
quantitative analysis,statistics,2
project management,tools for software configuration management,2
Git,NumPy,2
C++,computer vision,2
C++,artificial neural networks,2
C++,Scikit-learn,2
Git,computer programming,2
Git,TensorFlow,2
Git,Scikit-learn,2
Git,PyTorch,2
PyTorch,artificial neural networks,2
JSON,XML,2
JSON,SQL,2
"data extraction, transformation and loading tools",glue film reels,2
computer programming,tools for software configuration management,2
Jenkins (tools for software configuration management),R,2
Jenkins (tools for software configuration management),Python,2
principles of artificial intelligence,radiotherapy,2
SQL,conduct patch testing,2
CI/CD,radiotherapy,2
CI/CD,information architecture,2
conduct patch testing,database,2
computer programming,conduct patch testing,2
information architecture,principles of artificial intelligence,2
information architecture,machine learning,2
database,information architecture,2
CI/CD,distributed computing,2
CI/CD,SQL,2
computer programming,manage workflow processes,2
Docker,ML (computer programming),2
Kubernetes,ML (computer programming),2
Git,machine learning,2
Git,database,2
Docker,database,2
Docker,data models,2
Docker,data engineering,2
Amazon S3,database,2
Pandas,integrated circuits,2
Pandas,"data extraction, transformation and loading tools",2
Pandas,R,2
building automation,computer programming,2
R,tools for software configuration management,2
cloud technologies,integrated circuits,2
building automation,project management,2
building automation,integrated circuits,2
debt classification,teach secondary education class content,2
R,computer vision,2
PyTorch,database,2
debt classification,solar energy,2
database,teach secondary education class content,2
Apache Spark,computer programming,2
ICT project management methodologies,integrated circuits,2
ICT project management methodologies,"data extraction, transformation and loading tools",2
ICT project management methodologies,Python,2
NoSQL,XML,2
NoSQL,R,2
conduct patch testing,machine learning,2
CI/CD,SQL Server,2
SQL Server,reverse engineering,2
CI/CD,Git,2
CI/CD,Docker,2
ML (computer programming),PyTorch,2
SAP Data Services,computer programming,2
Power BI,create prototype of user experience solutions,2
Microsoft Azure,create prototype of user experience solutions,2
AWS Lambda,"data extraction, transformation and loading tools",2
AWS Lambda,R,2
Amazon EC2,R,2
Amazon EC2,Python,2
Amazon EC2,Amazon S3,2
Source (digital game creation systems),teach secondary education class content,2
Source (digital game creation systems),solar energy,2
Source (digital game creation systems),debt classification,2
solar energy,teach secondary education class content,2
machine learning,teach secondary education class content,2
deep learning,teach secondary education class content,2
deep learning,solar energy,2
Scala,teach secondary education class content,2
Scala,debt classification,2
Scala,Time Series Analysis,2
cloud technologies,teach secondary education class content,2
cloud technologies,deep learning,2
cloud technologies,debt classification,2
Time Series Analysis,teach secondary education class content,2
Time Series Analysis,solar energy,2
Time Series Analysis,machine learning,2
Time Series Analysis,deep learning,2
Amazon Web Services,natural language processing,2
Time Series Analysis,debt classification,2
Time Series Analysis,database,2
Time Series Analysis,cloud technologies,2
Amazon S3,Python,2
ML (computer programming),TensorFlow,2
Python,Time Series Analysis,2
Python,Sentiment Analysis,2
Source (digital game creation systems),Time Series Analysis,2
Sentiment Analysis,teach secondary education class content,2
Sentiment Analysis,solar energy,2
Sentiment Analysis,machine learning,2
Sentiment Analysis,deep learning,2
Sentiment Analysis,debt classification,2
Sentiment Analysis,database,2
Sentiment Analysis,cloud technologies,2
Sentiment Analysis,Time Series Analysis,2
Scikit-learn,deep learning,2
Scikit-learn,database,2
Scikit-learn,computer vision,2
Scala,natural language processing,2
Sentiment Analysis,Source (digital game creation systems),2
AWS Lambda,Apache Spark,2
AWS Lambda,Amazon Web Services,2
Amazon Web Services,"data extraction, transformation and loading tools",2
Azure Data Factory,Oracle Warehouse Builder,2
MySQL,business intelligence,2
MySQL,SQL Server,2
MySQL,Oracle Warehouse Builder,2
SQL Server,business intelligence,2
Oracle Warehouse Builder,business intelligence,2
Perl,computer programming,2
Python,create prototype of user experience solutions,2
SAP Data Services,semiconductors,2
Amazon DynamoDB,R,2
R,Sentiment Analysis,2
Python,teach secondary education class content,2
Python,debt classification,2
H2O.ai,Source (digital game creation systems),2
H2O.ai,Sentiment Analysis,2
H2O.ai,Scala,2
H2O.ai,SQL,2
H2O.ai,R,2
H2O.ai,Python,2
Apache Spark,teach secondary education class content,2
Apache Spark,solar energy,2
Scala,Sentiment Analysis,2
SQL,teach secondary education class content,2
SQL,cloud technologies,2
SQL,Time Series Analysis,2
SQL,Sentiment Analysis,2
R,teach secondary education class content,2
R,Time Series Analysis,2
Scala,computer vision,2
H2O.ai,solar energy,2
H2O.ai,machine learning,2
Amazon DynamoDB,Oracle Warehouse Builder,2
PostgreSQL,R,2
PostgreSQL,Python,2
business intelligence,create prototype of user experience solutions,2
SQL,manage athletes,2
R,manage athletes,2
JavaScript,R,2
C++,natural language processing,2
SQL,plan,2
H2O.ai,deep learning,2
H2O.ai,debt classification,2
H2O.ai,database,2
H2O.ai,cloud technologies,2
H2O.ai,Time Series Analysis,2
SQL Server,Scala,2
Apache Spark,debt classification,2
Apache Spark,Time Series Analysis,2
Apache Spark,Source (digital game creation systems),2
Apache Spark,Sentiment Analysis,2
Apache Spark,H2O.ai,2
Amazon Web Services,teach secondary education class content,2
Amazon Web Services,solar energy,2
Amazon Web Services,debt classification,2
Apache Spark,MySQL,2
Apache Kafka,R,2
Amazon Web Services,Time Series Analysis,2
Amazon Web Services,Sentiment Analysis,2
Amazon Web Services,H2O.ai,2
data warehouse,semiconductors,2
H2O.ai,teach secondary education class content,2
Python,use computer telephony integration,2
Azure DevOps,SQL,2
Microsoft Office,Power BI,2
Power BI,integrated circuits,2
GitHub,Scala,2
GitHub,SQL,2
GitHub,Python,2
Git,integrated circuits,2
Git,Scala,2
Scala,semiconductors,2
MySQL,Python,2
Azure Data Factory,SQL,2
Azure Data Factory,Python,2
Apache Spark,semiconductors,2
computer programming,manage athletes,2
ML (computer programming),natural language processing,2
define data quality criteria,information architecture,2
data visualisation software,web analytics,2
Microsoft Excel,business intelligence,2
Microsoft Excel,fit low vision aids,2
DevOps,Power BI,2
Apache Spark,SQL Server,2
Git,SQL Server,2
Azure Synapse,SQL,2
Azure Synapse,Python,2
Azure Data Factory,integrated circuits,2
"data extraction, transformation and loading tools",learning management systems,2
Java (computer programming),Perl,2
Data Manipulation,Microsoft Excel,2
ICT project management methodologies,use online tools to collaborate,2
ICT project management methodologies,computer technology,2
computer programming,statistical modeling techniques,2
distributed ledger technology,statistical modeling techniques,1
Microsoft Excel,Microsoft Office,1
Python,cryptocurrency,1
Python,conduct patch testing,1
Jupyter Notebook,statistical modeling techniques,1
Jupyter Notebook,machine learning,1
Jupyter Notebook,distributed ledger technology,1
Jupyter Notebook,database,1
Jupyter Notebook,cryptocurrency,1
Jupyter Notebook,conduct patch testing,1
Jupyter Notebook,computer programming,1
Jupyter Notebook,SQL,1
conduct patch testing,cryptocurrency,1
computer programming,distributed ledger technology,1
computer programming,cryptocurrency,1
REST API,learning management systems,1
REST API,machine learning,1
REST API,natural language processing,1
Retrieval-Augmented Generation,TensorFlow,1
Retrieval-Augmented Generation,computer vision,1
Agile development,Figma,1
Agile development,Jira,1
Agile development,data engineering,1
Agile development,hardware platforms,1
Agile development,information structure,1
Backend Development,Figma,1
Backend Development,Jira,1
Backend Development,data engineering,1
Backend Development,hardware platforms,1
Backend Development,information structure,1
Git,Jupyter Notebook,1
Teradata Database,data warehouse,1
Teradata Database,integrated circuits,1
Teradata Database,semiconductors,1
Git,Teradata Database,1
Git,data warehouse,1
Git,semiconductors,1
GitHub,SQL Server,1
GitHub,Snowflake,1
GitHub,Teradata Database,1
GitHub,data warehouse,1
GitHub,integrated circuits,1
GitHub,semiconductors,1
Azure Data Factory,data warehouse,1
Azure Data Factory,semiconductors,1
Azure Synapse,Git,1
Azure Synapse,GitHub,1
Apache Druid,glue film reels,1
Apache Druid,natural gas,1
Apache Kafka,HDFS,1
Azure Data Factory,Azure Synapse,1
Azure Data Factory,Git,1
Azure Data Factory,GitHub,1
Azure Data Factory,Scala,1
Azure Data Factory,Snowflake,1
Azure Data Factory,Teradata Database,1
HDFS,R,1
HDFS,glue film reels,1
HDFS,natural gas,1
MySQL,glue film reels,1
Scala,Teradata Database,1
Snowflake,Teradata Database,1
Snowflake,data warehouse,1
HDFS,Python,1
Amazon EC2,natural gas,1
Amazon S3,Apache Airflow,1
Amazon S3,Apache Druid,1
Amazon S3,Apache Kafka,1
Amazon S3,Apache Spark,1
Amazon S3,HDFS,1
SQL Server,Teradata Database,1
SQL Server,semiconductors,1
glue film reels,natural gas,1
Tableau,use computer telephony integration,1
Oracle BI Publisher,SQL,1
Apache Spark,Azure Synapse,1
Apache Druid,MySQL,1
Apache Druid,Python,1
Apache Druid,R,1
Apache Airflow,natural gas,1
Apache Druid,Apache Kafka,1
Apache Druid,Apache Spark,1
Apache Druid,HDFS,1
KNIME,SQL,1
KNIME,Visual Basic,1
KNIME,report facts,1
Microsoft Access,SQL,1
Microsoft Access,Visual Basic,1
Microsoft Access,report facts,1
Apache Kafka,MySQL,1
Apache Kafka,glue film reels,1
Apache Kafka,natural gas,1
Apache Spark,HDFS,1
Apache Spark,natural gas,1
HDFS,MySQL,1
Visual Basic,report facts,1
Amazon EC2,Apache Airflow,1
Amazon EC2,Apache Druid,1
Amazon EC2,Apache Kafka,1
Amazon EC2,Apache Spark,1
Amazon EC2,HDFS,1
Amazon EC2,MySQL,1
Amazon EC2,glue film reels,1
Source (digital game creation systems),electrical machines,1
Source (digital game creation systems),natural language processing,1
Amazon S3,MySQL,1
Amazon S3,natural gas,1
Apache Airflow,Apache Druid,1
Apache Airflow,HDFS,1
Apache Airflow,MySQL,1
Apache Airflow,glue film reels,1
Source (digital game creation systems),computer vision,1
R,electrical machines,1
Recommendation Systems,SQL,1
Recommendation Systems,Scala,1
Recommendation Systems,Scikit-learn,1
Recommendation Systems,Source (digital game creation systems),1
Recommendation Systems,TensorFlow,1
TensorFlow,electrical machines,1
computer vision,electrical machines,1
database,electrical machines,1
electrical machines,machine learning,1
KNIME,Microsoft Access,1
KNIME,Microsoft Excel,1
Scala,electrical machines,1
Microsoft Excel,report facts,1
SQL,report facts,1
Recommendation Systems,computer vision,1
Recommendation Systems,database,1
Recommendation Systems,deep learning,1
Recommendation Systems,electrical machines,1
Recommendation Systems,machine learning,1
Recommendation Systems,natural language processing,1
SQL,computer vision,1
SQL,electrical machines,1
Amazon Web Services,computer vision,1
Amazon Web Services,electrical machines,1
PyTorch,Recommendation Systems,1
PyTorch,Source (digital game creation systems),1
Scikit-learn,Source (digital game creation systems),1
Scikit-learn,electrical machines,1
Scikit-learn,natural language processing,1
Source (digital game creation systems),TensorFlow,1
Amazon Athena,types of tidal stream generators,1
Amazon Athena,use object-oriented programming,1
PyTorch,electrical machines,1
Python,Recommendation Systems,1
Python,electrical machines,1
R,Recommendation Systems,1
TypeScript,XML,1
TypeScript,network engineering,1
TypeScript,software UI design patterns,1
TypeScript,unified modelling language,1
XML,network engineering,1
XML,software UI design patterns,1
Amazon Athena,Amazon ECS,1
Amazon Athena,DESeq2,1
Amazon Athena,Databricks,1
Amazon Athena,Elastic Load Balancer,1
Amazon ECS,"data extraction, transformation and loading tools",1
Amazon ECS,dump batches,1
Amazon Athena,HISAT2,1
Amazon Athena,ICT project management methodologies,1
Amazon Athena,Jira,1
Amazon Athena,Lakehouse,1
Amazon Athena,Pandas,1
Amazon Athena,building automation,1
Amazon Athena,cloud technologies,1
Amazon Athena,computer programming,1
Amazon Athena,"data extraction, transformation and loading tools",1
Amazon Athena,dump batches,1
Amazon Athena,manage workflow processes,1
Amazon Athena,project management,1
Amazon Athena,start up chocolate moulding line,1
Amazon Athena,tools for software configuration management,1
Apache Spark,Lakehouse,1
Apache Spark,Pandas,1
Amazon ECS,Apache Spark,1
Amazon ECS,DESeq2,1
Amazon ECS,Databricks,1
Amazon ECS,Elastic Load Balancer,1
Amazon ECS,HISAT2,1
Amazon ECS,ICT project management methodologies,1
Amazon ECS,Jira,1
Amazon ECS,Lakehouse,1
Amazon ECS,Pandas,1
Amazon ECS,Python,1
Amazon ECS,R,1
Amazon ECS,building automation,1
Amazon ECS,cloud technologies,1
Amazon ECS,computer programming,1
DESeq2,Pandas,1
DESeq2,Python,1
Amazon ECS,glue film reels,1
Amazon ECS,integrated circuits,1
Amazon ECS,manage workflow processes,1
Amazon ECS,project management,1
Amazon ECS,start up chocolate moulding line,1
Amazon ECS,tools for software configuration management,1
Amazon ECS,types of tidal stream generators,1
Amazon ECS,use object-oriented programming,1
Apache Spark,DESeq2,1
Apache Spark,Databricks,1
Apache Spark,Elastic Load Balancer,1
Apache Spark,HISAT2,1
Apache Spark,ICT project management methodologies,1
Apache Spark,Jira,1
DESeq2,use object-oriented programming,1
Databricks,Elastic Load Balancer,1
Databricks,HISAT2,1
Apache Spark,building automation,1
Apache Spark,dump batches,1
Apache Spark,manage workflow processes,1
Apache Spark,project management,1
Apache Spark,start up chocolate moulding line,1
Apache Spark,tools for software configuration management,1
Apache Spark,use object-oriented programming,1
DESeq2,Databricks,1
DESeq2,Elastic Load Balancer,1
DESeq2,HISAT2,1
DESeq2,ICT project management methodologies,1
DESeq2,Jira,1
DESeq2,Lakehouse,1
Databricks,types of tidal stream generators,1
Databricks,use object-oriented programming,1
Elastic Load Balancer,HISAT2,1
DESeq2,R,1
DESeq2,building automation,1
DESeq2,cloud technologies,1
DESeq2,computer programming,1
DESeq2,"data extraction, transformation and loading tools",1
DESeq2,dump batches,1
DESeq2,glue film reels,1
DESeq2,integrated circuits,1
DESeq2,manage workflow processes,1
DESeq2,project management,1
DESeq2,start up chocolate moulding line,1
DESeq2,tools for software configuration management,1
DESeq2,types of tidal stream generators,1
Elastic Load Balancer,manage workflow processes,1
Elastic Load Balancer,project management,1
Elastic Load Balancer,start up chocolate moulding line,1
Databricks,ICT project management methodologies,1
Databricks,Lakehouse,1
Databricks,Pandas,1
Databricks,building automation,1
Databricks,cloud technologies,1
Databricks,computer programming,1
Databricks,dump batches,1
Databricks,glue film reels,1
Databricks,integrated circuits,1
Databricks,manage workflow processes,1
Databricks,project management,1
Databricks,start up chocolate moulding line,1
Databricks,tools for software configuration management,1
HISAT2,dump batches,1
HISAT2,glue film reels,1
HISAT2,integrated circuits,1
Elastic Load Balancer,ICT project management methodologies,1
Elastic Load Balancer,Jira,1
Elastic Load Balancer,Lakehouse,1
Elastic Load Balancer,Pandas,1
Elastic Load Balancer,Python,1
Elastic Load Balancer,R,1
Elastic Load Balancer,building automation,1
Elastic Load Balancer,cloud technologies,1
Elastic Load Balancer,computer programming,1
Elastic Load Balancer,"data extraction, transformation and loading tools",1
Elastic Load Balancer,dump batches,1
Elastic Load Balancer,glue film reels,1
Elastic Load Balancer,integrated circuits,1
ICT project management methodologies,building automation,1
ICT project management methodologies,dump batches,1
ICT project management methodologies,glue film reels,1
Elastic Load Balancer,tools for software configuration management,1
Elastic Load Balancer,types of tidal stream generators,1
Elastic Load Balancer,use object-oriented programming,1
HISAT2,ICT project management methodologies,1
HISAT2,Jira,1
HISAT2,Lakehouse,1
HISAT2,Pandas,1
HISAT2,Python,1
HISAT2,R,1
HISAT2,building automation,1
HISAT2,cloud technologies,1
HISAT2,computer programming,1
HISAT2,"data extraction, transformation and loading tools",1
Jira,building automation,1
Jira,cloud technologies,1
Jira,computer programming,1
Jira,dump batches,1
Jira,glue film reels,1
Jira,manage workflow processes,1
Jira,project management,1
Jira,start up chocolate moulding line,1
HISAT2,manage workflow processes,1
HISAT2,project management,1
HISAT2,start up chocolate moulding line,1
HISAT2,tools for software configuration management,1
HISAT2,types of tidal stream generators,1
HISAT2,use object-oriented programming,1
ICT project management methodologies,Lakehouse,1
ICT project management methodologies,Pandas,1
Lakehouse,building automation,1
Lakehouse,cloud technologies,1
Lakehouse,computer programming,1
Lakehouse,"data extraction, transformation and loading tools",1
Lakehouse,dump batches,1
Lakehouse,glue film reels,1
Lakehouse,integrated circuits,1
Lakehouse,manage workflow processes,1
Lakehouse,project management,1
Lakehouse,start up chocolate moulding line,1
ICT project management methodologies,manage workflow processes,1
ICT project management methodologies,start up chocolate moulding line,1
ICT project management methodologies,tools for software configuration management,1
ICT project management methodologies,use object-oriented programming,1
Jira,Lakehouse,1
Jira,Pandas,1
Jira,use object-oriented programming,1
Lakehouse,Pandas,1
Lakehouse,Python,1
Lakehouse,R,1
XML,unified modelling language,1
network engineering,software UI design patterns,1
network engineering,unified modelling language,1
software UI design patterns,unified modelling language,1
Microsoft Office,database,1
Amazon Web Services,Recommendation Systems,1
Amazon Web Services,Scikit-learn,1
Amazon Web Services,TensorFlow,1
Microsoft Azure,unified modelling language,1
NoSQL,TypeScript,1
NoSQL,network engineering,1
NoSQL,software UI design patterns,1
R,use object-oriented programming,1
building automation,cloud technologies,1
Lakehouse,tools for software configuration management,1
Lakehouse,types of tidal stream generators,1
Lakehouse,use object-oriented programming,1
Pandas,building automation,1
Pandas,cloud technologies,1
Pandas,computer programming,1
Pandas,dump batches,1
Pandas,glue film reels,1
Pandas,manage workflow processes,1
Pandas,project management,1
Pandas,start up chocolate moulding line,1
Pandas,tools for software configuration management,1
Jira,tools for software configuration management,1
Jira,types of tidal stream generators,1
building automation,use object-oriented programming,1
cloud technologies,"data extraction, transformation and loading tools",1
cloud technologies,dump batches,1
cloud technologies,glue film reels,1
cloud technologies,manage workflow processes,1
Pandas,types of tidal stream generators,1
Pandas,use object-oriented programming,1
Python,building automation,1
Python,dump batches,1
Python,project management,1
Python,start up chocolate moulding line,1
Python,tools for software configuration management,1
Python,use object-oriented programming,1
R,building automation,1
R,dump batches,1
R,start up chocolate moulding line,1
JSONB,Microsoft Azure,1
JSONB,NoSQL,1
JSONB,R,1
JSONB,SQL,1
computer programming,dump batches,1
computer programming,glue film reels,1
computer programming,start up chocolate moulding line,1
computer programming,use object-oriented programming,1
"data extraction, transformation and loading tools",dump batches,1
building automation,"data extraction, transformation and loading tools",1
building automation,dump batches,1
building automation,glue film reels,1
building automation,manage workflow processes,1
building automation,start up chocolate moulding line,1
building automation,tools for software configuration management,1
building automation,types of tidal stream generators,1
glue film reels,project management,1
cloud technologies,project management,1
cloud technologies,start up chocolate moulding line,1
cloud technologies,tools for software configuration management,1
cloud technologies,use object-oriented programming,1
NoSQL,unified modelling language,1
R,TypeScript,1
R,network engineering,1
R,software UI design patterns,1
R,unified modelling language,1
SQL,TypeScript,1
SQL,network engineering,1
SQL,software UI design patterns,1
SQL,unified modelling language,1
JSON,software UI design patterns,1
JSON,unified modelling language,1
manage workflow processes,types of tidal stream generators,1
manage workflow processes,use object-oriented programming,1
project management,start up chocolate moulding line,1
"data extraction, transformation and loading tools",manage workflow processes,1
"data extraction, transformation and loading tools",start up chocolate moulding line,1
"data extraction, transformation and loading tools",tools for software configuration management,1
"data extraction, transformation and loading tools",use object-oriented programming,1
dump batches,glue film reels,1
dump batches,integrated circuits,1
dump batches,manage workflow processes,1
dump batches,project management,1
dump batches,start up chocolate moulding line,1
dump batches,tools for software configuration management,1
dump batches,types of tidal stream generators,1
dump batches,use object-oriented programming,1
glue film reels,manage workflow processes,1
R,quantitative analysis,1
integrated circuits,quantitative analysis,1
quantitative analysis,use presentation software,1
C++,Git,1
glue film reels,start up chocolate moulding line,1
glue film reels,tools for software configuration management,1
glue film reels,types of tidal stream generators,1
glue film reels,use object-oriented programming,1
integrated circuits,manage workflow processes,1
integrated circuits,start up chocolate moulding line,1
integrated circuits,tools for software configuration management,1
integrated circuits,types of tidal stream generators,1
integrated circuits,use object-oriented programming,1
manage workflow processes,project management,1
manage workflow processes,start up chocolate moulding line,1
manage workflow processes,tools for software configuration management,1
C#,NoSQL,1
C#,TypeScript,1
C#,XML,1
C#,network engineering,1
C++,SciPy,1
Git,Kali Linux,1
Git,Matplotlib,1
project management,types of tidal stream generators,1
project management,use object-oriented programming,1
start up chocolate moulding line,tools for software configuration management,1
start up chocolate moulding line,types of tidal stream generators,1
start up chocolate moulding line,use object-oriented programming,1
tools for software configuration management,types of tidal stream generators,1
tools for software configuration management,use object-oriented programming,1
types of tidal stream generators,use object-oriented programming,1
Microsoft Excel,quantitative analysis,1
Kali Linux,TensorFlow,1
C++,Kali Linux,1
C++,Matplotlib,1
C++,NumPy,1
JSONB,TypeScript,1
JSONB,XML,1
JSONB,network engineering,1
JSONB,software UI design patterns,1
JSONB,unified modelling language,1
Microsoft Azure,NoSQL,1
Microsoft Azure,TypeScript,1
Microsoft Azure,XML,1
Microsoft Azure,network engineering,1
Microsoft Azure,software UI design patterns,1
C#,JSONB,1
C#,Microsoft Azure,1
Matplotlib,artificial neural networks,1
Matplotlib,computer programming,1
Matplotlib,computer vision,1
Matplotlib,deep learning,1
NumPy,PyTorch,1
Git,SciPy,1
Git,artificial neural networks,1
Git,computer vision,1
Git,deep learning,1
Kali Linux,Matplotlib,1
Kali Linux,NumPy,1
Kali Linux,PyTorch,1
Kali Linux,Python,1
Kali Linux,R,1
Kali Linux,SciPy,1
Kali Linux,Scikit-learn,1
NumPy,deep learning,1
PyTorch,SciPy,1
Python,SciPy,1
R,SciPy,1
R,artificial neural networks,1
Kali Linux,artificial neural networks,1
Kali Linux,computer programming,1
Kali Linux,computer vision,1
Kali Linux,deep learning,1
Matplotlib,NumPy,1
Matplotlib,PyTorch,1
Matplotlib,Python,1
Matplotlib,R,1
Matplotlib,SciPy,1
Matplotlib,Scikit-learn,1
Matplotlib,TensorFlow,1
NumPy,TensorFlow,1
NumPy,artificial neural networks,1
C#,software UI design patterns,1
C#,unified modelling language,1
JSON,JSONB,1
JSON,Microsoft Azure,1
JSON,TypeScript,1
JSON,network engineering,1
Angular,TypeScript,1
Angular,XML,1
Angular,network engineering,1
Angular,software UI design patterns,1
Angular,unified modelling language,1
Azure DevOps,C#,1
NumPy,computer programming,1
NumPy,computer vision,1
Java (computer programming),algorithms,1
MXNet,PyTorch,1
MXNet,Python,1
MXNet,R,1
MXNet,TensorFlow,1
SciPy,Scikit-learn,1
SciPy,TensorFlow,1
SciPy,artificial neural networks,1
SciPy,computer programming,1
SciPy,computer vision,1
SciPy,deep learning,1
Scikit-learn,artificial neural networks,1
Scikit-learn,computer programming,1
Apache Spark,C++,1
NumPy,SciPy,1
NumPy,Scikit-learn,1
Azure DevOps,JSONB,1
Azure DevOps,Microsoft Azure,1
Azure DevOps,NoSQL,1
Azure DevOps,TypeScript,1
Azure DevOps,XML,1
Azure DevOps,network engineering,1
Azure DevOps,software UI design patterns,1
Azure DevOps,unified modelling language,1
C#,JSON,1
SPSS,Stata,1
SPSS,Tableau,1
SPSS,use spreadsheets software,1
SQL,Stata,1
SQL,use spreadsheets software,1
Stata,Tableau,1
Java (computer programming),MXNet,1
QlikView Expressor,SAS,1
ICT project management methodologies,Microsoft Excel,1
ICT project management methodologies,Microsoft Project,1
ICT project management methodologies,Waterfall development,1
ICT project management methodologies,fit low vision aids,1
MXNet,algorithms,1
MXNet,computer programming,1
MXNet,deep learning,1
MXNet,machine learning,1
MXNet,reverse engineering,1
PyTorch,reverse engineering,1
TensorFlow,reverse engineering,1
Apache Spark,MXNet,1
C++,MXNet,1
C++,algorithms,1
Azure DevOps,JSON,1
Apache Hadoop,data visualisation software,1
Apache Hadoop,statistics,1
Power BI,data mining,1
Stata,use spreadsheets software,1
Tableau,use spreadsheets software,1
Angular,Azure DevOps,1
Angular,C#,1
Angular,JSON,1
Angular,JSONB,1
Angular,Microsoft Azure,1
Angular,NoSQL,1
Angular,R,1
Angular,SQL,1
Power BI,use spreadsheets software,1
Python,Stata,1
Python,use spreadsheets software,1
Docker,Pandas,1
Docker,SQL,1
Docker,Scala,1
Docker,Snowflake,1
ICT project management methodologies,use presentation software,1
Microsoft Excel,Microsoft Project,1
Microsoft Excel,Waterfall development,1
Microsoft Project,Waterfall development,1
Microsoft Project,use presentation software,1
Waterfall development,fit low vision aids,1
Waterfall development,integrated circuits,1
Waterfall development,use presentation software,1
Apache Airflow,C++,1
Apache Airflow,Docker,1
Apache Airflow,Java (computer programming),1
Apache Airflow,Scikit-learn,1
MATLAB,SPSS,1
Kubernetes,Pandas,1
Kubernetes,SQL,1
Kubernetes,Scala,1
Kubernetes,Snowflake,1
Kubernetes,data science,1
Kubernetes,reverse engineering,1
Pandas,SQL,1
Pandas,Scikit-learn,1
C++,Docker,1
C++,Kubernetes,1
C++,Pandas,1
C++,Scala,1
C++,Snowflake,1
C++,data science,1
Docker,Java (computer programming),1
Docker,reverse engineering,1
Java (computer programming),Kubernetes,1
Java (computer programming),Pandas,1
Java (computer programming),data science,1
QlikView Expressor,SPSS,1
QlikView Expressor,Stata,1
QlikView Expressor,use spreadsheets software,1
R,Stata,1
R,use spreadsheets software,1
SAS,Stata,1
SAS,use spreadsheets software,1
MATLAB,Power BI,1
MATLAB,Python,1
MATLAB,QlikView Expressor,1
MATLAB,R,1
MATLAB,SAS,1
Amazon Web Services,SAS,1
Amazon Web Services,SPSS,1
Amazon Web Services,arrange surgery operating site,1
Amazon Web Services,computer programming,1
Amazon Web Services,computer simulation,1
Pandas,data science,1
Pandas,machine learning,1
Python,data science,1
SQL,data science,1
Scikit-learn,Snowflake,1
Scikit-learn,data science,1
Scikit-learn,reverse engineering,1
Snowflake,data science,1
Snowflake,machine learning,1
data science,reverse engineering,1
Docker,data science,1
Apache Hadoop,computer programming,1
Apache Hadoop,computer simulation,1
Apache Hadoop,machine learning,1
Apache Hadoop,mathematics,1
Apache Hadoop,natural gas,1
Apache Hadoop,perform fuel reconciliation,1
GitHub,R,1
GitHub,SAS,1
Microsoft Excel,design database scheme,1
Microsoft SharePoint,blockchain consensus mechanisms,1
Microsoft SharePoint,design database scheme,1
SQL,design database scheme,1
blockchain consensus mechanisms,design database scheme,1
computer programming,design database scheme,1
design database scheme,integrated circuits,1
Amazon Web Services,GitHub,1
GitHub,machine learning,1
GitHub,mathematics,1
GitHub,natural gas,1
GitHub,perform fuel reconciliation,1
Python,arrange surgery operating site,1
Python,perform fuel reconciliation,1
R,arrange surgery operating site,1
R,perform fuel reconciliation,1
SAS,Scala,1
SAS,arrange surgery operating site,1
Amazon Web Services,data models,1
Amazon Web Services,mathematics,1
Amazon Web Services,perform fuel reconciliation,1
Apache Hadoop,GitHub,1
Apache Hadoop,SPSS,1
Apache Hadoop,arrange surgery operating site,1
SPSS,Scala,1
SPSS,arrange surgery operating site,1
SPSS,computer programming,1
SPSS,computer simulation,1
SPSS,data mining,1
SPSS,data models,1
SPSS,machine learning,1
SPSS,mathematics,1
SPSS,natural gas,1
SPSS,perform fuel reconciliation,1
GitHub,SPSS,1
GitHub,arrange surgery operating site,1
GitHub,computer programming,1
GitHub,computer simulation,1
GitHub,data mining,1
GitHub,data models,1
liquidity management,mathematical modelling,1
Scala,data models,1
Scala,mathematics,1
Scala,perform fuel reconciliation,1
arrange surgery operating site,computer programming,1
arrange surgery operating site,computer simulation,1
arrange surgery operating site,data mining,1
arrange surgery operating site,data models,1
arrange surgery operating site,machine learning,1
arrange surgery operating site,mathematics,1
SAS,computer simulation,1
SAS,data models,1
SAS,machine learning,1
SAS,mathematics,1
SAS,natural gas,1
SAS,perform fuel reconciliation,1
Scala,data mining,1
MATLAB,SQL,1
MATLAB,Stata,1
MATLAB,Tableau,1
MATLAB,use spreadsheets software,1
Microsoft Excel,QlikView Expressor,1
Microsoft Excel,SPSS,1
Microsoft Excel,Stata,1
Microsoft Excel,use spreadsheets software,1
Power BI,SPSS,1
Power BI,Stata,1
actuarial science,machine learning,1
actuarial science,mathematical modelling,1
actuarial science,principles of artificial intelligence,1
actuarial science,statistics,1
liquidity management,machine learning,1
Jira,Power BI,1
Jira,Tableau,1
Jira,use databases,1
Microsoft Office,use databases,1
arrange surgery operating site,natural gas,1
arrange surgery operating site,perform fuel reconciliation,1
computer programming,mathematics,1
computer programming,perform fuel reconciliation,1
computer simulation,data mining,1
computer simulation,mathematics,1
computer simulation,perform fuel reconciliation,1
data mining,perform fuel reconciliation,1
SQL,arrange surgery operating site,1
SQL,perform fuel reconciliation,1
Scala,arrange surgery operating site,1
Scala,computer simulation,1
Power BI,Salesforce,1
Power BI,ski,1
Salesforce,ski,1
apply change management,data analytics,1
apply change management,data visualisation software,1
apply change management,demonstrate leadership in social service cases,1
data models,perform fuel reconciliation,1
machine learning,mathematics,1
machine learning,perform fuel reconciliation,1
mathematics,perform fuel reconciliation,1
natural gas,perform fuel reconciliation,1
Visual Basic,blockchain consensus mechanisms,1
blockchain consensus mechanisms,machine learning,1
ICT project management methodologies,Power BI,1
ICT project management methodologies,use databases,1
Jira,Microsoft Office,1
Web3,dbt,1
apply change management,social innovation,1
apply change management,team building,1
apply change management,types of metal manufacturing processes,1
apply change management,use computer telephony integration,1
data analytics,demonstrate leadership in social service cases,1
data analytics,lead others,1
data analytics,make data-driven decisions,1
data analytics,plan,1
Power BI,use databases,1
R,use databases,1
SQL,use databases,1
Tableau,use databases,1
Microsoft Office,project management,1
Microsoft Office,public relations,1
Microsoft Office,statistics,1
apply change management,lead others,1
apply change management,make data-driven decisions,1
apply change management,reverse engineering,1
apply change management,semiconductors,1
apply change management,ski,1
liquidity management,principles of artificial intelligence,1
liquidity management,statistics,1
Microsoft Excel,data analytics,1
Microsoft Excel,office software,1
data analytics,office software,1
MATLAB,Microsoft Excel,1
SQL,Web3,1
SQL,blockchain,1
SQL,dbt,1
Web3,blockchain,1
Web3,database,1
blockchain,dbt,1
database,dbt,1
Derivatives Modeling,actuarial science,1
Derivatives Modeling,liquidity management,1
Derivatives Modeling,machine learning,1
Derivatives Modeling,mathematical modelling,1
Derivatives Modeling,principles of artificial intelligence,1
Derivatives Modeling,statistics,1
actuarial science,liquidity management,1
Apache Kafka,Web3,1
Apache Kafka,blockchain,1
Apache Kafka,database,1
Apache Spark,Google Cloud Platform,1
Apache Spark,Web3,1
data analytics,types of metal manufacturing processes,1
data visualisation software,plan,1
make data-driven decisions,social innovation,1
make data-driven decisions,team building,1
make data-driven decisions,think creatively,1
data visualisation software,team building,1
data visualisation software,types of metal manufacturing processes,1
demonstrate leadership in social service cases,make data-driven decisions,1
demonstrate leadership in social service cases,plan,1
demonstrate leadership in social service cases,reverse engineering,1
demonstrate leadership in social service cases,team building,1
demonstrate leadership in social service cases,think creatively,1
demonstrate leadership in social service cases,types of metal manufacturing processes,1
lead others,make data-driven decisions,1
data analytics,semiconductors,1
data analytics,ski,1
data analytics,team building,1
blockchain,database,1
Google Cloud Platform,Web3,1
Google Cloud Platform,blockchain,1
Google Cloud Platform,database,1
Google Cloud Platform,dbt,1
Python,Web3,1
Python,blockchain,1
Amazon Web Services,blockchain,1
Amazon Web Services,dbt,1
Apache Airflow,Apache Hadoop,1
Apache Airflow,Google Cloud Platform,1
lead others,think creatively,1
lead others,types of metal manufacturing processes,1
make data-driven decisions,plan,1
make data-driven decisions,reverse engineering,1
make data-driven decisions,semiconductors,1
make data-driven decisions,ski,1
social innovation,types of metal manufacturing processes,1
team building,think creatively,1
make data-driven decisions,types of metal manufacturing processes,1
make data-driven decisions,use computer telephony integration,1
plan,ski,1
plan,social innovation,1
plan,team building,1
plan,types of metal manufacturing processes,1
reverse engineering,semiconductors,1
reverse engineering,social innovation,1
reverse engineering,team building,1
reverse engineering,types of metal manufacturing processes,1
lead others,plan,1
lead others,reverse engineering,1
lead others,team building,1
Apache Spark,blockchain,1
data mining,principles of artificial intelligence,1
data mining,types of tidal stream generators,1
ML (computer programming),Model Management,1
ML (computer programming),Workflow Orchestration,1
ML (computer programming),debt classification,1
ML (computer programming),deep learning,1
ML (computer programming),learning management systems,1
ML (computer programming),perform cleaning duties,1
ML (computer programming),perform dimensionality reduction,1
semiconductors,team building,1
semiconductors,types of metal manufacturing processes,1
ski,team building,1
ski,think creatively,1
ski,types of metal manufacturing processes,1
social innovation,team building,1
social innovation,think creatively,1
team building,types of metal manufacturing processes,1
team building,use computer telephony integration,1
think creatively,types of metal manufacturing processes,1
types of metal manufacturing processes,use computer telephony integration,1
ML (computer programming),Model Deployment,1
Apache Airflow,Web3,1
Apache Airflow,blockchain,1
Apache Airflow,database,1
Apache Hadoop,Web3,1
Apache Hadoop,blockchain,1
Apache Hadoop,database,1
Apache Hadoop,dbt,1
Apache Kafka,Google Cloud Platform,1
algorithms,principles of artificial intelligence,1
algorithms,statistical modeling techniques,1
algorithms,types of tidal stream generators,1
Model Management,SQL,1
Model Management,Workflow Orchestration,1
ML (computer programming),process data,1
ML (computer programming),reverse engineering,1
ML (computer programming),sing,1
ML (computer programming),ski,1
ML (computer programming),solve problems,1
ML (computer programming),statistics,1
ML (computer programming),supervision of persons,1
Model Deployment,Model Management,1
Model Deployment,R,1
Model Deployment,SQL,1
Model Deployment,Workflow Orchestration,1
Model Deployment,algorithms,1
Model Deployment,database,1
Model Deployment,debt classification,1
Model Deployment,deep learning,1
Model Deployment,perform cleaning duties,1
principles of artificial intelligence,statistical modeling techniques,1
statistical modeling techniques,types of tidal stream generators,1
Amazon Web Services,Apache Kafka,1
Amazon Web Services,Web3,1
ML (computer programming),data mining,1
ML (computer programming),principles of artificial intelligence,1
ML (computer programming),statistical modeling techniques,1
Model Deployment,process data,1
Model Deployment,sing,1
Model Deployment,ski,1
Model Deployment,solve problems,1
Model Deployment,statistics,1
Model Deployment,supervision of persons,1
Model Management,R,1
Model Management,algorithms,1
Model Management,computer programming,1
Model Management,data engineering,1
Model Management,database,1
Model Management,debt classification,1
Model Management,deep learning,1
Model Management,learning management systems,1
Model Management,machine learning,1
Model Management,natural gas,1
Model Management,perform cleaning duties,1
Model Management,perform dimensionality reduction,1
Model Management,process data,1
Model Management,reverse engineering,1
Model Management,sing,1
Model Management,ski,1
Model Management,solve problems,1
Workflow Orchestration,solve problems,1
Workflow Orchestration,statistics,1
Workflow Orchestration,supervision of persons,1
Model Management,statistics,1
Model Management,supervision of persons,1
R,Workflow Orchestration,1
R,perform cleaning duties,1
R,perform dimensionality reduction,1
R,ski,1
R,solve problems,1
R,supervision of persons,1
SQL,Workflow Orchestration,1
SQL,perform cleaning duties,1
SQL,perform dimensionality reduction,1
Workflow Orchestration,algorithms,1
Workflow Orchestration,computer programming,1
algorithms,statistics,1
algorithms,supervision of persons,1
computer programming,debt classification,1
Workflow Orchestration,data engineering,1
Workflow Orchestration,database,1
Workflow Orchestration,debt classification,1
Workflow Orchestration,deep learning,1
Workflow Orchestration,learning management systems,1
Workflow Orchestration,machine learning,1
Workflow Orchestration,natural gas,1
Workflow Orchestration,perform cleaning duties,1
Workflow Orchestration,perform dimensionality reduction,1
Workflow Orchestration,process data,1
Workflow Orchestration,reverse engineering,1
Workflow Orchestration,sing,1
Workflow Orchestration,ski,1
algorithms,learning management systems,1
algorithms,natural gas,1
algorithms,perform cleaning duties,1
ML (computer programming),types of tidal stream generators,1
algorithms,data mining,1
Teradata Database,learning management systems,1
Teradata Database,scaffolding components,1
learning management systems,scaffolding components,1
communication,develop with cloud services,1
communication,network management system tools,1
communication,process applications,1
algorithms,perform dimensionality reduction,1
algorithms,process data,1
algorithms,sing,1
algorithms,ski,1
algorithms,solve problems,1
develop with cloud services,network management system tools,1
develop with cloud services,process applications,1
develop with cloud services,use mathematical tools and equipment,1
network management system tools,process applications,1
network management system tools,use mathematical tools and equipment,1
process applications,use mathematical tools and equipment,1
Figma,fit low vision aids,1
Adobe Experience Cloud,SQL,1
Adobe Experience Cloud,Tableau,1
Adobe Experience Cloud,Teradata Database,1
Adobe Experience Cloud,learning management systems,1
Adobe Experience Cloud,scaffolding components,1
data engineering,debt classification,1
data engineering,deep learning,1
data engineering,perform cleaning duties,1
algorithms,debt classification,1
debt classification,supervision of persons,1
deep learning,perform cleaning duties,1
deep learning,perform dimensionality reduction,1
deep learning,process data,1
deep learning,sing,1
deep learning,ski,1
data engineering,ski,1
data engineering,solve problems,1
database,perform cleaning duties,1
database,perform dimensionality reduction,1
database,ski,1
database,solve problems,1
debt classification,learning management systems,1
debt classification,natural gas,1
computer programming,perform cleaning duties,1
communication,use mathematical tools and equipment,1
debt classification,ski,1
Python,scaffolding components,1
R,Teradata Database,1
R,scaffolding components,1
SQL,scaffolding components,1
Tableau,Teradata Database,1
Tableau,learning management systems,1
Tableau,scaffolding components,1
NoSQL,business processes,1
NoSQL,collection management,1
NoSQL,design process,1
NoSQL,project management,1
SQL,business processes,1
SQL,collection management,1
debt classification,solve problems,1
debt classification,statistics,1
perform cleaning duties,process data,1
perform cleaning duties,reverse engineering,1
perform cleaning duties,sing,1
perform cleaning duties,ski,1
deep learning,solve problems,1
deep learning,statistics,1
deep learning,supervision of persons,1
learning management systems,perform cleaning duties,1
learning management systems,process data,1
learning management systems,sing,1
machine learning,perform cleaning duties,1
debt classification,perform cleaning duties,1
debt classification,perform dimensionality reduction,1
debt classification,process data,1
debt classification,reverse engineering,1
debt classification,sing,1
process data,ski,1
machine learning,supervision of persons,1
natural gas,perform cleaning duties,1
SQL,design process,1
business processes,collection management,1
business processes,design process,1
collection management,design process,1
collection management,project management,1
design process,project management,1
Adobe Experience Cloud,Python,1
Adobe Experience Cloud,R,1
Python,web programming,1
R,web programming,1
SQL,web programming,1
Tableau,web programming,1
perform cleaning duties,perform dimensionality reduction,1
perform dimensionality reduction,sing,1
manage standards for data exchange,natural language processing,1
Microsoft Excel,web programming,1
computer simulation,manage standards for data exchange,1
Visual Basic,computer programming,1
Visual Basic,use presentation software,1
Visual Basic,web programming,1
computer programming,use presentation software,1
use presentation software,web programming,1
lead process optimisation,manage standards for data exchange,1
perform dimensionality reduction,ski,1
perform dimensionality reduction,solve problems,1
perform dimensionality reduction,statistics,1
perform dimensionality reduction,supervision of persons,1
process data,reverse engineering,1
process data,sing,1
"data extraction, transformation and loading tools",manage standards for data exchange,1
"data extraction, transformation and loading tools",natural language processing,1
database,lead process optimisation,1
Tableau,lead process optimisation,1
Tableau,machine learning,1
Tableau,manage standards for data exchange,1
Visual Basic,computer simulation,1
sing,supervision of persons,1
ski,supervision of persons,1
Agile development,Data Flow Diagram,1
Agile development,Process Flowchart,1
Agile development,Requirements Engineering,1
perform cleaning duties,solve problems,1
perform cleaning duties,statistics,1
perform cleaning duties,supervision of persons,1
perform dimensionality reduction,process data,1
Data Flow Diagram,statistics,1
Agile development,Software Delivery,1
Agile development,User Stories,1
Agile development,analyse blockchain use cases,1
Agile development,augmented reality,1
Agile development,building information modelling,1
Agile development,business process modelling,1
Agile development,computer technology,1
Agile development,customer relationship management,1
Agile development,data models,1
Agile development,design metal components,1
Data Flow Diagram,Process Flowchart,1
reverse engineering,solve problems,1
sing,ski,1
"data extraction, transformation and loading tools",lead process optimisation,1
"data extraction, transformation and loading tools",machine learning,1
Process Flowchart,statistics,1
Data Flow Diagram,Requirements Engineering,1
Data Flow Diagram,Software Delivery,1
Data Flow Diagram,User Stories,1
Data Flow Diagram,analyse blockchain use cases,1
Data Flow Diagram,augmented reality,1
Data Flow Diagram,building information modelling,1
Data Flow Diagram,business analysis,1
Data Flow Diagram,business process modelling,1
Data Flow Diagram,computer programming,1
Data Flow Diagram,computer technology,1
Data Flow Diagram,create prototype of user experience solutions,1
Data Flow Diagram,customer relationship management,1
Data Flow Diagram,data models,1
Data Flow Diagram,design metal components,1
Data Flow Diagram,interact with users to gather requirements,1
Software Delivery,User Stories,1
Process Flowchart,Requirements Engineering,1
Process Flowchart,Software Delivery,1
Process Flowchart,User Stories,1
Process Flowchart,analyse blockchain use cases,1
Process Flowchart,augmented reality,1
Process Flowchart,building information modelling,1
Process Flowchart,business analysis,1
Process Flowchart,business process modelling,1
Process Flowchart,computer programming,1
Process Flowchart,computer technology,1
Process Flowchart,create prototype of user experience solutions,1
Process Flowchart,customer relationship management,1
Process Flowchart,data models,1
Process Flowchart,design metal components,1
Process Flowchart,interact with users to gather requirements,1
Software Delivery,statistics,1
User Stories,analyse blockchain use cases,1
User Stories,augmented reality,1
User Stories,building information modelling,1
Requirements Engineering,Software Delivery,1
Requirements Engineering,User Stories,1
Requirements Engineering,analyse blockchain use cases,1
Requirements Engineering,augmented reality,1
Requirements Engineering,building information modelling,1
Requirements Engineering,computer programming,1
Requirements Engineering,computer technology,1
Requirements Engineering,create prototype of user experience solutions,1
Requirements Engineering,customer relationship management,1
Requirements Engineering,data models,1
Requirements Engineering,design metal components,1
Requirements Engineering,statistics,1
analyse blockchain use cases,business analysis,1
analyse blockchain use cases,business process modelling,1
analyse blockchain use cases,computer programming,1
analyse blockchain use cases,computer technology,1
Software Delivery,analyse blockchain use cases,1
Software Delivery,augmented reality,1
Software Delivery,building information modelling,1
Software Delivery,business analysis,1
Software Delivery,business process modelling,1
Software Delivery,computer programming,1
Software Delivery,computer technology,1
Software Delivery,create prototype of user experience solutions,1
Software Delivery,customer relationship management,1
Software Delivery,data models,1
Software Delivery,design metal components,1
Software Delivery,interact with users to gather requirements,1
augmented reality,computer technology,1
augmented reality,create prototype of user experience solutions,1
augmented reality,data models,1
augmented reality,design metal components,1
augmented reality,interact with users to gather requirements,1
augmented reality,statistics,1
User Stories,business process modelling,1
User Stories,computer technology,1
User Stories,create prototype of user experience solutions,1
User Stories,customer relationship management,1
User Stories,data models,1
User Stories,design metal components,1
User Stories,interact with users to gather requirements,1
User Stories,statistics,1
analyse blockchain use cases,augmented reality,1
analyse blockchain use cases,building information modelling,1
analyse blockchain use cases,design metal components,1
analyse blockchain use cases,interact with users to gather requirements,1
analyse blockchain use cases,statistics,1
Visual Basic,"data extraction, transformation and loading tools",1
Visual Basic,database,1
Visual Basic,lead process optimisation,1
Visual Basic,manage standards for data exchange,1
Visual Basic,natural gas,1
Visual Basic,natural language processing,1
computer simulation,"data extraction, transformation and loading tools",1
computer simulation,database,1
SQL Server,Visual Basic,1
SQL Server,computer simulation,1
augmented reality,building information modelling,1
augmented reality,business analysis,1
augmented reality,business process modelling,1
computer programming,customer relationship management,1
computer programming,design metal components,1
computer technology,create prototype of user experience solutions,1
building information modelling,business analysis,1
building information modelling,business process modelling,1
building information modelling,computer programming,1
building information modelling,computer technology,1
building information modelling,create prototype of user experience solutions,1
building information modelling,customer relationship management,1
building information modelling,data models,1
building information modelling,design metal components,1
building information modelling,interact with users to gather requirements,1
building information modelling,statistics,1
analyse blockchain use cases,create prototype of user experience solutions,1
analyse blockchain use cases,customer relationship management,1
analyse blockchain use cases,data models,1
create prototype of user experience solutions,design metal components,1
create prototype of user experience solutions,interact with users to gather requirements,1
create prototype of user experience solutions,statistics,1
customer relationship management,data models,1
customer relationship management,design metal components,1
customer relationship management,interact with users to gather requirements,1
customer relationship management,statistics,1
data models,design metal components,1
business analysis,design metal components,1
business process modelling,computer programming,1
business process modelling,computer technology,1
business process modelling,create prototype of user experience solutions,1
business process modelling,customer relationship management,1
business process modelling,data models,1
business process modelling,design metal components,1
business process modelling,statistics,1
computer technology,customer relationship management,1
computer technology,design metal components,1
SQL Server,lead process optimisation,1
SQL Server,machine learning,1
SQL Server,manage standards for data exchange,1
SQL Server,natural language processing,1
SQL Server,statistics,1
Tableau,computer simulation,1
Tableau,database,1
QlikView Expressor,"data extraction, transformation and loading tools",1
QlikView Expressor,database,1
QlikView Expressor,lead process optimisation,1
QlikView Expressor,machine learning,1
QlikView Expressor,manage standards for data exchange,1
QlikView Expressor,natural gas,1
create prototype of user experience solutions,data models,1
Test-Driven Development,demonstrate leadership in social service cases,1
Test-Driven Development,engage with stakeholders,1
Test-Driven Development,financial capability,1
Test-Driven Development,human-robot collaboration,1
Test-Driven Development,interact with users to gather requirements,1
design metal components,interact with users to gather requirements,1
design metal components,statistics,1
Agile development,Test-Driven Development,1
Agile development,apply business acumen,1
Agile development,assess your competences for artistic coaching,1
Agile development,communication,1
Agile development,demonstrate leadership in social service cases,1
Agile development,financial capability,1
Agile development,human-robot collaboration,1
Agile development,make decisions,1
Agile development,plan product management,1
Agile development,solve problems,1
Agile development,supervision of persons,1
Agile development,think analytically,1
Agile development,think critically,1
Agile development,write technical reports,1
QlikView Expressor,natural language processing,1
QlikView Expressor,statistics,1
R,lead process optimisation,1
SQL,lead process optimisation,1
Power BI,manage standards for data exchange,1
Power BI,natural gas,1
Test-Driven Development,apply business acumen,1
Test-Driven Development,assess your competences for artistic coaching,1
Test-Driven Development,business analysis,1
Test-Driven Development,business processes,1
Test-Driven Development,communication,1
assess your competences for artistic coaching,communication,1
Test-Driven Development,make decisions,1
Test-Driven Development,plan product management,1
Test-Driven Development,project management,1
Test-Driven Development,public relations,1
Test-Driven Development,solve problems,1
Test-Driven Development,statistics,1
Test-Driven Development,supervision of persons,1
Test-Driven Development,think analytically,1
Test-Driven Development,think critically,1
Test-Driven Development,write technical reports,1
apply business acumen,assess your competences for artistic coaching,1
apply business acumen,business processes,1
apply business acumen,communication,1
apply business acumen,engage with stakeholders,1
Agile development,public relations,1
assess your competences for artistic coaching,think critically,1
assess your competences for artistic coaching,write technical reports,1
apply business acumen,financial capability,1
apply business acumen,human-robot collaboration,1
apply business acumen,interact with users to gather requirements,1
apply business acumen,make decisions,1
apply business acumen,plan product management,1
apply business acumen,project management,1
apply business acumen,public relations,1
apply business acumen,solve problems,1
apply business acumen,statistics,1
apply business acumen,supervision of persons,1
apply business acumen,think analytically,1
apply business acumen,think critically,1
apply business acumen,write technical reports,1
assess your competences for artistic coaching,business processes,1
assess your competences for artistic coaching,human-robot collaboration,1
assess your competences for artistic coaching,make decisions,1
Python,lead process optimisation,1
QlikView Expressor,SQL Server,1
QlikView Expressor,Visual Basic,1
QlikView Expressor,computer simulation,1
Oracle SQL,Visual Basic,1
Oracle SQL,computer simulation,1
Oracle SQL,"data extraction, transformation and loading tools",1
Oracle SQL,database,1
Oracle SQL,lead process optimisation,1
Oracle SQL,machine learning,1
assess your competences for artistic coaching,plan product management,1
assess your competences for artistic coaching,public relations,1
assess your competences for artistic coaching,solve problems,1
assess your competences for artistic coaching,think analytically,1
Oracle SQL,natural language processing,1
Oracle SQL,statistics,1
Power BI,computer simulation,1
Power BI,lead process optimisation,1
D3.js,computer simulation,1
D3.js,"data extraction, transformation and loading tools",1
D3.js,database,1
D3.js,lead process optimisation,1
D3.js,machine learning,1
D3.js,manage standards for data exchange,1
business analysis,plan product management,1
business analysis,think analytically,1
business analysis,think critically,1
business processes,communication,1
business processes,demonstrate leadership in social service cases,1
assess your competences for artistic coaching,financial capability,1
communication,think analytically,1
communication,think critically,1
demonstrate leadership in social service cases,financial capability,1
demonstrate leadership in social service cases,human-robot collaboration,1
business processes,financial capability,1
business processes,human-robot collaboration,1
business processes,make decisions,1
business processes,plan product management,1
business processes,solve problems,1
business processes,supervision of persons,1
business processes,think analytically,1
business processes,think critically,1
communication,financial capability,1
business analysis,financial capability,1
Oracle SQL,manage standards for data exchange,1
Oracle SQL,natural gas,1
communication,plan product management,1
communication,public relations,1
D3.js,natural gas,1
D3.js,natural language processing,1
D3.js,statistics,1
Oracle SQL,Power BI,1
Oracle SQL,Python,1
Oracle SQL,QlikView Expressor,1
Oracle SQL,R,1
Oracle SQL,SQL,1
Oracle SQL,SQL Server,1
Oracle SQL,Tableau,1
computer programming,manage sales teams,1
integrated circuits,manage currency exchange risk mitigation techniques,1
integrated circuits,manage sales teams,1
manage currency exchange risk mitigation techniques,manage sales teams,1
financial capability,human-robot collaboration,1
financial capability,interact with users to gather requirements,1
financial capability,make decisions,1
financial capability,plan product management,1
financial capability,project management,1
financial capability,public relations,1
financial capability,solve problems,1
financial capability,statistics,1
financial capability,supervision of persons,1
demonstrate leadership in social service cases,plan product management,1
demonstrate leadership in social service cases,public relations,1
demonstrate leadership in social service cases,think analytically,1
demonstrate leadership in social service cases,think critically,1
engage with stakeholders,financial capability,1
engage with stakeholders,plan product management,1
communication,interact with users to gather requirements,1
interact with users to gather requirements,plan product management,1
engage with stakeholders,think analytically,1
engage with stakeholders,think critically,1
D3.js,Oracle SQL,1
D3.js,Power BI,1
D3.js,Python,1
D3.js,QlikView Expressor,1
D3.js,R,1
D3.js,SQL,1
D3.js,SQL Server,1
D3.js,Tableau,1
D3.js,Visual Basic,1
manage sales teams,tools for ICT test automation,1
ML (computer programming),Microsoft Copilot,1
ML (computer programming),Microsoft SharePoint,1
ML (computer programming),manage currency exchange risk mitigation techniques,1
human-robot collaboration,plan product management,1
ML (computer programming),manage sales teams,1
Microsoft Copilot,Microsoft SharePoint,1
Microsoft Copilot,computer programming,1
Microsoft Copilot,integrated circuits,1
Microsoft Copilot,manage currency exchange risk mitigation techniques,1
Microsoft Copilot,manage sales teams,1
Microsoft SharePoint,manage currency exchange risk mitigation techniques,1
computer programming,manage currency exchange risk mitigation techniques,1
ICT project management methodologies,Microsoft SharePoint,1
human-robot collaboration,project management,1
human-robot collaboration,public relations,1
human-robot collaboration,think analytically,1
human-robot collaboration,think critically,1
human-robot collaboration,write technical reports,1
interact with users to gather requirements,make decisions,1
project management,write technical reports,1
public relations,supervision of persons,1
public relations,think analytically,1
interact with users to gather requirements,solve problems,1
interact with users to gather requirements,think analytically,1
interact with users to gather requirements,think critically,1
make decisions,plan product management,1
make decisions,public relations,1
make decisions,supervision of persons,1
make decisions,think analytically,1
make decisions,think critically,1
financial capability,think analytically,1
financial capability,think critically,1
financial capability,write technical reports,1
human-robot collaboration,interact with users to gather requirements,1
human-robot collaboration,make decisions,1
supervision of persons,think analytically,1
supervision of persons,think critically,1
supervision of persons,write technical reports,1
think analytically,think critically,1
think analytically,write technical reports,1
think critically,write technical reports,1
plan product management,project management,1
plan product management,public relations,1
plan product management,solve problems,1
plan product management,statistics,1
plan product management,supervision of persons,1
plan product management,think analytically,1
plan product management,think critically,1
plan product management,write technical reports,1
project management,think analytically,1
project management,think critically,1
ICT project management methodologies,create prototype of user experience solutions,1
public relations,think critically,1
solve problems,think analytically,1
statistics,think analytically,1
ICT project management methodologies,manage sales teams,1
Microsoft Office,Microsoft SharePoint,1
Microsoft Office,manage sales teams,1
Microsoft Office,tools for ICT test automation,1
Microsoft SharePoint,tools for ICT test automation,1
SQL,manage sales teams,1
SQL,tools for ICT test automation,1
natural gas,statistical modeling techniques,1
natural gas,types of metal manufacturing processes,1
natural gas,use presentation software,1
solar energy,statistical modeling techniques,1
solar energy,types of metal manufacturing processes,1
collection management,natural gas,1
collection management,public relations,1
create prototype of user experience solutions,public relations,1
customer relationship management,natural gas,1
customer relationship management,public relations,1
ICT project management methodologies,Oracle Data Integrator,1
ICT project management methodologies,Pentaho Data Integration,1
CI/CD,business analysis,1
CI/CD,collection management,1
CI/CD,create prototype of user experience solutions,1
CI/CD,public relations,1
DevOps,business analysis,1
DevOps,collection management,1
DevOps,customer relationship management,1
DevOps,public relations,1
ICT project management methodologies,collection management,1
Oracle Data Integrator,project management,1
ICT project management methodologies,customer relationship management,1
ICT project management methodologies,public relations,1
business analysis,collection management,1
collection management,create prototype of user experience solutions,1
solar energy,use presentation software,1
statistical modeling techniques,types of metal manufacturing processes,1
statistical modeling techniques,use presentation software,1
types of metal manufacturing processes,use presentation software,1
DAX,data warehouse,1
DAX,database,1
Microsoft Excel,data warehouse,1
Microsoft Excel,database,1
Tableau,mathematics,1
Tableau,types of metal manufacturing processes,1
collection management,customer relationship management,1
User Acceptance Testing,iron textiles,1
User Acceptance Testing,migration,1
User Acceptance Testing,morality,1
ICT project management methodologies,claims procedures,1
ICT project management methodologies,identify process improvements,1
ICT project management methodologies,iron textiles,1
ICT project management methodologies,migration,1
ICT project management methodologies,morality,1
Oracle Data Integrator,Pentaho Data Integration,1
Oracle Data Integrator,User Acceptance Testing,1
Oracle Data Integrator,business analysis,1
Oracle Data Integrator,claims procedures,1
Oracle Data Integrator,identify process improvements,1
Oracle Data Integrator,iron textiles,1
Oracle Data Integrator,migration,1
Oracle Data Integrator,morality,1
claims procedures,migration,1
claims procedures,morality,1
claims procedures,project management,1
claims procedures,statistics,1
identify process improvements,iron textiles,1
identify process improvements,migration,1
Oracle Data Integrator,statistics,1
Pentaho Data Integration,User Acceptance Testing,1
Pentaho Data Integration,claims procedures,1
Pentaho Data Integration,identify process improvements,1
Pentaho Data Integration,iron textiles,1
Pentaho Data Integration,migration,1
Pentaho Data Integration,morality,1
Pentaho Data Integration,project management,1
User Acceptance Testing,claims procedures,1
User Acceptance Testing,identify process improvements,1
User Acceptance Testing,statistics,1
business analysis,claims procedures,1
business analysis,iron textiles,1
business analysis,migration,1
data mining,solar energy,1
data mining,types of metal manufacturing processes,1
data mining,use presentation software,1
mathematics,solar energy,1
mathematics,statistical modeling techniques,1
mathematics,types of metal manufacturing processes,1
mathematics,use presentation software,1
Microsoft Excel,types of metal manufacturing processes,1
Python,types of metal manufacturing processes,1
business analysis,morality,1
claims procedures,identify process improvements,1
claims procedures,iron textiles,1
iron textiles,project management,1
iron textiles,statistics,1
R,types of metal manufacturing processes,1
SQL,types of metal manufacturing processes,1
Microsoft Excel,augmented reality,1
SAS,XML,1
SAS,augmented reality,1
migration,morality,1
migration,project management,1
migration,statistics,1
API Development,Generative AI,1
API Development,ML (computer programming),1
API Development,MLOps,1
API Development,SDK Development,1
API Development,computer programming,1
User Acceptance Testing,project management,1
API Development,create data sets,1
API Development,database,1
API Development,machine learning,1
API Development,modern portfolio theory,1
API Development,natural gas,1
Generative AI,ML (computer programming),1
Generative AI,MLOps,1
Generative AI,SDK Development,1
Generative AI,computer programming,1
Generative AI,create data sets,1
Generative AI,database,1
Generative AI,modern portfolio theory,1
ML (computer programming),MLOps,1
ML (computer programming),SDK Development,1
iron textiles,migration,1
iron textiles,morality,1
ML (computer programming),create data sets,1
ML (computer programming),modern portfolio theory,1
MLOps,SDK Development,1
MLOps,computer programming,1
MLOps,create data sets,1
MLOps,database,1
MLOps,machine learning,1
MLOps,modern portfolio theory,1
MLOps,natural gas,1
SDK Development,computer programming,1
SDK Development,create data sets,1
SDK Development,database,1
SDK Development,machine learning,1
SDK Development,modern portfolio theory,1
SDK Development,natural gas,1
computer programming,create data sets,1
computer programming,modern portfolio theory,1
create data sets,database,1
create data sets,machine learning,1
create data sets,modern portfolio theory,1
create data sets,natural gas,1
database,modern portfolio theory,1
machine learning,modern portfolio theory,1
modern portfolio theory,natural gas,1
ICT system integration,Process Flow Analysis,1
ICT system integration,analyse business requirements,1
ICT system integration,business analysis,1
ICT system integration,business requirements techniques,1
ICT system integration,computer programming,1
ICT system integration,create project specifications,1
ICT system integration,execute feasibility study,1
ICT system integration,identify process improvements,1
ICT system integration,learning management systems,1
ICT system integration,natural gas,1
ICT system integration,perform software unit testing,1
ICT system integration,semiconductors,1
ICT system integration,statistics,1
ICT system integration,think creatively,1
ICT system integration,translate artistic concepts to technical designs,1
ICT system integration,troubleshoot,1
ICT system integration,use computer telephony integration,1
Process Flow Analysis,analyse business requirements,1
Process Flow Analysis,business analysis,1
Process Flow Analysis,business requirements techniques,1
Process Flow Analysis,computer programming,1
Process Flow Analysis,create project specifications,1
Process Flow Analysis,execute feasibility study,1
Process Flow Analysis,identify process improvements,1
business analysis,execute feasibility study,1
business analysis,translate artistic concepts to technical designs,1
Process Flow Analysis,learning management systems,1
Process Flow Analysis,natural gas,1
Process Flow Analysis,perform software unit testing,1
Process Flow Analysis,semiconductors,1
Process Flow Analysis,statistics,1
Process Flow Analysis,think creatively,1
Process Flow Analysis,translate artistic concepts to technical designs,1
Process Flow Analysis,troubleshoot,1
Process Flow Analysis,use computer telephony integration,1
analyse business requirements,business requirements techniques,1
analyse business requirements,computer programming,1
analyse business requirements,create project specifications,1
analyse business requirements,execute feasibility study,1
analyse business requirements,learning management systems,1
analyse business requirements,natural gas,1
analyse business requirements,perform software unit testing,1
analyse business requirements,semiconductors,1
analyse business requirements,think creatively,1
analyse business requirements,translate artistic concepts to technical designs,1
SQL,augmented reality,1
XML,augmented reality,1
XML,computer programming,1
Microsoft Excel,mathematics,1
Microsoft Excel,natural gas,1
Microsoft Excel,solar energy,1
plan migration to cloud,semiconductors,1
plan migration to cloud,solar energy,1
process data,solar energy,1
analyse business requirements,troubleshoot,1
business analysis,create project specifications,1
create project specifications,translate artistic concepts to technical designs,1
business analysis,troubleshoot,1
business requirements techniques,create project specifications,1
business requirements techniques,execute feasibility study,1
business requirements techniques,identify process improvements,1
JavaScript,augmented reality,1
Microsoft Excel,XML,1
integrated development environment software,manage time,1
integrated development environment software,plan migration to cloud,1
integrated development environment software,process data,1
business requirements techniques,perform software unit testing,1
business requirements techniques,semiconductors,1
business requirements techniques,statistics,1
business requirements techniques,translate artistic concepts to technical designs,1
business requirements techniques,troubleshoot,1
computer programming,create project specifications,1
execute feasibility study,think creatively,1
execute feasibility study,translate artistic concepts to technical designs,1
execute feasibility study,troubleshoot,1
execute feasibility study,use computer telephony integration,1
identify process improvements,learning management systems,1
identify process improvements,perform software unit testing,1
computer programming,execute feasibility study,1
computer programming,translate artistic concepts to technical designs,1
create project specifications,execute feasibility study,1
create project specifications,identify process improvements,1
create project specifications,learning management systems,1
create project specifications,natural gas,1
create project specifications,perform software unit testing,1
create project specifications,semiconductors,1
create project specifications,statistics,1
create project specifications,think creatively,1
execute feasibility study,identify process improvements,1
execute feasibility study,learning management systems,1
execute feasibility study,natural gas,1
execute feasibility study,perform software unit testing,1
integrated development environment software,radiotherapy,1
manage time,plan migration to cloud,1
manage time,process data,1
manage time,radiotherapy,1
manage time,semiconductors,1
manage time,solar energy,1
plan migration to cloud,process data,1
plan migration to cloud,radiotherapy,1
data engineering,semiconductors,1
data models,integrated development environment software,1
execute feasibility study,semiconductors,1
execute feasibility study,statistics,1
learning management systems,perform software unit testing,1
data models,manage time,1
data models,plan migration to cloud,1
data models,process data,1
information architecture,integrated development environment software,1
information architecture,manage time,1
information architecture,plan migration to cloud,1
archive scientific documentation,solar energy,1
business intelligence,integrated development environment software,1
business intelligence,manage time,1
learning management systems,think creatively,1
learning management systems,translate artistic concepts to technical designs,1
learning management systems,troubleshoot,1
natural gas,translate artistic concepts to technical designs,1
create project specifications,troubleshoot,1
create project specifications,use computer telephony integration,1
perform software unit testing,use computer telephony integration,1
business intelligence,plan migration to cloud,1
data engineering,integrated development environment software,1
data engineering,manage time,1
data engineering,plan migration to cloud,1
analyse pipeline database information,manage time,1
analyse pipeline database information,plan migration to cloud,1
analyse pipeline database information,process data,1
semiconductors,translate artistic concepts to technical designs,1
statistics,translate artistic concepts to technical designs,1
think creatively,translate artistic concepts to technical designs,1
think creatively,troubleshoot,1
translate artistic concepts to technical designs,troubleshoot,1
identify process improvements,think creatively,1
identify process improvements,translate artistic concepts to technical designs,1
identify process improvements,troubleshoot,1
Software Development Life Cycle,demonstrate leadership in social service cases,1
Software Development Life Cycle,ski,1
User Acceptance Testing,apply business acumen,1
User Acceptance Testing,conduct patch testing,1
User Acceptance Testing,demonstrate leadership in social service cases,1
User Acceptance Testing,ski,1
translate artistic concepts to technical designs,use computer telephony integration,1
ICT project management methodologies,apply business acumen,1
Requirements Gathering,apply business acumen,1
Requirements Gathering,conduct patch testing,1
Requirements Gathering,demonstrate leadership in social service cases,1
Requirements Gathering,ski,1
perform software unit testing,semiconductors,1
perform software unit testing,think creatively,1
perform software unit testing,translate artistic concepts to technical designs,1
perform software unit testing,troubleshoot,1
archive scientific documentation,business intelligence,1
archive scientific documentation,data engineering,1
archive scientific documentation,data models,1
archive scientific documentation,information architecture,1
archive scientific documentation,integrated development environment software,1
archive scientific documentation,manage time,1
archive scientific documentation,plan migration to cloud,1
archive scientific documentation,process data,1
archive scientific documentation,radiotherapy,1
archive scientific documentation,semiconductors,1
Tableau,data engineering,1
Tableau,data models,1
Tableau,information architecture,1
Tableau,integrated development environment software,1
Tableau,manage time,1
Tableau,plan migration to cloud,1
marketing mix,prepare sales checks,1
marketing mix,principles of artificial intelligence,1
marketing mix,use computer telephony integration,1
prepare sales checks,principles of artificial intelligence,1
prepare sales checks,use computer telephony integration,1
apply business acumen,conduct patch testing,1
apply business acumen,execute integration testing,1
apply business acumen,ski,1
apply business acumen,system design,1
apply business acumen,use computer telephony integration,1
conduct patch testing,demonstrate leadership in social service cases,1
conduct patch testing,execute integration testing,1
conduct patch testing,ski,1
conduct patch testing,system design,1
Software Development Life Cycle,apply business acumen,1
Software Development Life Cycle,conduct patch testing,1
Data Governance,data protection,1
demonstrate leadership in social service cases,execute integration testing,1
demonstrate leadership in social service cases,system design,1
ski,system design,1
Tableau,process data,1
Tableau,radiotherapy,1
analyse pipeline database information,archive scientific documentation,1
analyse pipeline database information,integrated development environment software,1
Snowflake,analyse pipeline database information,1
Snowflake,archive scientific documentation,1
Snowflake,business intelligence,1
Snowflake,data models,1
Snowflake,information architecture,1
develop business case,marketing mix,1
develop business case,prepare sales checks,1
develop business case,principles of artificial intelligence,1
Power BI,solar energy,1
Python,archive scientific documentation,1
Python,information architecture,1
Python,integrated development environment software,1
Snowflake,integrated development environment software,1
Snowflake,manage time,1
Snowflake,plan migration to cloud,1
Snowflake,process data,1
Snowflake,solar energy,1
Tableau,analyse pipeline database information,1
Tableau,archive scientific documentation,1
R,integrated development environment software,1
R,manage time,1
R,plan migration to cloud,1
Data Governance,audit techniques,1
Data Governance,data analytics,1
Data Lineage,"data extraction, transformation and loading tools",1
Data Lineage,data protection,1
Data Governance,decision support systems,1
Data Governance,develop with cloud services,1
Data Governance,document management,1
Data Governance,hardware testing methods,1
Data Governance,knowledge management,1
Data Governance,manage ICT data classification,1
Data Governance,perform quality audits,1
Data Governance,DevOps,1
Data Governance,R,1
Data Governance,Real-Time Data Processing,1
SQL,archive scientific documentation,1
SQL,integrated development environment software,1
SQL,manage time,1
SQL,plan migration to cloud,1
Data Lineage,ICT project management methodologies,1
Data Lineage,R,1
Python,manage time,1
Python,plan migration to cloud,1
Python,process data,1
R,archive scientific documentation,1
Microsoft Azure,plan migration to cloud,1
Microsoft Azure,process data,1
Microsoft Azure,radiotherapy,1
Microsoft Azure,solar energy,1
Power BI,Snowflake,1
Data Lineage,Real-Time Data Processing,1
Data Lineage,SQL,1
Data Lineage,apply information security policies,1
Data Lineage,audit techniques,1
Data Lineage,data analytics,1
DevOps,"data extraction, transformation and loading tools",1
DevOps,data protection,1
Data Lineage,data warehouse,1
Data Lineage,database,1
Data Lineage,decision support systems,1
Data Lineage,develop with cloud services,1
Data Lineage,document management,1
Data Lineage,hardware testing methods,1
Data Lineage,knowledge management,1
Data Lineage,manage ICT data classification,1
Data Lineage,perform quality audits,1
Data Lineage,reverse engineering,1
Data Lineage,risk management,1
Data Governance,supervise waste disposal,1
Data Governance,track key performance indicators,1
Data Lineage,DevOps,1
DevOps,perform data cleansing,1
DevOps,perform quality audits,1
DevOps,project management,1
DevOps,reverse engineering,1
DevOps,risk management,1
DevOps,solar energy,1
DevOps,statistics,1
DevOps,supervise waste disposal,1
Data Lineage,supervise waste disposal,1
Data Lineage,think creatively,1
Data Lineage,track key performance indicators,1
DevOps,Real-Time Data Processing,1
DevOps,apply information security policies,1
DevOps,audit techniques,1
DevOps,computer programming,1
DevOps,data analytics,1
DevOps,develop with cloud services,1
DevOps,document management,1
DevOps,hardware testing methods,1
DevOps,knowledge management,1
Power BI,analyse pipeline database information,1
Power BI,archive scientific documentation,1
Power BI,data engineering,1
Power BI,information architecture,1
Power BI,integrated development environment software,1
Power BI,manage time,1
Power BI,plan migration to cloud,1
Power BI,process data,1
Power BI,radiotherapy,1
Google Cloud Platform,semiconductors,1
Google Cloud Platform,solar energy,1
DevOps,manage ICT data classification,1
R,audit techniques,1
R,data analytics,1
R,data protection,1
R,data warehouse,1
R,decision support systems,1
DevOps,track key performance indicators,1
ICT project management methodologies,Real-Time Data Processing,1
ICT project management methodologies,apply information security policies,1
ICT project management methodologies,audit techniques,1
ICT project management methodologies,data protection,1
ICT project management methodologies,data warehouse,1
ICT project management methodologies,decision support systems,1
ICT project management methodologies,develop with cloud services,1
ICT project management methodologies,document management,1
ICT project management methodologies,knowledge management,1
DevOps,decision support systems,1
R,supervise waste disposal,1
R,think creatively,1
R,track key performance indicators,1
Real-Time Data Processing,SQL,1
Real-Time Data Processing,apply information security policies,1
Real-Time Data Processing,audit techniques,1
Real-Time Data Processing,business intelligence,1
Real-Time Data Processing,computer programming,1
ICT project management methodologies,manage ICT data classification,1
ICT project management methodologies,perform data cleansing,1
ICT project management methodologies,perform quality audits,1
ICT project management methodologies,supervise waste disposal,1
ICT project management methodologies,think creatively,1
ICT project management methodologies,track key performance indicators,1
R,Real-Time Data Processing,1
R,apply information security policies,1
Real-Time Data Processing,document management,1
Real-Time Data Processing,hardware testing methods,1
Real-Time Data Processing,knowledge management,1
Real-Time Data Processing,manage ICT data classification,1
Real-Time Data Processing,natural gas,1
Real-Time Data Processing,perform data cleansing,1
Real-Time Data Processing,perform quality audits,1
Real-Time Data Processing,project management,1
R,develop with cloud services,1
R,document management,1
R,hardware testing methods,1
R,knowledge management,1
R,manage ICT data classification,1
R,perform data cleansing,1
R,perform quality audits,1
R,risk management,1
SQL,apply information security policies,1
SQL,audit techniques,1
SQL,data analytics,1
SQL,data protection,1
SQL,decision support systems,1
SQL,develop with cloud services,1
SQL,document management,1
SQL,hardware testing methods,1
Real-Time Data Processing,data analytics,1
Real-Time Data Processing,"data extraction, transformation and loading tools",1
Real-Time Data Processing,data models,1
Real-Time Data Processing,data protection,1
Real-Time Data Processing,data warehouse,1
Real-Time Data Processing,database,1
Real-Time Data Processing,decision support systems,1
Real-Time Data Processing,develop with cloud services,1
Real-Time Data Processing,statistics,1
Real-Time Data Processing,supervise waste disposal,1
Microsoft Azure,Snowflake,1
Microsoft Azure,analyse pipeline database information,1
Microsoft Azure,archive scientific documentation,1
Microsoft Azure,data engineering,1
Microsoft Azure,data models,1
Microsoft Azure,information architecture,1
Microsoft Azure,integrated development environment software,1
Microsoft Azure,manage time,1
Google Cloud Platform,Power BI,1
Google Cloud Platform,Snowflake,1
Google Cloud Platform,Tableau,1
Google Cloud Platform,analyse pipeline database information,1
Real-Time Data Processing,think creatively,1
Real-Time Data Processing,track key performance indicators,1
apply information security policies,risk management,1
apply information security policies,sing,1
SQL,knowledge management,1
SQL,manage ICT data classification,1
SQL,perform data cleansing,1
SQL,perform quality audits,1
SQL,supervise waste disposal,1
SQL,track key performance indicators,1
apply information security policies,audit techniques,1
apply information security policies,business intelligence,1
apply information security policies,computer programming,1
apply information security policies,data protection,1
Real-Time Data Processing,reverse engineering,1
Real-Time Data Processing,risk management,1
Real-Time Data Processing,sing,1
Real-Time Data Processing,solar energy,1
audit techniques,data warehouse,1
audit techniques,database,1
audit techniques,decision support systems,1
audit techniques,develop with cloud services,1
audit techniques,document management,1
audit techniques,hardware testing methods,1
audit techniques,knowledge management,1
apply information security policies,decision support systems,1
apply information security policies,develop with cloud services,1
apply information security policies,document management,1
apply information security policies,hardware testing methods,1
apply information security policies,knowledge management,1
apply information security policies,manage ICT data classification,1
apply information security policies,perform data cleansing,1
apply information security policies,perform quality audits,1
apply information security policies,project management,1
audit techniques,risk management,1
audit techniques,sing,1
audit techniques,solar energy,1
audit techniques,statistics,1
audit techniques,supervise waste disposal,1
audit techniques,think creatively,1
audit techniques,track key performance indicators,1
apply information security policies,supervise waste disposal,1
apply information security policies,think creatively,1
apply information security policies,track key performance indicators,1
audit techniques,business intelligence,1
audit techniques,computer programming,1
audit techniques,data analytics,1
audit techniques,"data extraction, transformation and loading tools",1
audit techniques,data models,1
audit techniques,data protection,1
audit techniques,project management,1
audit techniques,reverse engineering,1
Google Cloud Platform,archive scientific documentation,1
Google Cloud Platform,business intelligence,1
Google Cloud Platform,data engineering,1
Google Cloud Platform,data models,1
Google Cloud Platform,information architecture,1
Google Cloud Platform,integrated development environment software,1
Google Cloud Platform,manage time,1
Google Cloud Platform,plan migration to cloud,1
Google Cloud Platform,process data,1
Google Cloud Platform,radiotherapy,1
Databricks,Tableau,1
Databricks,analyse pipeline database information,1
Databricks,archive scientific documentation,1
Databricks,business intelligence,1
computer programming,document management,1
computer programming,knowledge management,1
computer programming,manage ICT data classification,1
computer programming,perform quality audits,1
business intelligence,data protection,1
business intelligence,decision support systems,1
business intelligence,develop with cloud services,1
business intelligence,document management,1
business intelligence,hardware testing methods,1
business intelligence,knowledge management,1
business intelligence,manage ICT data classification,1
business intelligence,perform quality audits,1
audit techniques,manage ICT data classification,1
audit techniques,natural gas,1
audit techniques,perform data cleansing,1
audit techniques,perform quality audits,1
data analytics,data models,1
data analytics,data protection,1
data analytics,data warehouse,1
data analytics,decision support systems,1
data analytics,develop with cloud services,1
data analytics,document management,1
data analytics,hardware testing methods,1
data analytics,knowledge management,1
data analytics,manage ICT data classification,1
data analytics,perform data cleansing,1
data analytics,perform quality audits,1
business intelligence,supervise waste disposal,1
business intelligence,track key performance indicators,1
computer programming,data protection,1
computer programming,decision support systems,1
computer programming,develop with cloud services,1
Bash,business intelligence,1
Bash,data engineering,1
Bash,data models,1
data analytics,track key performance indicators,1
"data extraction, transformation and loading tools",data protection,1
"data extraction, transformation and loading tools",decision support systems,1
"data extraction, transformation and loading tools",develop with cloud services,1
"data extraction, transformation and loading tools",document management,1
"data extraction, transformation and loading tools",hardware testing methods,1
"data extraction, transformation and loading tools",knowledge management,1
"data extraction, transformation and loading tools",manage ICT data classification,1
"data extraction, transformation and loading tools",perform data cleansing,1
"data extraction, transformation and loading tools",perform quality audits,1
computer programming,supervise waste disposal,1
computer programming,track key performance indicators,1
data analytics,"data extraction, transformation and loading tools",1
data analytics,project management,1
data analytics,risk management,1
data analytics,sing,1
data analytics,supervise waste disposal,1
Databricks,information architecture,1
Databricks,integrated development environment software,1
Databricks,manage time,1
Databricks,plan migration to cloud,1
Databricks,process data,1
Databricks,radiotherapy,1
Databricks,semiconductors,1
Databricks,solar energy,1
Google Cloud Platform,Microsoft Azure,1
Bash,Tableau,1
Bash,analyse pipeline database information,1
Bash,archive scientific documentation,1
data protection,document management,1
data protection,hardware testing methods,1
data protection,knowledge management,1
data protection,manage ICT data classification,1
data protection,natural gas,1
"data extraction, transformation and loading tools",sing,1
"data extraction, transformation and loading tools",solar energy,1
"data extraction, transformation and loading tools",supervise waste disposal,1
"data extraction, transformation and loading tools",track key performance indicators,1
data models,data protection,1
data models,decision support systems,1
data models,develop with cloud services,1
data models,document management,1
data models,knowledge management,1
data models,manage ICT data classification,1
data models,perform quality audits,1
data protection,solar energy,1
data protection,statistics,1
data protection,supervise waste disposal,1
data protection,think creatively,1
data protection,track key performance indicators,1
data warehouse,decision support systems,1
data warehouse,develop with cloud services,1
data warehouse,document management,1
data warehouse,hardware testing methods,1
data warehouse,knowledge management,1
data models,supervise waste disposal,1
data models,track key performance indicators,1
data protection,data warehouse,1
data protection,database,1
data protection,decision support systems,1
data protection,develop with cloud services,1
Apache Hadoop,process data,1
Apache Hadoop,radiotherapy,1
data warehouse,solar energy,1
data warehouse,supervise waste disposal,1
data warehouse,track key performance indicators,1
database,decision support systems,1
database,develop with cloud services,1
database,document management,1
database,hardware testing methods,1
database,knowledge management,1
data protection,perform data cleansing,1
data protection,perform quality audits,1
data protection,project management,1
data protection,reverse engineering,1
data protection,risk management,1
data protection,sing,1
data warehouse,manage ICT data classification,1
data warehouse,perform data cleansing,1
data warehouse,perform quality audits,1
Bash,information architecture,1
Bash,integrated development environment software,1
Bash,manage time,1
Bash,plan migration to cloud,1
Bash,process data,1
Bash,radiotherapy,1
Bash,semiconductors,1
Bash,solar energy,1
Databricks,Google Cloud Platform,1
Apache Hadoop,information architecture,1
Apache Hadoop,integrated development environment software,1
Apache Hadoop,manage time,1
Apache Hadoop,plan migration to cloud,1
develop with cloud services,perform quality audits,1
database,manage ICT data classification,1
database,perform data cleansing,1
database,perform quality audits,1
database,project management,1
database,risk management,1
database,supervise waste disposal,1
database,track key performance indicators,1
decision support systems,develop with cloud services,1
decision support systems,document management,1
decision support systems,hardware testing methods,1
decision support systems,knowledge management,1
decision support systems,manage ICT data classification,1
decision support systems,natural gas,1
decision support systems,perform data cleansing,1
decision support systems,perform quality audits,1
document management,project management,1
decision support systems,project management,1
decision support systems,reverse engineering,1
decision support systems,risk management,1
decision support systems,sing,1
decision support systems,solar energy,1
decision support systems,statistics,1
decision support systems,supervise waste disposal,1
decision support systems,think creatively,1
decision support systems,track key performance indicators,1
develop with cloud services,document management,1
develop with cloud services,hardware testing methods,1
develop with cloud services,knowledge management,1
develop with cloud services,manage ICT data classification,1
develop with cloud services,natural gas,1
develop with cloud services,perform data cleansing,1
hardware testing methods,risk management,1
develop with cloud services,project management,1
develop with cloud services,reverse engineering,1
develop with cloud services,risk management,1
develop with cloud services,sing,1
develop with cloud services,solar energy,1
develop with cloud services,statistics,1
develop with cloud services,supervise waste disposal,1
develop with cloud services,think creatively,1
develop with cloud services,track key performance indicators,1
document management,hardware testing methods,1
document management,knowledge management,1
document management,manage ICT data classification,1
document management,natural gas,1
document management,perform data cleansing,1
document management,perform quality audits,1
knowledge management,sing,1
knowledge management,solar energy,1
knowledge management,statistics,1
document management,reverse engineering,1
document management,risk management,1
document management,sing,1
document management,solar energy,1
document management,statistics,1
document management,supervise waste disposal,1
document management,think creatively,1
document management,track key performance indicators,1
hardware testing methods,knowledge management,1
hardware testing methods,manage ICT data classification,1
hardware testing methods,perform data cleansing,1
hardware testing methods,perform quality audits,1
hardware testing methods,reverse engineering,1
manage ICT data classification,sing,1
manage ICT data classification,solar energy,1
manage ICT data classification,statistics,1
manage ICT data classification,supervise waste disposal,1
manage ICT data classification,think creatively,1
manage ICT data classification,track key performance indicators,1
hardware testing methods,sing,1
hardware testing methods,supervise waste disposal,1
hardware testing methods,track key performance indicators,1
knowledge management,manage ICT data classification,1
knowledge management,natural gas,1
knowledge management,perform data cleansing,1
knowledge management,perform quality audits,1
knowledge management,project management,1
knowledge management,reverse engineering,1
knowledge management,risk management,1
perform data cleansing,project management,1
perform data cleansing,reverse engineering,1
perform data cleansing,risk management,1
perform data cleansing,supervise waste disposal,1
perform data cleansing,think creatively,1
perform data cleansing,track key performance indicators,1
perform quality audits,project management,1
knowledge management,supervise waste disposal,1
knowledge management,think creatively,1
knowledge management,track key performance indicators,1
manage ICT data classification,natural gas,1
manage ICT data classification,perform data cleansing,1
manage ICT data classification,perform quality audits,1
manage ICT data classification,project management,1
manage ICT data classification,reverse engineering,1
manage ICT data classification,risk management,1
perform data cleansing,perform quality audits,1
Apache Hadoop,semiconductors,1
Apache Hadoop,solar energy,1
Bash,Databricks,1
Bash,Google Cloud Platform,1
Bash,Microsoft Azure,1
Bash,Power BI,1
Bash,Python,1
Bash,R,1
Bash,SQL,1
Bash,Snowflake,1
fit low vision aids,operations management,1
integrated circuits,operations management,1
keywords in digital content,operations management,1
Apache Hadoop,Bash,1
Apache Hadoop,Databricks,1
sing,think creatively,1
sing,track key performance indicators,1
solar energy,supervise waste disposal,1
perform quality audits,reverse engineering,1
perform quality audits,risk management,1
perform quality audits,sing,1
perform quality audits,solar energy,1
perform quality audits,statistics,1
perform quality audits,supervise waste disposal,1
perform quality audits,think creatively,1
perform quality audits,track key performance indicators,1
project management,supervise waste disposal,1
project management,track key performance indicators,1
natural gas,perform quality audits,1
natural gas,supervise waste disposal,1
natural gas,track key performance indicators,1
reverse engineering,supervise waste disposal,1
reverse engineering,track key performance indicators,1
risk management,sing,1
Apache Hadoop,Microsoft Azure,1
Apache Hadoop,Snowflake,1
Apache Hadoop,analyse pipeline database information,1
Apache Hadoop,archive scientific documentation,1
Apache Hadoop,business intelligence,1
Apache Hadoop,data engineering,1
Infrastructure as a Service,operations management,1
Microsoft Project,asset management,1
Microsoft Project,ensure infrastructure accessibility,1
Microsoft Project,keywords in digital content,1
risk management,supervise waste disposal,1
risk management,track key performance indicators,1
sing,supervise waste disposal,1
solar energy,track key performance indicators,1
statistics,supervise waste disposal,1
statistics,track key performance indicators,1
supervise waste disposal,think creatively,1
supervise waste disposal,track key performance indicators,1
think creatively,track key performance indicators,1
Groovy,ICT project management methodologies,1
Groovy,Large Language Models,1
Groovy,business intelligence,1
Groovy,computer programming,1
Groovy,computer vision,1
Groovy,cyber security,1
Groovy,data analytics,1
Groovy,database,1
Groovy,develop automated software tests,1
reverse engineering,solar energy,1
ICT project management methodologies,perform software unit testing,1
ICT project management methodologies,report analysis results,1
Groovy,execute integration testing,1
Groovy,health care system,1
Groovy,liaise with quality assurance,1
Groovy,meet commitments,1
Groovy,monitor drilling fluid,1
Groovy,monitor international market performance,1
Groovy,natural gas,1
Groovy,natural language processing,1
Groovy,perform software unit testing,1
Groovy,report analysis results,1
Groovy,satisfy technical requirements,1
Groovy,statistics,1
Groovy,supervision of persons,1
Groovy,types of tidal stream generators,1
Large Language Models,execute integration testing,1
Large Language Models,health care system,1
Large Language Models,human-robot collaboration,1
Large Language Models,liaise with quality assurance,1
Large Language Models,meet commitments,1
Groovy,utilise computer-aided software engineering tools,1
ICT project management methodologies,Large Language Models,1
ICT project management methodologies,computer vision,1
ICT project management methodologies,cyber security,1
ICT project management methodologies,develop automated software tests,1
ICT project management methodologies,health care system,1
ICT project management methodologies,human-robot collaboration,1
ICT project management methodologies,meet commitments,1
ICT project management methodologies,monitor drilling fluid,1
ICT project management methodologies,monitor international market performance,1
ICT project management methodologies,natural language processing,1
Large Language Models,types of tidal stream generators,1
Large Language Models,utilise computer-aided software engineering tools,1
Scala,cyber security,1
Scala,develop automated software tests,1
Scala,execute integration testing,1
ICT project management methodologies,satisfy technical requirements,1
ICT project management methodologies,supervision of persons,1
ICT project management methodologies,utilise computer-aided software engineering tools,1
Large Language Models,Scala,1
Large Language Models,business intelligence,1
Large Language Models,computer programming,1
Large Language Models,computer vision,1
Large Language Models,cyber security,1
Large Language Models,data analytics,1
Large Language Models,database,1
Large Language Models,develop automated software tests,1
Scala,perform software unit testing,1
Scala,report analysis results,1
Scala,satisfy technical requirements,1
Scala,utilise computer-aided software engineering tools,1
business intelligence,computer vision,1
business intelligence,cyber security,1
business intelligence,develop automated software tests,1
Large Language Models,monitor drilling fluid,1
Large Language Models,monitor international market performance,1
Large Language Models,natural gas,1
Large Language Models,perform software unit testing,1
Large Language Models,principles of artificial intelligence,1
Large Language Models,report analysis results,1
Large Language Models,satisfy technical requirements,1
Large Language Models,statistics,1
Large Language Models,supervision of persons,1
Scala,monitor international market performance,1
Microsoft Project,operations management,1
asset management,ensure infrastructure accessibility,1
asset management,fit low vision aids,1
asset management,keywords in digital content,1
asset management,operations management,1
ensure infrastructure accessibility,fit low vision aids,1
ensure infrastructure accessibility,integrated circuits,1
ensure infrastructure accessibility,keywords in digital content,1
ensure infrastructure accessibility,operations management,1
Configuration Management Database,keywords in digital content,1
Configuration Management Database,operations management,1
DevOps,Infrastructure as a Service,1
DevOps,Microsoft Project,1
DevOps,asset management,1
DevOps,ensure infrastructure accessibility,1
business intelligence,execute integration testing,1
business intelligence,health care system,1
business intelligence,human-robot collaboration,1
business intelligence,liaise with quality assurance,1
business intelligence,meet commitments,1
business intelligence,monitor drilling fluid,1
business intelligence,monitor international market performance,1
business intelligence,perform software unit testing,1
business intelligence,principles of artificial intelligence,1
business intelligence,satisfy technical requirements,1
business intelligence,utilise computer-aided software engineering tools,1
computer programming,cyber security,1
Scala,health care system,1
Scala,liaise with quality assurance,1
Scala,meet commitments,1
Scala,monitor drilling fluid,1
computer vision,supervision of persons,1
computer vision,types of tidal stream generators,1
computer vision,utilise computer-aided software engineering tools,1
computer programming,develop automated software tests,1
computer programming,execute integration testing,1
computer programming,health care system,1
computer programming,human-robot collaboration,1
computer programming,meet commitments,1
computer programming,monitor drilling fluid,1
computer programming,monitor international market performance,1
computer programming,report analysis results,1
computer programming,satisfy technical requirements,1
computer programming,utilise computer-aided software engineering tools,1
computer vision,cyber security,1
computer vision,data analytics,1
computer vision,develop automated software tests,1
cyber security,principles of artificial intelligence,1
cyber security,report analysis results,1
cyber security,satisfy technical requirements,1
computer vision,execute integration testing,1
computer vision,health care system,1
computer vision,human-robot collaboration,1
computer vision,liaise with quality assurance,1
computer vision,meet commitments,1
computer vision,monitor drilling fluid,1
computer vision,monitor international market performance,1
computer vision,natural gas,1
computer vision,perform software unit testing,1
computer vision,principles of artificial intelligence,1
computer vision,report analysis results,1
computer vision,satisfy technical requirements,1
computer vision,statistics,1
data analytics,perform software unit testing,1
data analytics,principles of artificial intelligence,1
data analytics,report analysis results,1
cyber security,data analytics,1
cyber security,database,1
cyber security,develop automated software tests,1
cyber security,execute integration testing,1
cyber security,health care system,1
cyber security,human-robot collaboration,1
cyber security,liaise with quality assurance,1
cyber security,meet commitments,1
cyber security,monitor drilling fluid,1
cyber security,monitor international market performance,1
cyber security,natural gas,1
cyber security,natural language processing,1
cyber security,perform software unit testing,1
database,perform software unit testing,1
database,report analysis results,1
database,satisfy technical requirements,1
cyber security,statistics,1
cyber security,supervision of persons,1
cyber security,types of tidal stream generators,1
cyber security,utilise computer-aided software engineering tools,1
data analytics,develop automated software tests,1
data analytics,execute integration testing,1
data analytics,health care system,1
data analytics,human-robot collaboration,1
data analytics,liaise with quality assurance,1
data analytics,meet commitments,1
data analytics,monitor drilling fluid,1
data analytics,monitor international market performance,1
data analytics,natural language processing,1
develop automated software tests,natural language processing,1
develop automated software tests,perform software unit testing,1
develop automated software tests,principles of artificial intelligence,1
develop automated software tests,report analysis results,1
develop automated software tests,satisfy technical requirements,1
develop automated software tests,statistics,1
data analytics,satisfy technical requirements,1
data analytics,utilise computer-aided software engineering tools,1
database,develop automated software tests,1
database,execute integration testing,1
database,health care system,1
database,human-robot collaboration,1
database,liaise with quality assurance,1
database,meet commitments,1
database,monitor drilling fluid,1
database,monitor international market performance,1
execute integration testing,natural gas,1
execute integration testing,natural language processing,1
execute integration testing,principles of artificial intelligence,1
execute integration testing,report analysis results,1
execute integration testing,satisfy technical requirements,1
execute integration testing,statistics,1
database,types of tidal stream generators,1
database,utilise computer-aided software engineering tools,1
develop automated software tests,execute integration testing,1
develop automated software tests,health care system,1
develop automated software tests,human-robot collaboration,1
develop automated software tests,liaise with quality assurance,1
develop automated software tests,meet commitments,1
develop automated software tests,monitor drilling fluid,1
develop automated software tests,monitor international market performance,1
develop automated software tests,natural gas,1
health care system,natural language processing,1
health care system,perform software unit testing,1
health care system,principles of artificial intelligence,1
health care system,report analysis results,1
health care system,satisfy technical requirements,1
health care system,statistics,1
health care system,supervision of persons,1
develop automated software tests,supervision of persons,1
develop automated software tests,types of tidal stream generators,1
develop automated software tests,utilise computer-aided software engineering tools,1
execute integration testing,health care system,1
execute integration testing,human-robot collaboration,1
execute integration testing,liaise with quality assurance,1
execute integration testing,meet commitments,1
execute integration testing,monitor drilling fluid,1
execute integration testing,monitor international market performance,1
human-robot collaboration,perform software unit testing,1
human-robot collaboration,report analysis results,1
human-robot collaboration,satisfy technical requirements,1
human-robot collaboration,types of tidal stream generators,1
human-robot collaboration,utilise computer-aided software engineering tools,1
liaise with quality assurance,meet commitments,1
liaise with quality assurance,monitor drilling fluid,1
execute integration testing,supervision of persons,1
execute integration testing,types of tidal stream generators,1
execute integration testing,utilise computer-aided software engineering tools,1
health care system,human-robot collaboration,1
health care system,liaise with quality assurance,1
health care system,meet commitments,1
health care system,monitor drilling fluid,1
health care system,monitor international market performance,1
health care system,natural gas,1
liaise with quality assurance,statistics,1
liaise with quality assurance,supervision of persons,1
liaise with quality assurance,utilise computer-aided software engineering tools,1
meet commitments,monitor drilling fluid,1
meet commitments,monitor international market performance,1
meet commitments,natural gas,1
meet commitments,natural language processing,1
meet commitments,perform software unit testing,1
health care system,types of tidal stream generators,1
health care system,utilise computer-aided software engineering tools,1
human-robot collaboration,liaise with quality assurance,1
human-robot collaboration,meet commitments,1
human-robot collaboration,monitor drilling fluid,1
human-robot collaboration,monitor international market performance,1
human-robot collaboration,natural gas,1
human-robot collaboration,natural language processing,1
meet commitments,utilise computer-aided software engineering tools,1
monitor drilling fluid,monitor international market performance,1
monitor drilling fluid,natural gas,1
monitor drilling fluid,natural language processing,1
monitor drilling fluid,perform software unit testing,1
monitor drilling fluid,principles of artificial intelligence,1
monitor drilling fluid,report analysis results,1
monitor drilling fluid,satisfy technical requirements,1
monitor drilling fluid,statistics,1
monitor drilling fluid,supervision of persons,1
liaise with quality assurance,monitor international market performance,1
liaise with quality assurance,natural language processing,1
liaise with quality assurance,perform software unit testing,1
liaise with quality assurance,principles of artificial intelligence,1
liaise with quality assurance,report analysis results,1
liaise with quality assurance,satisfy technical requirements,1
meet commitments,report analysis results,1
meet commitments,satisfy technical requirements,1
meet commitments,statistics,1
meet commitments,supervision of persons,1
meet commitments,types of tidal stream generators,1
DevOps,fit low vision aids,1
DevOps,keywords in digital content,1
DevOps,operations management,1
Infrastructure as a Service,Microsoft Project,1
Infrastructure as a Service,asset management,1
Infrastructure as a Service,ensure infrastructure accessibility,1
Infrastructure as a Service,fit low vision aids,1
Infrastructure as a Service,integrated circuits,1
Infrastructure as a Service,keywords in digital content,1
negotiate supplier arrangements,use presentation software,1
Power BI,use microsoft office,1
principles of artificial intelligence,satisfy technical requirements,1
monitor drilling fluid,types of tidal stream generators,1
monitor drilling fluid,utilise computer-aided software engineering tools,1
monitor international market performance,natural gas,1
monitor international market performance,natural language processing,1
monitor international market performance,perform software unit testing,1
monitor international market performance,principles of artificial intelligence,1
monitor international market performance,report analysis results,1
monitor international market performance,satisfy technical requirements,1
monitor international market performance,statistics,1
monitor international market performance,supervision of persons,1
monitor international market performance,types of tidal stream generators,1
monitor international market performance,utilise computer-aided software engineering tools,1
natural gas,report analysis results,1
natural gas,satisfy technical requirements,1
meet commitments,principles of artificial intelligence,1
statistics,utilise computer-aided software engineering tools,1
supervision of persons,utilise computer-aided software engineering tools,1
types of tidal stream generators,utilise computer-aided software engineering tools,1
natural gas,utilise computer-aided software engineering tools,1
natural language processing,perform software unit testing,1
natural language processing,report analysis results,1
natural language processing,satisfy technical requirements,1
natural language processing,supervision of persons,1
natural language processing,utilise computer-aided software engineering tools,1
perform software unit testing,principles of artificial intelligence,1
perform software unit testing,report analysis results,1
perform software unit testing,satisfy technical requirements,1
perform software unit testing,supervision of persons,1
perform software unit testing,types of tidal stream generators,1
perform software unit testing,utilise computer-aided software engineering tools,1
principles of artificial intelligence,report analysis results,1
fit low vision aids,maintain statutory books,1
analyse pipeline database information,talent management strategies,1
data models,root cause analysis,1
data models,talent management strategies,1
data visualisation software,lead process optimisation,1
data visualisation software,root cause analysis,1
principles of artificial intelligence,supervision of persons,1
principles of artificial intelligence,utilise computer-aided software engineering tools,1
report analysis results,satisfy technical requirements,1
report analysis results,supervision of persons,1
report analysis results,types of tidal stream generators,1
report analysis results,utilise computer-aided software engineering tools,1
satisfy technical requirements,statistics,1
satisfy technical requirements,supervision of persons,1
satisfy technical requirements,types of tidal stream generators,1
satisfy technical requirements,utilise computer-aided software engineering tools,1
root cause analysis,talent management strategies,1
analyse pipeline database information,lead process optimisation,1
analyse pipeline database information,root cause analysis,1
SAS,use microsoft office,1
SQL,use microsoft office,1
Tableau,use microsoft office,1
Configuration Management Database,DevOps,1
Configuration Management Database,Infrastructure as a Service,1
Configuration Management Database,Microsoft Project,1
Configuration Management Database,asset management,1
Configuration Management Database,ensure infrastructure accessibility,1
Configuration Management Database,fit low vision aids,1
Configuration Management Database,integrated circuits,1
economics,maintain statutory books,1
economics,negotiate supplier arrangements,1
economics,use presentation software,1
keywords in digital content,negotiate supplier arrangements,1
maintain statutory books,negotiate supplier arrangements,1
maintain statutory books,use presentation software,1
database management systems,fit low vision aids,1
database management systems,integrated circuits,1
database management systems,keywords in digital content,1
database management systems,maintain statutory books,1
database management systems,negotiate supplier arrangements,1
database management systems,use presentation software,1
lead process optimisation,supervision of persons,1
lead process optimisation,talent management strategies,1
natural gas,root cause analysis,1
natural gas,talent management strategies,1
root cause analysis,semiconductors,1
root cause analysis,solve problems,1
root cause analysis,supervision of persons,1
Data Lineage,solve problems,1
Data Lineage,troubleshoot,1
Data Lineage,web analytics,1
Pentaho Data Integration,analyse pipeline database information,1
solve problems,talent management strategies,1
Data Governance,Pentaho Data Integration,1
Data Governance,information architecture,1
Data Governance,public relations,1
Data Governance,troubleshoot,1
lead process optimisation,root cause analysis,1
lead process optimisation,semiconductors,1
lead process optimisation,solve problems,1
fit low vision aids,negotiate supplier arrangements,1
integrated circuits,maintain statutory books,1
integrated circuits,negotiate supplier arrangements,1
keywords in digital content,maintain statutory books,1
Pentaho Data Integration,natural gas,1
Pentaho Data Integration,perform data cleansing,1
Pentaho Data Integration,public relations,1
Pentaho Data Integration,semiconductors,1
Pentaho Data Integration,sing,1
Pentaho Data Integration,solve problems,1
Pentaho Data Integration,troubleshoot,1
Pentaho Data Integration,web analytics,1
Data Governance,web analytics,1
Data Lineage,Pentaho Data Integration,1
Data Lineage,analyse pipeline database information,1
Data Lineage,data mining,1
Data Lineage,define data quality criteria,1
Data Lineage,information architecture,1
Data Lineage,public relations,1
Data Lineage,semiconductors,1
Pentaho Data Integration,define data quality criteria,1
e-procurement,economics,1
e-procurement,fit low vision aids,1
e-procurement,integrated circuits,1
e-procurement,keywords in digital content,1
e-procurement,maintain statutory books,1
e-procurement,negotiate supplier arrangements,1
e-procurement,use presentation software,1
economics,fit low vision aids,1
economics,integrated circuits,1
economics,keywords in digital content,1
Microsoft SharePoint,keywords in digital content,1
Microsoft SharePoint,maintain statutory books,1
Microsoft SharePoint,negotiate supplier arrangements,1
Microsoft SharePoint,use presentation software,1
accounting,database management systems,1
Microsoft Excel,e-procurement,1
computer programming,web analytics,1
data mining,information architecture,1
data mining,perform data cleansing,1
data mining,public relations,1
data mining,sing,1
data mining,solve problems,1
data mining,troubleshoot,1
analyse pipeline database information,perform data cleansing,1
analyse pipeline database information,public relations,1
analyse pipeline database information,troubleshoot,1
analyse pipeline database information,web analytics,1
business intelligence,public relations,1
business intelligence,troubleshoot,1
Pentaho Data Integration,data mining,1
Pentaho Data Integration,data visualisation software,1
data visualisation software,public relations,1
data visualisation software,troubleshoot,1
define data quality criteria,perform data cleansing,1
computer programming,public relations,1
accounting,e-procurement,1
accounting,economics,1
accounting,fit low vision aids,1
accounting,keywords in digital content,1
accounting,maintain statutory books,1
accounting,negotiate supplier arrangements,1
accounting,use presentation software,1
database management systems,e-procurement,1
database management systems,economics,1
Jira,negotiate supplier arrangements,1
Jira,use presentation software,1
Microsoft Excel,database management systems,1
data models,troubleshoot,1
data models,web analytics,1
Microsoft Excel,economics,1
Microsoft Excel,maintain statutory books,1
Microsoft Excel,negotiate supplier arrangements,1
Microsoft SharePoint,accounting,1
Microsoft SharePoint,database management systems,1
Microsoft SharePoint,e-procurement,1
Microsoft SharePoint,economics,1
Microsoft SharePoint,fit low vision aids,1
Bloomberg,international carriage of dangerous goods by road,1
Microsoft Excel,international carriage of dangerous goods by road,1
SQL,international carriage of dangerous goods by road,1
business intelligence,international carriage of dangerous goods by road,1
data visualisation software,information architecture,1
data visualisation software,perform data cleansing,1
perform data cleansing,troubleshoot,1
perform data cleansing,use computer telephony integration,1
perform data cleansing,web analytics,1
public relations,radiotherapy,1
public relations,semiconductors,1
public relations,sing,1
public relations,troubleshoot,1
define data quality criteria,public relations,1
define data quality criteria,troubleshoot,1
define data quality criteria,web analytics,1
information architecture,perform data cleansing,1
information architecture,public relations,1
information architecture,sing,1
information architecture,solve problems,1
information architecture,troubleshoot,1
data models,public relations,1
Jira,Microsoft SharePoint,1
Jira,accounting,1
Jira,database management systems,1
Jira,e-procurement,1
Jira,economics,1
Jira,fit low vision aids,1
Jira,keywords in digital content,1
Jira,maintain statutory books,1
Microsoft Excel,customer relationship management,1
Microsoft Excel,design the physical outlook of games,1
Microsoft Excel,manage athletes,1
customer relationship management,design the physical outlook of games,1
customer relationship management,interpreting modes,1
customer relationship management,keywords in digital content,1
perform data cleansing,semiconductors,1
perform data cleansing,solve problems,1
Christianity,manage system testing,1
Christianity,morality,1
Christianity,natural gas,1
Christianity,perform contract reporting and evaluation,1
public relations,web analytics,1
radiotherapy,troubleshoot,1
semiconductors,sing,1
sing,troubleshoot,1
sing,web analytics,1
solve problems,troubleshoot,1
solve problems,web analytics,1
troubleshoot,web analytics,1
information architecture,web analytics,1
perform data cleansing,public relations,1
perform data cleansing,radiotherapy,1
Jira,Microsoft Excel,1
advise on eligibility of expenditures,"data extraction, transformation and loading tools",1
advise on eligibility of expenditures,data mining,1
advise on eligibility of expenditures,data visualisation software,1
advise on eligibility of expenditures,identify process improvements,1
use computer telephony integration,web analytics,1
Christianity,advise on eligibility of expenditures,1
Christianity,audit contractors,1
Christianity,business intelligence,1
Christianity,computer technology,1
Christianity,control compliance of railway vehicles regulations,1
Christianity,"data extraction, transformation and loading tools",1
Christianity,data mining,1
Christianity,data visualisation software,1
Christianity,identify process improvements,1
Christianity,internal auditing,1
Christianity,launch lifeboats,1
advise on eligibility of expenditures,undertake employee screening,1
advise on eligibility of expenditures,web analytics,1
audit contractors,business intelligence,1
audit contractors,computer technology,1
Christianity,perform drug investigations,1
Christianity,plan rig operations,1
Christianity,project management,1
Christianity,radiotherapy,1
Christianity,semiconductors,1
Christianity,statistics,1
Christianity,undertake employee screening,1
Christianity,web analytics,1
advise on eligibility of expenditures,audit contractors,1
advise on eligibility of expenditures,business intelligence,1
advise on eligibility of expenditures,computer technology,1
advise on eligibility of expenditures,control compliance of railway vehicles regulations,1
audit contractors,plan rig operations,1
audit contractors,project management,1
audit contractors,radiotherapy,1
audit contractors,semiconductors,1
advise on eligibility of expenditures,internal auditing,1
advise on eligibility of expenditures,launch lifeboats,1
advise on eligibility of expenditures,manage system testing,1
advise on eligibility of expenditures,morality,1
advise on eligibility of expenditures,natural gas,1
advise on eligibility of expenditures,perform contract reporting and evaluation,1
advise on eligibility of expenditures,perform drug investigations,1
advise on eligibility of expenditures,plan rig operations,1
advise on eligibility of expenditures,project management,1
advise on eligibility of expenditures,radiotherapy,1
advise on eligibility of expenditures,semiconductors,1
advise on eligibility of expenditures,statistics,1
business intelligence,plan rig operations,1
business intelligence,undertake employee screening,1
computer technology,control compliance of railway vehicles regulations,1
computer technology,"data extraction, transformation and loading tools",1
audit contractors,control compliance of railway vehicles regulations,1
audit contractors,"data extraction, transformation and loading tools",1
audit contractors,data mining,1
audit contractors,data visualisation software,1
audit contractors,identify process improvements,1
audit contractors,internal auditing,1
audit contractors,launch lifeboats,1
audit contractors,manage system testing,1
audit contractors,morality,1
audit contractors,natural gas,1
audit contractors,perform contract reporting and evaluation,1
audit contractors,perform drug investigations,1
computer technology,plan rig operations,1
computer technology,project management,1
computer technology,radiotherapy,1
computer technology,semiconductors,1
computer technology,undertake employee screening,1
computer technology,web analytics,1
audit contractors,statistics,1
audit contractors,undertake employee screening,1
audit contractors,web analytics,1
business intelligence,control compliance of railway vehicles regulations,1
business intelligence,identify process improvements,1
business intelligence,internal auditing,1
business intelligence,launch lifeboats,1
business intelligence,manage system testing,1
business intelligence,morality,1
business intelligence,perform drug investigations,1
control compliance of railway vehicles regulations,manage system testing,1
control compliance of railway vehicles regulations,morality,1
control compliance of railway vehicles regulations,perform contract reporting and evaluation,1
control compliance of railway vehicles regulations,perform drug investigations,1
control compliance of railway vehicles regulations,plan rig operations,1
control compliance of railway vehicles regulations,radiotherapy,1
control compliance of railway vehicles regulations,statistics,1
computer technology,data mining,1
computer technology,identify process improvements,1
computer technology,internal auditing,1
computer technology,launch lifeboats,1
computer technology,manage system testing,1
computer technology,morality,1
computer technology,natural gas,1
computer technology,perform contract reporting and evaluation,1
computer technology,perform drug investigations,1
Configure Price Quote,manage athletes,1
JavaScript,Microsoft Access,1
JavaScript,customer relationship management,1
"data extraction, transformation and loading tools",launch lifeboats,1
"data extraction, transformation and loading tools",manage system testing,1
"data extraction, transformation and loading tools",morality,1
"data extraction, transformation and loading tools",perform drug investigations,1
"data extraction, transformation and loading tools",plan rig operations,1
"data extraction, transformation and loading tools",radiotherapy,1
"data extraction, transformation and loading tools",undertake employee screening,1
"data extraction, transformation and loading tools",web analytics,1
control compliance of railway vehicles regulations,"data extraction, transformation and loading tools",1
control compliance of railway vehicles regulations,data mining,1
control compliance of railway vehicles regulations,data visualisation software,1
control compliance of railway vehicles regulations,internal auditing,1
control compliance of railway vehicles regulations,launch lifeboats,1
control compliance of railway vehicles regulations,undertake employee screening,1
control compliance of railway vehicles regulations,web analytics,1
"data extraction, transformation and loading tools",identify process improvements,1
"data extraction, transformation and loading tools",internal auditing,1
customer relationship management,manage athletes,1
design the physical outlook of games,interpreting modes,1
design the physical outlook of games,keywords in digital content,1
design the physical outlook of games,manage athletes,1
interpreting modes,keywords in digital content,1
interpreting modes,manage athletes,1
keywords in digital content,manage athletes,1
Bloomberg,Microsoft Excel,1
Bloomberg,SQL,1
Bloomberg,business intelligence,1
Configure Price Quote,interpreting modes,1
Configure Price Quote,keywords in digital content,1
identify process improvements,undertake employee screening,1
identify process improvements,web analytics,1
internal auditing,launch lifeboats,1
internal auditing,manage system testing,1
internal auditing,morality,1
data mining,internal auditing,1
data mining,launch lifeboats,1
data mining,manage system testing,1
data mining,morality,1
data mining,perform drug investigations,1
data mining,plan rig operations,1
data mining,undertake employee screening,1
data visualisation software,internal auditing,1
data visualisation software,launch lifeboats,1
data visualisation software,manage system testing,1
data visualisation software,morality,1
internal auditing,web analytics,1
launch lifeboats,manage system testing,1
launch lifeboats,morality,1
launch lifeboats,natural gas,1
launch lifeboats,perform contract reporting and evaluation,1
launch lifeboats,perform drug investigations,1
launch lifeboats,plan rig operations,1
data visualisation software,perform drug investigations,1
data visualisation software,plan rig operations,1
data visualisation software,undertake employee screening,1
identify process improvements,internal auditing,1
identify process improvements,launch lifeboats,1
identify process improvements,manage system testing,1
identify process improvements,perform contract reporting and evaluation,1
identify process improvements,perform drug investigations,1
identify process improvements,plan rig operations,1
internal auditing,plan rig operations,1
internal auditing,project management,1
internal auditing,radiotherapy,1
JavaScript,design the physical outlook of games,1
JavaScript,interpreting modes,1
JavaScript,keywords in digital content,1
Microsoft Access,customer relationship management,1
Microsoft Access,design the physical outlook of games,1
Microsoft Access,interpreting modes,1
Microsoft Access,keywords in digital content,1
Microsoft Access,manage athletes,1
Snowflake,glue film reels,1
database,glue film reels,1
internal auditing,semiconductors,1
internal auditing,statistics,1
internal auditing,undertake employee screening,1
launch lifeboats,project management,1
launch lifeboats,radiotherapy,1
launch lifeboats,semiconductors,1
launch lifeboats,statistics,1
launch lifeboats,undertake employee screening,1
launch lifeboats,web analytics,1
manage system testing,morality,1
manage system testing,perform contract reporting and evaluation,1
manage system testing,perform drug investigations,1
manage system testing,plan rig operations,1
manage system testing,radiotherapy,1
manage system testing,semiconductors,1
manage system testing,undertake employee screening,1
internal auditing,natural gas,1
internal auditing,perform contract reporting and evaluation,1
internal auditing,perform drug investigations,1
plan rig operations,statistics,1
manage system testing,web analytics,1
morality,natural gas,1
morality,perform contract reporting and evaluation,1
morality,perform drug investigations,1
morality,plan rig operations,1
morality,radiotherapy,1
morality,semiconductors,1
morality,undertake employee screening,1
morality,web analytics,1
natural gas,perform contract reporting and evaluation,1
natural gas,perform drug investigations,1
natural gas,plan rig operations,1
natural gas,undertake employee screening,1
perform contract reporting and evaluation,perform drug investigations,1
perform contract reporting and evaluation,plan rig operations,1
R,manage software releases,1
R,market analysis,1
perform contract reporting and evaluation,radiotherapy,1
perform contract reporting and evaluation,semiconductors,1
perform contract reporting and evaluation,undertake employee screening,1
perform contract reporting and evaluation,web analytics,1
perform drug investigations,plan rig operations,1
perform drug investigations,project management,1
perform drug investigations,radiotherapy,1
perform drug investigations,semiconductors,1
perform drug investigations,statistics,1
perform drug investigations,undertake employee screening,1
perform drug investigations,web analytics,1
plan rig operations,project management,1
plan rig operations,radiotherapy,1
plan rig operations,semiconductors,1
conduct training on monitoring and evaluation frameworks,radiotherapy,1
conduct training on monitoring and evaluation frameworks,trade future commodities,1
energy market,maintain pricing database,1
energy market,manage software releases,1
plan rig operations,undertake employee screening,1
plan rig operations,web analytics,1
project management,undertake employee screening,1
project management,web analytics,1
radiotherapy,undertake employee screening,1
semiconductors,undertake employee screening,1
statistics,undertake employee screening,1
undertake employee screening,web analytics,1
R,apply change management,1
R,conduct training on monitoring and evaluation frameworks,1
R,energy market,1
R,maintain pricing database,1
market analysis,trade future commodities,1
radiotherapy,trade future commodities,1
Financial Modeling,Pentaho Data Integration,1
Financial Modeling,assess your competences for artistic coaching,1
R,trade future commodities,1
apply change management,conduct training on monitoring and evaluation frameworks,1
apply change management,energy market,1
apply change management,maintain pricing database,1
apply change management,manage software releases,1
apply change management,market analysis,1
apply change management,radiotherapy,1
apply change management,trade future commodities,1
conduct training on monitoring and evaluation frameworks,energy market,1
conduct training on monitoring and evaluation frameworks,maintain pricing database,1
conduct training on monitoring and evaluation frameworks,manage software releases,1
conduct training on monitoring and evaluation frameworks,market analysis,1
Financial Modeling,identify processes for re-engineering,1
Financial Modeling,information architecture,1
Financial Modeling,interact with users to gather requirements,1
Financial Modeling,keep up with digital transformation of industrial processes,1
Financial Modeling,learning management systems,1
energy market,market analysis,1
energy market,radiotherapy,1
energy market,trade future commodities,1
maintain pricing database,manage software releases,1
maintain pricing database,market analysis,1
maintain pricing database,radiotherapy,1
maintain pricing database,trade future commodities,1
manage software releases,market analysis,1
manage software releases,radiotherapy,1
manage software releases,trade future commodities,1
market analysis,radiotherapy,1
Pentaho Data Integration,business strategy concepts,1
Pentaho Data Integration,computer technology,1
Pentaho Data Integration,define software architecture,1
Pentaho Data Integration,demonstrate leadership in social service cases,1
Pentaho Data Integration,design enterprise architecture,1
Financial Modeling,business intelligence,1
Financial Modeling,business strategy concepts,1
Financial Modeling,computer programming,1
Financial Modeling,computer technology,1
Financial Modeling,data models,1
Financial Modeling,define software architecture,1
Financial Modeling,demonstrate leadership in social service cases,1
Financial Modeling,design enterprise architecture,1
Financial Modeling,develop business case,1
Financial Modeling,documentation types,1
Financial Modeling,engage with stakeholders,1
Pentaho Data Integration,pricing strategies,1
Pentaho Data Integration,risk management,1
Pentaho Data Integration,sales department processes,1
Pentaho Data Integration,social development,1
Pentaho Data Integration,supervision of persons,1
Pentaho Data Integration,types of tidal stream generators,1
Financial Modeling,manage agricultural staff,1
Financial Modeling,manage drilling team,1
Financial Modeling,pricing strategies,1
Financial Modeling,risk management,1
Financial Modeling,sales department processes,1
Financial Modeling,social development,1
Financial Modeling,supervision of persons,1
Financial Modeling,types of tidal stream generators,1
Financial Modeling,use computer telephony integration,1
Pentaho Data Integration,assess your competences for artistic coaching,1
assess your competences for artistic coaching,information architecture,1
assess your competences for artistic coaching,keep up with digital transformation of industrial processes,1
assess your competences for artistic coaching,learning management systems,1
assess your competences for artistic coaching,manage agricultural staff,1
assess your competences for artistic coaching,manage drilling team,1
assess your competences for artistic coaching,pricing strategies,1
assess your competences for artistic coaching,risk management,1
Pentaho Data Integration,develop business case,1
Pentaho Data Integration,documentation types,1
Pentaho Data Integration,engage with stakeholders,1
Pentaho Data Integration,identify processes for re-engineering,1
Pentaho Data Integration,interact with users to gather requirements,1
Pentaho Data Integration,keep up with digital transformation of industrial processes,1
Pentaho Data Integration,learning management systems,1
Pentaho Data Integration,manage agricultural staff,1
Pentaho Data Integration,manage drilling team,1
assess your competences for artistic coaching,data models,1
assess your competences for artistic coaching,define software architecture,1
assess your competences for artistic coaching,design enterprise architecture,1
Configure Price Quote,JavaScript,1
Configure Price Quote,Microsoft Access,1
Configure Price Quote,Microsoft Excel,1
Configure Price Quote,customer relationship management,1
Configure Price Quote,design the physical outlook of games,1
Amazon S3,integrated circuits,1
MuleSoft,R,1
MuleSoft,Salesforce,1
MuleSoft,Snowflake,1
MuleSoft,database,1
assess your competences for artistic coaching,develop business case,1
assess your competences for artistic coaching,documentation types,1
assess your competences for artistic coaching,identify processes for re-engineering,1
business intelligence,manage agricultural staff,1
assess your competences for artistic coaching,sales department processes,1
assess your competences for artistic coaching,social development,1
assess your competences for artistic coaching,types of tidal stream generators,1
assess your competences for artistic coaching,use computer telephony integration,1
business analysis,business strategy concepts,1
business analysis,define software architecture,1
business analysis,design enterprise architecture,1
business analysis,identify processes for re-engineering,1
business analysis,information architecture,1
business analysis,keep up with digital transformation of industrial processes,1
business analysis,manage agricultural staff,1
business analysis,manage drilling team,1
assess your competences for artistic coaching,business strategy concepts,1
assess your competences for artistic coaching,computer programming,1
assess your competences for artistic coaching,computer technology,1
business strategy concepts,design enterprise architecture,1
business strategy concepts,develop business case,1
business strategy concepts,documentation types,1
business strategy concepts,engage with stakeholders,1
business strategy concepts,identify processes for re-engineering,1
business strategy concepts,information architecture,1
business strategy concepts,interact with users to gather requirements,1
business analysis,sales department processes,1
business intelligence,business strategy concepts,1
business intelligence,define software architecture,1
business intelligence,design enterprise architecture,1
business intelligence,develop business case,1
business intelligence,documentation types,1
business intelligence,identify processes for re-engineering,1
business intelligence,interact with users to gather requirements,1
business intelligence,keep up with digital transformation of industrial processes,1
business strategy concepts,social development,1
business strategy concepts,statistics,1
business strategy concepts,supervision of persons,1
business strategy concepts,types of tidal stream generators,1
business strategy concepts,use computer telephony integration,1
computer programming,define software architecture,1
computer programming,design enterprise architecture,1
computer programming,develop business case,1
business intelligence,manage drilling team,1
business intelligence,sales department processes,1
business intelligence,social development,1
business strategy concepts,computer programming,1
business strategy concepts,computer technology,1
business strategy concepts,data models,1
business strategy concepts,define software architecture,1
business strategy concepts,demonstrate leadership in social service cases,1
computer programming,sales department processes,1
computer programming,social development,1
computer technology,define software architecture,1
computer technology,demonstrate leadership in social service cases,1
computer technology,design enterprise architecture,1
computer technology,develop business case,1
computer technology,documentation types,1
computer technology,engage with stakeholders,1
computer technology,identify processes for re-engineering,1
business strategy concepts,keep up with digital transformation of industrial processes,1
business strategy concepts,learning management systems,1
business strategy concepts,manage agricultural staff,1
business strategy concepts,manage drilling team,1
business strategy concepts,pricing strategies,1
business strategy concepts,risk management,1
business strategy concepts,sales department processes,1
computer programming,engage with stakeholders,1
computer programming,identify processes for re-engineering,1
computer programming,keep up with digital transformation of industrial processes,1
computer programming,manage agricultural staff,1
computer programming,manage drilling team,1
MuleSoft,glue film reels,1
MuleSoft,integrated circuits,1
R,Salesforce,1
Salesforce,Snowflake,1
Salesforce,database,1
Salesforce,glue film reels,1
Salesforce,integrated circuits,1
Snowflake,database,1
natural gas,normalise data,1
normalise data,sing,1
normalise data,statistics,1
computer technology,information architecture,1
computer technology,keep up with digital transformation of industrial processes,1
computer technology,learning management systems,1
computer technology,manage agricultural staff,1
computer technology,manage drilling team,1
computer technology,pricing strategies,1
computer technology,risk management,1
computer technology,sales department processes,1
computer technology,social development,1
computer technology,supervision of persons,1
computer technology,types of tidal stream generators,1
computer technology,use computer telephony integration,1
data models,define software architecture,1
data models,design enterprise architecture,1
data models,develop business case,1
computer programming,documentation types,1
define software architecture,types of tidal stream generators,1
define software architecture,use computer telephony integration,1
demonstrate leadership in social service cases,design enterprise architecture,1
data models,documentation types,1
data models,identify processes for re-engineering,1
data models,keep up with digital transformation of industrial processes,1
data models,manage agricultural staff,1
data models,manage drilling team,1
data models,sales department processes,1
data models,social development,1
data models,types of tidal stream generators,1
define software architecture,demonstrate leadership in social service cases,1
define software architecture,design enterprise architecture,1
define software architecture,develop business case,1
define software architecture,documentation types,1
define software architecture,engage with stakeholders,1
design enterprise architecture,develop business case,1
design enterprise architecture,documentation types,1
design enterprise architecture,engage with stakeholders,1
define software architecture,identify processes for re-engineering,1
define software architecture,information architecture,1
define software architecture,interact with users to gather requirements,1
define software architecture,keep up with digital transformation of industrial processes,1
define software architecture,learning management systems,1
define software architecture,manage agricultural staff,1
define software architecture,manage drilling team,1
define software architecture,pricing strategies,1
define software architecture,risk management,1
define software architecture,sales department processes,1
define software architecture,social development,1
define software architecture,statistics,1
define software architecture,supervision of persons,1
design enterprise architecture,sales department processes,1
design enterprise architecture,social development,1
design enterprise architecture,statistics,1
design enterprise architecture,supervision of persons,1
design enterprise architecture,types of tidal stream generators,1
design enterprise architecture,use computer telephony integration,1
develop business case,documentation types,1
demonstrate leadership in social service cases,develop business case,1
demonstrate leadership in social service cases,documentation types,1
demonstrate leadership in social service cases,identify processes for re-engineering,1
demonstrate leadership in social service cases,information architecture,1
demonstrate leadership in social service cases,keep up with digital transformation of industrial processes,1
demonstrate leadership in social service cases,manage agricultural staff,1
demonstrate leadership in social service cases,sales department processes,1
demonstrate leadership in social service cases,social development,1
demonstrate leadership in social service cases,types of tidal stream generators,1
design enterprise architecture,interact with users to gather requirements,1
design enterprise architecture,keep up with digital transformation of industrial processes,1
design enterprise architecture,learning management systems,1
design enterprise architecture,manage agricultural staff,1
Amazon Athena,Amazon S3,1
Amazon Athena,MuleSoft,1
Amazon Athena,Salesforce,1
Amazon Athena,Snowflake,1
Amazon Athena,database,1
Amazon S3,MuleSoft,1
Amazon S3,Salesforce,1
Amazon S3,Snowflake,1
SQL,normalise data,1
design enterprise architecture,manage drilling team,1
design enterprise architecture,pricing strategies,1
design enterprise architecture,risk management,1
engage with stakeholders,identify processes for re-engineering,1
develop business case,engage with stakeholders,1
develop business case,identify processes for re-engineering,1
develop business case,information architecture,1
develop business case,keep up with digital transformation of industrial processes,1
develop business case,learning management systems,1
develop business case,manage agricultural staff,1
develop business case,manage drilling team,1
develop business case,pricing strategies,1
develop business case,sales department processes,1
develop business case,statistics,1
develop business case,supervision of persons,1
develop business case,types of tidal stream generators,1
documentation types,engage with stakeholders,1
design enterprise architecture,identify processes for re-engineering,1
design enterprise architecture,information architecture,1
documentation types,keep up with digital transformation of industrial processes,1
documentation types,learning management systems,1
documentation types,manage agricultural staff,1
data visualisation software,normalise data,1
manage standards for data exchange,normalise data,1
Data Manipulation,manage standards for data exchange,1
Data Manipulation,natural gas,1
Data Manipulation,normalise data,1
Data Manipulation,sing,1
documentation types,manage drilling team,1
documentation types,pricing strategies,1
documentation types,risk management,1
documentation types,sales department processes,1
documentation types,social development,1
documentation types,statistics,1
documentation types,supervision of persons,1
information architecture,risk management,1
engage with stakeholders,information architecture,1
engage with stakeholders,keep up with digital transformation of industrial processes,1
engage with stakeholders,learning management systems,1
engage with stakeholders,manage agricultural staff,1
engage with stakeholders,pricing strategies,1
engage with stakeholders,sales department processes,1
engage with stakeholders,social development,1
engage with stakeholders,types of tidal stream generators,1
identify processes for re-engineering,information architecture,1
identify processes for re-engineering,interact with users to gather requirements,1
identify processes for re-engineering,keep up with digital transformation of industrial processes,1
identify processes for re-engineering,learning management systems,1
identify processes for re-engineering,manage agricultural staff,1
documentation types,identify processes for re-engineering,1
documentation types,information architecture,1
keep up with digital transformation of industrial processes,manage agricultural staff,1
identify processes for re-engineering,manage drilling team,1
identify processes for re-engineering,pricing strategies,1
identify processes for re-engineering,risk management,1
identify processes for re-engineering,sales department processes,1
identify processes for re-engineering,social development,1
identify processes for re-engineering,statistics,1
identify processes for re-engineering,supervision of persons,1
identify processes for re-engineering,types of tidal stream generators,1
identify processes for re-engineering,use computer telephony integration,1
information architecture,interact with users to gather requirements,1
information architecture,keep up with digital transformation of industrial processes,1
information architecture,learning management systems,1
information architecture,manage agricultural staff,1
information architecture,manage drilling team,1
information architecture,pricing strategies,1
learning management systems,types of tidal stream generators,1
information architecture,sales department processes,1
information architecture,social development,1
interact with users to gather requirements,keep up with digital transformation of industrial processes,1
interact with users to gather requirements,learning management systems,1
Python,normalise data,1
R,normalise data,1
Snowflake,use online tools to collaborate,1
"data extraction, transformation and loading tools",use online tools to collaborate,1
DAX,Data Manipulation,1
DAX,R,1
interact with users to gather requirements,manage agricultural staff,1
interact with users to gather requirements,manage drilling team,1
interact with users to gather requirements,pricing strategies,1
interact with users to gather requirements,sales department processes,1
keep up with digital transformation of industrial processes,learning management systems,1
manage drilling team,statistics,1
manage drilling team,supervision of persons,1
manage drilling team,types of tidal stream generators,1
keep up with digital transformation of industrial processes,manage drilling team,1
keep up with digital transformation of industrial processes,pricing strategies,1
keep up with digital transformation of industrial processes,risk management,1
keep up with digital transformation of industrial processes,sales department processes,1
keep up with digital transformation of industrial processes,social development,1
keep up with digital transformation of industrial processes,statistics,1
keep up with digital transformation of industrial processes,supervision of persons,1
keep up with digital transformation of industrial processes,types of tidal stream generators,1
keep up with digital transformation of industrial processes,use computer telephony integration,1
learning management systems,manage agricultural staff,1
learning management systems,manage drilling team,1
learning management systems,sales department processes,1
learning management systems,social development,1
risk management,types of tidal stream generators,1
sales department processes,social development,1
sales department processes,statistics,1
sales department processes,supervision of persons,1
manage agricultural staff,manage drilling team,1
manage agricultural staff,pricing strategies,1
manage agricultural staff,risk management,1
manage agricultural staff,sales department processes,1
manage agricultural staff,social development,1
manage agricultural staff,statistics,1
manage agricultural staff,supervision of persons,1
manage agricultural staff,types of tidal stream generators,1
manage agricultural staff,use computer telephony integration,1
manage drilling team,pricing strategies,1
manage drilling team,sales department processes,1
manage drilling team,social development,1
Requirements Engineering,systems development life-cycle,1
manage drilling team,use computer telephony integration,1
pricing strategies,sales department processes,1
pricing strategies,social development,1
pricing strategies,supervision of persons,1
DAX,manage standards for data exchange,1
DAX,natural gas,1
DAX,normalise data,1
DAX,sing,1
DAX,statistics,1
R,SQL Server Integration Services,1
R,SQL Server Reporting Services,1
R,use online tools to collaborate,1
SQL,SQL Server Reporting Services,1
pricing strategies,types of tidal stream generators,1
risk management,sales department processes,1
Test Case Design,write technical reports,1
analyse business requirements,business process modelling,1
analyse business requirements,business processes,1
sales department processes,types of tidal stream generators,1
sales department processes,use computer telephony integration,1
social development,statistics,1
social development,supervision of persons,1
social development,types of tidal stream generators,1
supervision of persons,use computer telephony integration,1
Requirements Engineering,Test Case Design,1
Requirements Engineering,analyse business requirements,1
Requirements Engineering,business processes,1
Requirements Engineering,engage with stakeholders,1
Requirements Engineering,liaise with quality assurance,1
Requirements Engineering,provide technical documentation,1
Requirements Engineering,public relations,1
business process modelling,provide technical documentation,1
business process modelling,public relations,1
business process modelling,systems development life-cycle,1
Requirements Engineering,use computer telephony integration,1
Requirements Engineering,write technical reports,1
Test Case Design,analyse business requirements,1
Test Case Design,business analysis,1
Test Case Design,business process modelling,1
Test Case Design,business processes,1
Test Case Design,engage with stakeholders,1
Test Case Design,interact with users to gather requirements,1
Test Case Design,liaise with quality assurance,1
Test Case Design,provide technical documentation,1
Test Case Design,public relations,1
Test Case Design,systems development life-cycle,1
Test Case Design,use computer telephony integration,1
interact with users to gather requirements,provide technical documentation,1
interact with users to gather requirements,systems development life-cycle,1
liaise with quality assurance,provide technical documentation,1
liaise with quality assurance,public relations,1
liaise with quality assurance,systems development life-cycle,1
analyse business requirements,interact with users to gather requirements,1
analyse business requirements,liaise with quality assurance,1
analyse business requirements,provide technical documentation,1
analyse business requirements,public relations,1
analyse business requirements,systems development life-cycle,1
analyse business requirements,write technical reports,1
business analysis,provide technical documentation,1
business analysis,systems development life-cycle,1
business process modelling,business processes,1
business process modelling,engage with stakeholders,1
business process modelling,liaise with quality assurance,1
business processes,systems development life-cycle,1
SQL,use online tools to collaborate,1
SQL Server Integration Services,SQL Server Reporting Services,1
SQL Server Integration Services,Snowflake,1
SQL Server Integration Services,"data extraction, transformation and loading tools",1
SQL Server Integration Services,use online tools to collaborate,1
SQL Server Reporting Services,Snowflake,1
SQL Server Reporting Services,"data extraction, transformation and loading tools",1
SQL Server Reporting Services,use online tools to collaborate,1
Jenkins (tools for software configuration management),SQL Server Integration Services,1
Jenkins (tools for software configuration management),SQL Server Reporting Services,1
Jenkins (tools for software configuration management),Snowflake,1
Jenkins (tools for software configuration management),"data extraction, transformation and loading tools",1
Jenkins (tools for software configuration management),use online tools to collaborate,1
engage with stakeholders,provide technical documentation,1
engage with stakeholders,systems development life-cycle,1
provide technical documentation,write technical reports,1
Jira,SQL Server Integration Services,1
Jira,SQL Server Reporting Services,1
Jira,Snowflake,1
Python,SQL Server Reporting Services,1
Python,use online tools to collaborate,1
Git,Jira,1
Git,SQL Server Integration Services,1
Git,SQL Server Reporting Services,1
systems development life-cycle,use computer telephony integration,1
systems development life-cycle,write technical reports,1
Scala,apply information security policies,1
Scala,social innovation,1
business process modelling,use computer telephony integration,1
business process modelling,write technical reports,1
business processes,provide technical documentation,1
Data Segmentation,data visualisation software,1
Data Segmentation,design database scheme,1
analyse pipeline database information,data analytics,1
analyse pipeline database information,social innovation,1
analyse pipeline database information,types of tidal stream generators,1
apply information security policies,data engineering,1
apply information security policies,information architecture,1
apply information security policies,social innovation,1
apply information security policies,supervision of persons,1
apply information security policies,types of tidal stream generators,1
data analytics,define data quality criteria,1
data analytics,information architecture,1
data engineering,social innovation,1
provide technical documentation,public relations,1
provide technical documentation,systems development life-cycle,1
provide technical documentation,use computer telephony integration,1
attend to detail in casting processes,computer programming,1
attend to detail in casting processes,conduct literature research,1
attend to detail in casting processes,hardware testing methods,1
attend to detail in casting processes,manage documentation of prior learning assessments,1
attend to detail in casting processes,process data,1
define data quality criteria,solar energy,1
define data quality criteria,supervision of persons,1
define data quality criteria,types of tidal stream generators,1
information architecture,social innovation,1
social innovation,solar energy,1
social innovation,supervision of persons,1
social innovation,types of tidal stream generators,1
solar energy,supervision of persons,1
Data Segmentation,R,1
Data Segmentation,data mining,1
Data Segmentation,data models,1
computer programming,use clinical assessment techniques,1
conduct literature research,hardware testing methods,1
conduct literature research,manage documentation of prior learning assessments,1
conduct literature research,process data,1
conduct literature research,semiconductors,1
Data Segmentation,radiotherapy,1
Data Segmentation,statistics,1
R,design database scheme,1
data mining,design database scheme,1
data models,design database scheme,1
data visualisation software,design database scheme,1
design database scheme,radiotherapy,1
design database scheme,statistics,1
computer programming,implement ICT coding conventions,1
implement ICT coding conventions,solve problems,1
implement ICT coding conventions,statistics,1
hardware testing methods,simplify communication in maritime management,1
hardware testing methods,supervise work on design planning,1
hardware testing methods,use clinical assessment techniques,1
hardware testing methods,use personal organization software,1
manage documentation of prior learning assessments,process data,1
manage documentation of prior learning assessments,semiconductors,1
manage documentation of prior learning assessments,simplify communication in maritime management,1
manage documentation of prior learning assessments,statistics,1
attend to detail in casting processes,semiconductors,1
attend to detail in casting processes,simplify communication in maritime management,1
attend to detail in casting processes,statistics,1
attend to detail in casting processes,supervise work on design planning,1
attend to detail in casting processes,use clinical assessment techniques,1
attend to detail in casting processes,use personal organization software,1
computer programming,conduct literature research,1
computer programming,manage documentation of prior learning assessments,1
conduct literature research,use clinical assessment techniques,1
conduct literature research,use personal organization software,1
hardware testing methods,manage documentation of prior learning assessments,1
Git,use online tools to collaborate,1
Java (computer programming),Jenkins (tools for software configuration management),1
Java (computer programming),Jira,1
Java (computer programming),SQL Server Integration Services,1
Java (computer programming),SQL Server Reporting Services,1
Java (computer programming),use online tools to collaborate,1
Jenkins (tools for software configuration management),Jira,1
Data Warehouse,"data extraction, transformation and loading tools",1
Data Warehouse,use online tools to collaborate,1
Databricks,Java (computer programming),1
Databricks,Jenkins (tools for software configuration management),1
hardware testing methods,process data,1
hardware testing methods,semiconductors,1
manage company transport strategy,statistics,1
manage company transport strategy,use presentation software,1
project management,use presentation software,1
solve problems,use presentation software,1
manage documentation of prior learning assessments,supervise work on design planning,1
manage documentation of prior learning assessments,use clinical assessment techniques,1
manage documentation of prior learning assessments,use personal organization software,1
process data,simplify communication in maritime management,1
process data,supervise work on design planning,1
process data,use clinical assessment techniques,1
process data,use personal organization software,1
semiconductors,use clinical assessment techniques,1
simplify communication in maritime management,use clinical assessment techniques,1
conduct literature research,simplify communication in maritime management,1
conduct literature research,statistics,1
conduct literature research,supervise work on design planning,1
Financial Planning and Analysis,business analysis,1
Financial Planning and Analysis,financial analysis,1
Financial Planning and Analysis,financial forecasting,1
Financial Planning and Analysis,make decisions,1
Financial Planning and Analysis,plan,1
Financial Planning and Analysis,solve problems,1
Financial Planning and Analysis,statistics,1
Financial Planning and Analysis,support development of annual budget,1
statistics,use clinical assessment techniques,1
supervise work on design planning,use clinical assessment techniques,1
use clinical assessment techniques,use personal organization software,1
Microsoft Excel,manage company transport strategy,1
Microsoft Excel,project management,1
integrated circuits,manage company transport strategy,1
manage company transport strategy,project management,1
manage company transport strategy,solve problems,1
financial analysis,support development of annual budget,1
financial forecasting,make decisions,1
financial forecasting,plan,1
financial forecasting,solve problems,1
financial forecasting,statistics,1
financial forecasting,support development of annual budget,1
financial forecasting,use specialised computer models for weather forecasting,1
make decisions,plan,1
Financial Modeling,Financial Planning and Analysis,1
Financial Modeling,financial analysis,1
Financial Modeling,financial forecasting,1
Financial Modeling,make decisions,1
Financial Modeling,plan,1
Financial Modeling,solve problems,1
Financial Modeling,support development of annual budget,1
Financial Modeling,use specialised computer models for weather forecasting,1
solve problems,support development of annual budget,1
solve problems,use specialised computer models for weather forecasting,1
statistics,support development of annual budget,1
support development of annual budget,use specialised computer models for weather forecasting,1
Dashboard Development,communication,1
Dashboard Development,make data-driven decisions,1
Dashboard Development,project management,1
Dashboard Development,report analysis results,1
Dashboard Development,statistics,1
Financial Planning and Analysis,use specialised computer models for weather forecasting,1
business analysis,financial forecasting,1
business analysis,support development of annual budget,1
financial analysis,financial forecasting,1
financial analysis,make decisions,1
financial analysis,plan,1
financial analysis,solve problems,1
make decisions,support development of annual budget,1
make decisions,use specialised computer models for weather forecasting,1
plan,solve problems,1
plan,support development of annual budget,1
plan,use specialised computer models for weather forecasting,1
Databricks,SQL Server Integration Services,1
Databricks,SQL Server Reporting Services,1
Databricks,use online tools to collaborate,1
Git,Java (computer programming),1
Git,Jenkins (tools for software configuration management),1
C#,SQL Server Integration Services,1
C#,SQL Server Reporting Services,1
C#,Snowflake,1
C#,"data extraction, transformation and loading tools",1
C#,use online tools to collaborate,1
Data Warehouse,Databricks,1
User Acceptance Testing,reverse engineering,1
User Stories,execute integration testing,1
communication,report analysis results,1
make data-driven decisions,project management,1
make data-driven decisions,report analysis results,1
project management,report analysis results,1
ICT project management methodologies,human factors regarding safety,1
ICT project management methodologies,use microsoft office,1
business analysis,human factors regarding safety,1
business analysis,use microsoft office,1
human factors regarding safety,project management,1
human factors regarding safety,solve problems,1
human factors regarding safety,statistics,1
human factors regarding safety,use microsoft office,1
project management,use microsoft office,1
solve problems,use microsoft office,1
execute integration testing,reverse engineering,1
manage system testing,reverse engineering,1
manage system testing,use computer telephony integration,1
reverse engineering,system design,1
statistics,use microsoft office,1
ICT project management methodologies,manage system testing,1
Requirements Gathering,User Stories,1
Requirements Gathering,manage system testing,1
Requirements Gathering,plan,1
Requirements Gathering,reverse engineering,1
Software Development Life Cycle,User Stories,1
Software Development Life Cycle,manage system testing,1
Software Development Life Cycle,plan,1
User Acceptance Testing,User Stories,1
User Acceptance Testing,manage system testing,1
User Acceptance Testing,plan,1
Scala,beer downstream processing,1
Scala,solve problems,1
Scala,think critically,1
beer downstream processing,manage ICT virtualisation environments,1
beer downstream processing,sing,1
beer downstream processing,solve problems,1
beer downstream processing,think critically,1
beer downstream processing,types of tidal stream generators,1
User Stories,manage system testing,1
User Stories,plan,1
User Stories,reverse engineering,1
User Stories,system design,1
User Stories,use computer telephony integration,1
business analysis,reverse engineering,1
execute integration testing,manage system testing,1
execute integration testing,plan,1
solve problems,types of tidal stream generators,1
think critically,types of tidal stream generators,1
Bias-Variance Tradeoff,CI/CD,1
Bias-Variance Tradeoff,Data Governance,1
Bias-Variance Tradeoff,Data Pipeline Optimization,1
Bias-Variance Tradeoff,Explainable AI,1
Bias-Variance Tradeoff,ICT project management methodologies,1
Bias-Variance Tradeoff,Jenkins (tools for software configuration management),1
Bias-Variance Tradeoff,Model Deployment,1
Bias-Variance Tradeoff,Performance Optimization,1
DevOps,Scala,1
DevOps,beer downstream processing,1
DevOps,manage ICT virtualisation environments,1
DevOps,solve problems,1
DevOps,think critically,1
DevOps,types of tidal stream generators,1
Bias-Variance Tradeoff,distributed computing,1
Bias-Variance Tradeoff,gather data,1
Bias-Variance Tradeoff,learning management systems,1
Bias-Variance Tradeoff,machine learning,1
Bias-Variance Tradeoff,maintain moulds,1
Bias-Variance Tradeoff,model mineral deposits,1
Bias-Variance Tradeoff,natural gas,1
Bias-Variance Tradeoff,perform dimensionality reduction,1
Bias-Variance Tradeoff,reverse engineering,1
Bias-Variance Tradeoff,tools for ICT test automation,1
manage ICT virtualisation environments,sing,1
manage ICT virtualisation environments,solve problems,1
manage ICT virtualisation environments,think critically,1
manage ICT virtualisation environments,types of tidal stream generators,1
sing,think critically,1
sing,types of tidal stream generators,1
Bias-Variance Tradeoff,create model,1
Bias-Variance Tradeoff,data engineering,1
Data Warehouse,Git,1
Data Warehouse,Java (computer programming),1
Data Warehouse,Jenkins (tools for software configuration management),1
Data Warehouse,Jira,1
Data Warehouse,Python,1
Data Warehouse,R,1
Data Warehouse,SQL,1
Data Warehouse,SQL Server Integration Services,1
Data Warehouse,SQL Server Reporting Services,1
Data Warehouse,Snowflake,1
Kimball Methodology,sing,1
data warehouse,information structure,1
information structure,radiotherapy,1
information structure,sing,1
C#,Data Warehouse,1
C#,Databricks,1
C#,Git,1
C#,Java (computer programming),1
C#,Jenkins (tools for software configuration management),1
C#,Jira,1
CI/CD,create model,1
CI/CD,gather data,1
CI/CD,learning management systems,1
CI/CD,maintain moulds,1
CI/CD,model mineral deposits,1
CI/CD,perform dimensionality reduction,1
Bias-Variance Tradeoff,Scala,1
Bias-Variance Tradeoff,analyse pipeline database information,1
Bias-Variance Tradeoff,cloud technologies,1
Bias-Variance Tradeoff,computer programming,1
Data Pipeline Optimization,distributed computing,1
CI/CD,tools for ICT test automation,1
CI/CD,validation of learning acquired through volunteering,1
Data Governance,Data Pipeline Optimization,1
Data Governance,Explainable AI,1
Data Governance,Model Deployment,1
Data Governance,Performance Optimization,1
Data Governance,Scala,1
Data Governance,create model,1
Data Governance,distributed computing,1
Data Governance,gather data,1
Data Governance,maintain moulds,1
Bias-Variance Tradeoff,validation of learning acquired through volunteering,1
CI/CD,Data Pipeline Optimization,1
CI/CD,Explainable AI,1
CI/CD,Model Deployment,1
Explainable AI,analyse pipeline database information,1
Data Governance,model mineral deposits,1
Data Governance,perform dimensionality reduction,1
Data Governance,tools for ICT test automation,1
Data Governance,validation of learning acquired through volunteering,1
Data Pipeline Optimization,Explainable AI,1
Data Pipeline Optimization,ICT project management methodologies,1
Data Pipeline Optimization,Jenkins (tools for software configuration management),1
Data Pipeline Optimization,Model Deployment,1
Data Pipeline Optimization,Performance Optimization,1
Data Pipeline Optimization,Scala,1
Data Pipeline Optimization,analyse pipeline database information,1
Data Pipeline Optimization,cloud technologies,1
Data Pipeline Optimization,computer programming,1
Data Pipeline Optimization,create model,1
Data Pipeline Optimization,data engineering,1
ICT project management methodologies,Jenkins (tools for software configuration management),1
Data Pipeline Optimization,gather data,1
Data Pipeline Optimization,learning management systems,1
Data Pipeline Optimization,machine learning,1
Data Pipeline Optimization,maintain moulds,1
Data Pipeline Optimization,model mineral deposits,1
Data Pipeline Optimization,natural gas,1
Data Pipeline Optimization,perform dimensionality reduction,1
Data Pipeline Optimization,reverse engineering,1
Data Pipeline Optimization,tools for ICT test automation,1
Data Pipeline Optimization,validation of learning acquired through volunteering,1
Explainable AI,ICT project management methodologies,1
Explainable AI,Jenkins (tools for software configuration management),1
Explainable AI,Model Deployment,1
Explainable AI,Performance Optimization,1
Explainable AI,Scala,1
Jenkins (tools for software configuration management),Scala,1
Explainable AI,cloud technologies,1
Explainable AI,computer programming,1
Explainable AI,create model,1
Explainable AI,data engineering,1
Explainable AI,distributed computing,1
Explainable AI,gather data,1
Explainable AI,learning management systems,1
Explainable AI,machine learning,1
Explainable AI,maintain moulds,1
Explainable AI,model mineral deposits,1
Explainable AI,natural gas,1
Explainable AI,perform dimensionality reduction,1
Explainable AI,reverse engineering,1
Explainable AI,tools for ICT test automation,1
Explainable AI,validation of learning acquired through volunteering,1
ICT project management methodologies,Model Deployment,1
ICT project management methodologies,Performance Optimization,1
ICT project management methodologies,analyse pipeline database information,1
ICT project management methodologies,create model,1
ICT project management methodologies,distributed computing,1
data warehouse,types of tidal stream generators,1
Kimball Methodology,data warehouse,1
Kimball Methodology,information structure,1
Kimball Methodology,radiotherapy,1
Apache Kafka,data warehouse,1
ICT project management methodologies,gather data,1
ICT project management methodologies,maintain moulds,1
ICT project management methodologies,model mineral deposits,1
ICT project management methodologies,perform dimensionality reduction,1
Jenkins (tools for software configuration management),Model Deployment,1
Jenkins (tools for software configuration management),Performance Optimization,1
Jenkins (tools for software configuration management),create model,1
Jenkins (tools for software configuration management),data engineering,1
Jenkins (tools for software configuration management),gather data,1
Jenkins (tools for software configuration management),learning management systems,1
Apache Kafka,types of tidal stream generators,1
Java (computer programming),data warehouse,1
Java (computer programming),types of tidal stream generators,1
Jenkins (tools for software configuration management),machine learning,1
Jenkins (tools for software configuration management),maintain moulds,1
Jenkins (tools for software configuration management),model mineral deposits,1
Jenkins (tools for software configuration management),perform dimensionality reduction,1
Jenkins (tools for software configuration management),tools for ICT test automation,1
Jenkins (tools for software configuration management),validation of learning acquired through volunteering,1
Model Deployment,Performance Optimization,1
Model Deployment,Scala,1
Model Deployment,analyse pipeline database information,1
Scala,maintain moulds,1
Scala,model mineral deposits,1
Scala,perform dimensionality reduction,1
Model Deployment,cloud technologies,1
Model Deployment,create model,1
Model Deployment,distributed computing,1
Model Deployment,gather data,1
Model Deployment,maintain moulds,1
Model Deployment,model mineral deposits,1
Model Deployment,tools for ICT test automation,1
Model Deployment,validation of learning acquired through volunteering,1
Performance Optimization,computer programming,1
Performance Optimization,create model,1
Performance Optimization,distributed computing,1
Performance Optimization,gather data,1
Jenkins (tools for software configuration management),computer programming,1
analyse pipeline database information,validation of learning acquired through volunteering,1
cloud technologies,create model,1
cloud technologies,distributed computing,1
cloud technologies,gather data,1
Performance Optimization,learning management systems,1
Performance Optimization,maintain moulds,1
Performance Optimization,model mineral deposits,1
Performance Optimization,natural gas,1
Performance Optimization,perform dimensionality reduction,1
Performance Optimization,reverse engineering,1
Performance Optimization,tools for ICT test automation,1
Performance Optimization,validation of learning acquired through volunteering,1
Scala,create model,1
Scala,distributed computing,1
Scala,gather data,1
Scala,learning management systems,1
computer programming,distributed computing,1
computer programming,gather data,1
computer programming,maintain moulds,1
computer programming,model mineral deposits,1
computer programming,tools for ICT test automation,1
computer programming,validation of learning acquired through volunteering,1
create model,data engineering,1
Scala,tools for ICT test automation,1
Scala,validation of learning acquired through volunteering,1
analyse pipeline database information,create model,1
analyse pipeline database information,gather data,1
analyse pipeline database information,learning management systems,1
analyse pipeline database information,maintain moulds,1
analyse pipeline database information,model mineral deposits,1
analyse pipeline database information,perform dimensionality reduction,1
analyse pipeline database information,tools for ICT test automation,1
create model,natural gas,1
create model,perform dimensionality reduction,1
create model,reverse engineering,1
create model,tools for ICT test automation,1
create model,validation of learning acquired through volunteering,1
data engineering,distributed computing,1
data engineering,gather data,1
data engineering,maintain moulds,1
data engineering,model mineral deposits,1
data engineering,tools for ICT test automation,1
cloud technologies,maintain moulds,1
cloud technologies,model mineral deposits,1
cloud technologies,perform dimensionality reduction,1
cloud technologies,tools for ICT test automation,1
cloud technologies,validation of learning acquired through volunteering,1
computer programming,create model,1
distributed computing,natural gas,1
distributed computing,perform dimensionality reduction,1
distributed computing,tools for ICT test automation,1
distributed computing,validation of learning acquired through volunteering,1
gather data,learning management systems,1
gather data,machine learning,1
gather data,maintain moulds,1
gather data,model mineral deposits,1
gather data,natural gas,1
gather data,perform dimensionality reduction,1
create model,distributed computing,1
create model,gather data,1
create model,learning management systems,1
create model,machine learning,1
create model,maintain moulds,1
create model,model mineral deposits,1
learning management systems,validation of learning acquired through volunteering,1
machine learning,maintain moulds,1
machine learning,model mineral deposits,1
machine learning,tools for ICT test automation,1
machine learning,validation of learning acquired through volunteering,1
maintain moulds,model mineral deposits,1
maintain moulds,natural gas,1
maintain moulds,perform dimensionality reduction,1
maintain moulds,reverse engineering,1
maintain moulds,tools for ICT test automation,1
data engineering,validation of learning acquired through volunteering,1
distributed computing,gather data,1
distributed computing,learning management systems,1
distributed computing,machine learning,1
distributed computing,maintain moulds,1
distributed computing,model mineral deposits,1
natural gas,tools for ICT test automation,1
natural gas,validation of learning acquired through volunteering,1
perform dimensionality reduction,tools for ICT test automation,1
perform dimensionality reduction,validation of learning acquired through volunteering,1
reverse engineering,tools for ICT test automation,1
reverse engineering,validation of learning acquired through volunteering,1
tools for ICT test automation,validation of learning acquired through volunteering,1
ICT debugging tools,ICT project management methodologies,1
ICT debugging tools,Rapid application development,1
ICT debugging tools,User Stories,1
gather data,reverse engineering,1
gather data,tools for ICT test automation,1
gather data,validation of learning acquired through volunteering,1
learning management systems,maintain moulds,1
learning management systems,model mineral deposits,1
learning management systems,tools for ICT test automation,1
model mineral deposits,natural gas,1
model mineral deposits,perform dimensionality reduction,1
model mineral deposits,reverse engineering,1
model mineral deposits,tools for ICT test automation,1
model mineral deposits,validation of learning acquired through volunteering,1
Apache Hadoop,Java (computer programming),1
Apache Hadoop,"data extraction, transformation and loading tools",1
Apache Hadoop,data warehouse,1
Apache Hadoop,reverse engineering,1
Apache Hadoop,types of tidal stream generators,1
Apache Kafka,Java (computer programming),1
business intelligence,crimping,1
crimping,machine learning,1
Coupa,Microsoft Excel,1
Coupa,R,1
Coupa,use microsoft office,1
ICT debugging tools,hardware testing methods,1
ICT debugging tools,liaise with quality assurance,1
ICT debugging tools,penetration testing tool,1
ICT debugging tools,types of tidal stream generators,1
Kubernetes,R,1
Kubernetes,crimping,1
ICT debugging tools,write technical reports,1
ICT project management methodologies,Rapid application development,1
ICT project management methodologies,business processes,1
ICT project management methodologies,penetration testing tool,1
Rapid application development,User Stories,1
Rapid application development,business processes,1
Rapid application development,computer programming,1
Rapid application development,hardware testing methods,1
Rapid application development,liaise with quality assurance,1
maintain moulds,validation of learning acquired through volunteering,1
Automation,data mining,1
Automation,data visualisation software,1
Rapid application development,penetration testing tool,1
Rapid application development,types of tidal stream generators,1
Rapid application development,write technical reports,1
User Stories,business processes,1
User Stories,hardware testing methods,1
User Stories,liaise with quality assurance,1
User Stories,penetration testing tool,1
User Stories,types of tidal stream generators,1
User Stories,write technical reports,1
business processes,penetration testing tool,1
business processes,types of tidal stream generators,1
computer programming,penetration testing tool,1
ICT debugging tools,business processes,1
ICT debugging tools,computer programming,1
Data Manipulation,data engineering,1
Data Manipulation,define data quality criteria,1
hardware testing methods,penetration testing tool,1
hardware testing methods,types of tidal stream generators,1
hardware testing methods,write technical reports,1
liaise with quality assurance,penetration testing tool,1
penetration testing tool,types of tidal stream generators,1
penetration testing tool,write technical reports,1
types of tidal stream generators,write technical reports,1
Automation,Data Governance,1
Automation,Data Manipulation,1
Automation,Data Storytelling,1
Automation,SQL,1
Automation,analyse pipeline database information,1
Automation,business intelligence,1
Automation,data engineering,1
Data Storytelling,report analysis results,1
Data Storytelling,statistics,1
Data Storytelling,use computer telephony integration,1
Automation,define data quality criteria,1
Automation,develop campaigns,1
Automation,machine learning,1
Automation,report analysis results,1
Automation,statistics,1
Automation,use computer telephony integration,1
Data Governance,Data Manipulation,1
Data Governance,Data Storytelling,1
Data Governance,develop campaigns,1
Data Governance,report analysis results,1
Data Manipulation,Data Storytelling,1
Data Manipulation,analyse pipeline database information,1
Data Manipulation,business intelligence,1
Data Manipulation,use computer telephony integration,1
Data Storytelling,SQL,1
Data Storytelling,analyse pipeline database information,1
PyTorch,business intelligence,1
PyTorch,crimping,1
Python,crimping,1
R,crimping,1
Apache Airflow,PyTorch,1
Apache Airflow,crimping,1
Data Storytelling,business intelligence,1
Data Storytelling,data engineering,1
Data Storytelling,data mining,1
Data Storytelling,data visualisation software,1
Data Storytelling,define data quality criteria,1
Data Storytelling,develop campaigns,1
Data Storytelling,machine learning,1
SQL,define data quality criteria,1
SQL,develop campaigns,1
SQL,report analysis results,1
analyse pipeline database information,develop campaigns,1
analyse pipeline database information,report analysis results,1
business intelligence,develop campaigns,1
data engineering,data mining,1
data engineering,develop campaigns,1
data engineering,report analysis results,1
data mining,report analysis results,1
data visualisation software,develop campaigns,1
data visualisation software,report analysis results,1
define data quality criteria,develop campaigns,1
Data Manipulation,develop campaigns,1
Data Manipulation,machine learning,1
Data Manipulation,report analysis results,1
Apache Spark,analyse pipeline database information,1
Apache Spark,asset management,1
Apache Spark,data science,1
define data quality criteria,report analysis results,1
develop campaigns,machine learning,1
develop campaigns,report analysis results,1
develop campaigns,use computer telephony integration,1
machine learning,report analysis results,1
report analysis results,use computer telephony integration,1
Apache Airflow,Data Cube,1
Apache Airflow,Modern Data Stack,1
Apache Airflow,SAP Data Services,1
Apache Airflow,SPARK,1
Apache Airflow,analyse pipeline database information,1
Apache Airflow,asset management,1
Apache Airflow,cloud technologies,1
Data Cube,Scala,1
Data Cube,analyse pipeline database information,1
Data Cube,asset management,1
Data Cube,business intelligence,1
Data Cube,cloud technologies,1
Data Cube,data engineering,1
Apache Airflow,data engineering,1
Apache Airflow,define data quality criteria,1
Apache Airflow,develop efficiency plans for maritime shipping,1
Apache Airflow,financial markets,1
Apache Airflow,radiotherapy,1
Apache Airflow,sing,1
Apache Airflow,statistics,1
Apache Spark,Data Cube,1
Apache Spark,Modern Data Stack,1
Apache Spark,SAP Data Services,1
Modern Data Stack,SAP Data Services,1
Modern Data Stack,SPARK,1
Modern Data Stack,Scala,1
Modern Data Stack,analyse pipeline database information,1
Modern Data Stack,asset management,1
Modern Data Stack,business intelligence,1
Apache Spark,define data quality criteria,1
Apache Spark,develop efficiency plans for maritime shipping,1
Apache Spark,financial markets,1
Apache Spark,radiotherapy,1
Apache Spark,sing,1
Apache Spark,statistics,1
Data Cube,Modern Data Stack,1
Data Cube,R,1
Data Cube,SAP Data Services,1
Data Cube,SPARK,1
Modern Data Stack,integrated circuits,1
Modern Data Stack,radiotherapy,1
Modern Data Stack,sing,1
Modern Data Stack,statistics,1
R,asset management,1
R,data science,1
Data Cube,data science,1
Data Cube,dbt,1
Data Cube,define data quality criteria,1
Data Cube,develop efficiency plans for maritime shipping,1
Data Cube,financial markets,1
Data Cube,integrated circuits,1
Data Cube,radiotherapy,1
Data Cube,sing,1
Data Cube,statistics,1
Modern Data Stack,R,1
SAP Data Services,asset management,1
SAP Data Services,business intelligence,1
SAP Data Services,cloud technologies,1
SAP Data Services,data science,1
SAP Data Services,dbt,1
SAP Data Services,define data quality criteria,1
SAP Data Services,develop efficiency plans for maritime shipping,1
SAP Data Services,financial markets,1
SAP Data Services,integrated circuits,1
Modern Data Stack,cloud technologies,1
Modern Data Stack,data engineering,1
Modern Data Stack,data science,1
Modern Data Stack,dbt,1
Modern Data Stack,define data quality criteria,1
Modern Data Stack,develop efficiency plans for maritime shipping,1
Modern Data Stack,financial markets,1
SPARK,cloud technologies,1
SPARK,data engineering,1
SPARK,data science,1
SPARK,dbt,1
SPARK,define data quality criteria,1
SPARK,develop efficiency plans for maritime shipping,1
SPARK,financial markets,1
SPARK,integrated circuits,1
SPARK,radiotherapy,1
SPARK,sing,1
R,define data quality criteria,1
R,develop efficiency plans for maritime shipping,1
R,financial markets,1
SAP Data Services,SPARK,1
SAP Data Services,Scala,1
SAP Data Services,analyse pipeline database information,1
SAP Data Services,sing,1
SAP Data Services,statistics,1
SPARK,Scala,1
SPARK,analyse pipeline database information,1
SPARK,asset management,1
Apache Spark,CI/CD,1
Apache Spark,Kubernetes,1
Apache Spark,crimping,1
CI/CD,business intelligence,1
CI/CD,crimping,1
Amazon SageMaker,PyTorch,1
Amazon SageMaker,Python,1
Amazon SageMaker,R,1
Amazon SageMaker,business intelligence,1
Amazon SageMaker,crimping,1
Amazon SageMaker,machine learning,1
business intelligence,financial markets,1
cloud technologies,dbt,1
SPARK,statistics,1
Scala,asset management,1
Scala,develop efficiency plans for maritime shipping,1
Scala,financial markets,1
analyse pipeline database information,asset management,1
analyse pipeline database information,data science,1
analyse pipeline database information,dbt,1
analyse pipeline database information,develop efficiency plans for maritime shipping,1
analyse pipeline database information,financial markets,1
analyse pipeline database information,integrated circuits,1
asset management,business intelligence,1
asset management,cloud technologies,1
asset management,data engineering,1
asset management,data science,1
asset management,define data quality criteria,1
asset management,develop efficiency plans for maritime shipping,1
asset management,financial markets,1
asset management,radiotherapy,1
asset management,sing,1
Amazon Web Services,CI/CD,1
Amazon Web Services,crimping,1
Amazon Athena,Amazon Web Services,1
Amazon Athena,Apache Airflow,1
Amazon Athena,CI/CD,1
Amazon Athena,Kubernetes,1
Amazon Athena,PyTorch,1
asset management,statistics,1
business intelligence,data science,1
business intelligence,dbt,1
business intelligence,develop efficiency plans for maritime shipping,1
develop efficiency plans for maritime shipping,financial markets,1
develop efficiency plans for maritime shipping,integrated circuits,1
develop efficiency plans for maritime shipping,radiotherapy,1
develop efficiency plans for maritime shipping,sing,1
cloud technologies,develop efficiency plans for maritime shipping,1
cloud technologies,financial markets,1
cloud technologies,sing,1
data engineering,data science,1
data engineering,dbt,1
data engineering,develop efficiency plans for maritime shipping,1
data engineering,financial markets,1
data science,dbt,1
data science,develop efficiency plans for maritime shipping,1
data science,financial markets,1
data science,integrated circuits,1
asset management,dbt,1
Data Governance,morality,1
Data Governance,task algorithmisation,1
SAS Data Management,morality,1
SAS Data Management,perform data cleansing,1
SAS Data Management,solar energy,1
SAS Data Management,task algorithmisation,1
morality,perform data cleansing,1
data science,sing,1
dbt,define data quality criteria,1
dbt,develop efficiency plans for maritime shipping,1
dbt,financial markets,1
dbt,radiotherapy,1
dbt,sing,1
dbt,statistics,1
define data quality criteria,develop efficiency plans for maritime shipping,1
define data quality criteria,financial markets,1
develop efficiency plans for maritime shipping,statistics,1
financial markets,integrated circuits,1
financial markets,radiotherapy,1
financial markets,sing,1
financial markets,statistics,1
Amazon Athena,business intelligence,1
Amazon Athena,crimping,1
Amazon Athena,machine learning,1
Amazon SageMaker,Amazon Web Services,1
Amazon SageMaker,Apache Airflow,1
Amazon SageMaker,Apache Spark,1
Amazon SageMaker,CI/CD,1
Amazon SageMaker,Kubernetes,1
radiotherapy,use microsoft office,1
reverse engineering,use microsoft office,1
integrated circuits,sing,1
SAS Data Management,manage standards for data exchange,1
SAS Data Management,prepare financial projections,1
morality,solar energy,1
morality,task algorithmisation,1
perform data cleansing,task algorithmisation,1
solar energy,task algorithmisation,1
statistics,task algorithmisation,1
IBM InfoSphere DataStage,SAS Data Management,1
IBM InfoSphere DataStage,building automation,1
IBM InfoSphere DataStage,customer segmentation,1
IBM InfoSphere DataStage,data storage,1
IBM InfoSphere DataStage,data warehouse,1
IBM InfoSphere DataStage,define data quality criteria,1
IBM InfoSphere DataStage,identify process improvements,1
IBM InfoSphere DataStage,integrated circuits,1
IBM InfoSphere DataStage,maintain database performance,1
computer programming,customer segmentation,1
computer programming,data storage,1
computer programming,maintain database performance,1
IBM InfoSphere DataStage,manage standards for data exchange,1
IBM InfoSphere DataStage,prepare financial projections,1
IBM InfoSphere DataStage,seismic measurement techniques,1
SAS Data Management,building automation,1
SAS Data Management,computer programming,1
SAS Data Management,customer segmentation,1
SAS Data Management,data storage,1
SAS Data Management,data warehouse,1
SAS Data Management,database,1
SAS Data Management,define data quality criteria,1
SAS Data Management,identify process improvements,1
SAS Data Management,integrated circuits,1
SAS Data Management,maintain database performance,1
SAS Data Management,seismic measurement techniques,1
building automation,customer segmentation,1
building automation,data storage,1
building automation,data warehouse,1
building automation,database,1
learning management systems,logic,1
logic,radiotherapy,1
Amazon Athena,Amazon SageMaker,1
Microsoft Excel,SAP Data Services,1
Microsoft Excel,radiotherapy,1
Microsoft Excel,reverse engineering,1
Pentaho Data Integration,SAP Data Services,1
building automation,define data quality criteria,1
building automation,maintain database performance,1
building automation,prepare financial projections,1
building automation,seismic measurement techniques,1
database,identify process improvements,1
computer programming,manage standards for data exchange,1
computer programming,prepare financial projections,1
computer programming,seismic measurement techniques,1
customer segmentation,data storage,1
customer segmentation,data warehouse,1
customer segmentation,database,1
customer segmentation,define data quality criteria,1
customer segmentation,identify process improvements,1
customer segmentation,integrated circuits,1
customer segmentation,maintain database performance,1
customer segmentation,manage standards for data exchange,1
customer segmentation,prepare financial projections,1
customer segmentation,radiotherapy,1
customer segmentation,seismic measurement techniques,1
SAS Data Management,radiotherapy,1
identify process improvements,maintain database performance,1
identify process improvements,prepare financial projections,1
identify process improvements,seismic measurement techniques,1
integrated circuits,maintain database performance,1
integrated circuits,manage standards for data exchange,1
data storage,identify process improvements,1
data storage,integrated circuits,1
data storage,maintain database performance,1
data storage,manage standards for data exchange,1
data storage,prepare financial projections,1
data storage,seismic measurement techniques,1
data warehouse,identify process improvements,1
data warehouse,maintain database performance,1
data warehouse,manage standards for data exchange,1
data warehouse,prepare financial projections,1
data warehouse,seismic measurement techniques,1
manage standards for data exchange,prepare financial projections,1
manage standards for data exchange,seismic measurement techniques,1
prepare financial projections,radiotherapy,1
prepare financial projections,seismic measurement techniques,1
radiotherapy,seismic measurement techniques,1
Data Governance,accounting,1
Data Governance,comply with agricultural code of practice,1
Data Governance,data science,1
Data Governance,explain financial jargon,1
database,maintain database performance,1
database,prepare financial projections,1
database,seismic measurement techniques,1
define data quality criteria,maintain database performance,1
define data quality criteria,manage standards for data exchange,1
define data quality criteria,prepare financial projections,1
define data quality criteria,seismic measurement techniques,1
accounting,data mining,1
accounting,data models,1
accounting,data science,1
accounting,define data quality criteria,1
accounting,explain financial jargon,1
accounting,financial analysis,1
accounting,identify process improvements,1
accounting,interact with users to gather requirements,1
accounting,manage workflow processes,1
accounting,radiotherapy,1
integrated circuits,prepare financial projections,1
integrated circuits,seismic measurement techniques,1
maintain database performance,manage standards for data exchange,1
maintain database performance,prepare financial projections,1
maintain database performance,radiotherapy,1
maintain database performance,seismic measurement techniques,1
Data Governance,manage workflow processes,1
accounting,comply with agricultural code of practice,1
accounting,computer programming,1
Pentaho Data Integration,interpreting modes,1
Pentaho Data Integration,reverse engineering,1
Pentaho Data Integration,use microsoft office,1
SAP Data Services,reverse engineering,1
SAP Data Services,use microsoft office,1
interpreting modes,radiotherapy,1
interpreting modes,reverse engineering,1
interpreting modes,use microsoft office,1
marketing analytics,use presentation software,1
natural language processing,public relations,1
natural language processing,ski,1
natural language processing,use presentation software,1
public relations,ski,1
accounting,semiconductors,1
accounting,statistics,1
comply with agricultural code of practice,computer programming,1
comply with agricultural code of practice,data mining,1
comply with agricultural code of practice,data models,1
comply with agricultural code of practice,data science,1
comply with agricultural code of practice,define data quality criteria,1
comply with agricultural code of practice,explain financial jargon,1
comply with agricultural code of practice,financial analysis,1
comply with agricultural code of practice,identify process improvements,1
comply with agricultural code of practice,interact with users to gather requirements,1
comply with agricultural code of practice,manage workflow processes,1
comply with agricultural code of practice,radiotherapy,1
comply with agricultural code of practice,semiconductors,1
comply with agricultural code of practice,statistics,1
Data Governance,interact with users to gather requirements,1
explain financial jargon,radiotherapy,1
explain financial jargon,semiconductors,1
explain financial jargon,statistics,1
financial analysis,identify process improvements,1
financial analysis,interact with users to gather requirements,1
financial analysis,manage workflow processes,1
computer programming,explain financial jargon,1
computer programming,financial analysis,1
data mining,explain financial jargon,1
data mining,interact with users to gather requirements,1
data mining,manage workflow processes,1
data models,explain financial jargon,1
data models,manage workflow processes,1
data science,explain financial jargon,1
data science,financial analysis,1
data science,interact with users to gather requirements,1
manage workflow processes,statistics,1
Agile development,blockchain consensus mechanisms,1
Agile development,business requirements techniques,1
Agile development,learning management systems,1
Agile development,use computer telephony integration,1
blockchain consensus mechanisms,business processes,1
data science,manage workflow processes,1
data science,semiconductors,1
define data quality criteria,explain financial jargon,1
define data quality criteria,financial analysis,1
define data quality criteria,interact with users to gather requirements,1
define data quality criteria,manage workflow processes,1
explain financial jargon,financial analysis,1
explain financial jargon,identify process improvements,1
explain financial jargon,interact with users to gather requirements,1
explain financial jargon,manage workflow processes,1
create prototype of user experience solutions,use computer telephony integration,1
ICT project management methodologies,Microservices,1
ICT project management methodologies,advise on architectural matters,1
ICT project management methodologies,conduct research on flora,1
ICT project management methodologies,cost management,1
ICT project management methodologies,data storage,1
ICT project management methodologies,information confidentiality,1
financial analysis,radiotherapy,1
financial analysis,semiconductors,1
identify process improvements,interact with users to gather requirements,1
identify process improvements,manage workflow processes,1
interact with users to gather requirements,manage workflow processes,1
interact with users to gather requirements,radiotherapy,1
interact with users to gather requirements,semiconductors,1
manage workflow processes,radiotherapy,1
manage workflow processes,semiconductors,1
Microservices,data engineering,1
Microservices,data storage,1
Microservices,information confidentiality,1
Microservices,solar energy,1
advise on architectural matters,cloud technologies,1
advise on architectural matters,conduct research on flora,1
advise on architectural matters,cost management,1
advise on architectural matters,data analytics,1
blockchain consensus mechanisms,business requirements techniques,1
blockchain consensus mechanisms,create prototype of user experience solutions,1
blockchain consensus mechanisms,learning management systems,1
blockchain consensus mechanisms,use computer telephony integration,1
business processes,create prototype of user experience solutions,1
business processes,learning management systems,1
business requirements techniques,create prototype of user experience solutions,1
create prototype of user experience solutions,learning management systems,1
graphic design,ski,1
graphic design,use presentation software,1
keywords in digital content,machine learning,1
keywords in digital content,marketing analytics,1
keywords in digital content,natural language processing,1
advise on architectural matters,types of tidal stream generators,1
cloud technologies,conduct research on flora,1
cloud technologies,information confidentiality,1
conduct research on flora,cost management,1
conduct research on flora,data analytics,1
conduct research on flora,data engineering,1
conduct research on flora,data storage,1
Microservices,advise on architectural matters,1
Microservices,conduct research on flora,1
Microservices,cost management,1
Microservices,data analytics,1
advise on architectural matters,data storage,1
advise on architectural matters,information confidentiality,1
advise on architectural matters,machine learning,1
advise on architectural matters,solar energy,1
advise on architectural matters,statistics,1
public relations,use presentation software,1
ski,use presentation software,1
IFS ERP,Microsoft Excel,1
IFS ERP,Pentaho Data Integration,1
IFS ERP,SAP Data Services,1
IFS ERP,interpreting modes,1
IFS ERP,radiotherapy,1
IFS ERP,reverse engineering,1
IFS ERP,use microsoft office,1
Microsoft Excel,Pentaho Data Integration,1
graphic design,public relations,1
Data Governance,develop health and safety strategies in mining,1
conduct research on flora,information confidentiality,1
conduct research on flora,machine learning,1
conduct research on flora,solar energy,1
conduct research on flora,statistics,1
conduct research on flora,types of tidal stream generators,1
cost management,data analytics,1
cost management,data engineering,1
cost management,data storage,1
cost management,information confidentiality,1
cost management,machine learning,1
cost management,solar energy,1
cost management,types of tidal stream generators,1
data analytics,data storage,1
data analytics,information confidentiality,1
advise on architectural matters,data engineering,1
SAS language,data mining,1
SAS language,data models,1
SAS language,data visualisation software,1
data engineering,data storage,1
data engineering,information confidentiality,1
data storage,information confidentiality,1
data storage,machine learning,1
data storage,solar energy,1
data storage,statistics,1
data storage,types of tidal stream generators,1
information confidentiality,machine learning,1
information confidentiality,solar energy,1
information confidentiality,statistics,1
information confidentiality,types of tidal stream generators,1
Data Governance,SAS language,1
Data Governance,assist in developing marketing campaigns,1
SAS language,project management,1
SAS language,reverse engineering,1
SAS language,rhetoric,1
SAS language,risk management,1
SAS language,statistics,1
SAS language,supervision of persons,1
Data Governance,geographic information systems,1
Data Governance,government representation,1
Data Governance,interpret seismic data,1
Data Governance,perform contract reporting and evaluation,1
Data Governance,portfolio management in textile manufacturing,1
SAS language,SQL,1
SAS language,assist in developing marketing campaigns,1
SAS language,business intelligence,1
SAS language,communication,1
SAS language,"data extraction, transformation and loading tools",1
SQL,interpret seismic data,1
SQL,perform contract reporting and evaluation,1
SQL,portfolio management in textile manufacturing,1
assist in developing marketing campaigns,business intelligence,1
assist in developing marketing campaigns,communication,1
assist in developing marketing campaigns,"data extraction, transformation and loading tools",1
SAS language,data warehouse,1
SAS language,database management systems,1
SAS language,develop health and safety strategies in mining,1
SAS language,engage with stakeholders,1
SAS language,financial analysis,1
SAS language,geographic information systems,1
SAS language,government representation,1
SAS language,interpret seismic data,1
SAS language,perform contract reporting and evaluation,1
SAS language,portfolio management in textile manufacturing,1
SAS language,think creatively,1
SQL,assist in developing marketing campaigns,1
SQL,develop health and safety strategies in mining,1
keywords in digital content,public relations,1
keywords in digital content,ski,1
machine learning,public relations,1
machine learning,use presentation software,1
marketing analytics,natural language processing,1
marketing analytics,public relations,1
SQL Server,mathematics,1
SQL Server Integration Services,data models,1
SQL Server Integration Services,mathematics,1
Microsoft Excel,graphic design,1
SQL,financial analysis,1
SQL,geographic information systems,1
SQL,government representation,1
assist in developing marketing campaigns,data mining,1
assist in developing marketing campaigns,data models,1
assist in developing marketing campaigns,data visualisation software,1
assist in developing marketing campaigns,data warehouse,1
assist in developing marketing campaigns,database management systems,1
assist in developing marketing campaigns,develop health and safety strategies in mining,1
assist in developing marketing campaigns,engage with stakeholders,1
assist in developing marketing campaigns,financial analysis,1
assist in developing marketing campaigns,geographic information systems,1
assist in developing marketing campaigns,government representation,1
assist in developing marketing campaigns,interpret seismic data,1
assist in developing marketing campaigns,perform contract reporting and evaluation,1
assist in developing marketing campaigns,portfolio management in textile manufacturing,1
assist in developing marketing campaigns,project management,1
assist in developing marketing campaigns,reverse engineering,1
assist in developing marketing campaigns,rhetoric,1
communication,think creatively,1
"data extraction, transformation and loading tools",database management systems,1
"data extraction, transformation and loading tools",develop health and safety strategies in mining,1
assist in developing marketing campaigns,risk management,1
assist in developing marketing campaigns,statistics,1
assist in developing marketing campaigns,supervision of persons,1
assist in developing marketing campaigns,think creatively,1
business intelligence,develop health and safety strategies in mining,1
business intelligence,financial analysis,1
business intelligence,geographic information systems,1
business intelligence,government representation,1
business intelligence,interpret seismic data,1
business intelligence,portfolio management in textile manufacturing,1
business intelligence,rhetoric,1
communication,"data extraction, transformation and loading tools",1
communication,data mining,1
"data extraction, transformation and loading tools",rhetoric,1
"data extraction, transformation and loading tools",supervision of persons,1
data mining,data warehouse,1
data mining,develop health and safety strategies in mining,1
data mining,geographic information systems,1
data mining,government representation,1
data mining,portfolio management in textile manufacturing,1
communication,data warehouse,1
communication,develop health and safety strategies in mining,1
communication,financial analysis,1
communication,geographic information systems,1
communication,government representation,1
communication,interpret seismic data,1
communication,perform contract reporting and evaluation,1
communication,portfolio management in textile manufacturing,1
communication,reverse engineering,1
"data extraction, transformation and loading tools",financial analysis,1
"data extraction, transformation and loading tools",geographic information systems,1
"data extraction, transformation and loading tools",government representation,1
"data extraction, transformation and loading tools",interpret seismic data,1
"data extraction, transformation and loading tools",portfolio management in textile manufacturing,1
Microsoft Excel,marketing analytics,1
Microsoft Excel,natural language processing,1
Microsoft Excel,public relations,1
Microsoft Excel,ski,1
graphic design,keywords in digital content,1
graphic design,machine learning,1
graphic design,marketing analytics,1
graphic design,natural language processing,1
Jira,Kanban,1
Jira,reverse engineering,1
Kanban,R,1
data warehouse,interpret seismic data,1
data warehouse,perform contract reporting and evaluation,1
data mining,reverse engineering,1
data mining,rhetoric,1
data mining,risk management,1
data mining,supervision of persons,1
data mining,think creatively,1
data models,develop health and safety strategies in mining,1
data models,geographic information systems,1
data models,government representation,1
data models,interpret seismic data,1
data models,perform contract reporting and evaluation,1
data models,portfolio management in textile manufacturing,1
data models,rhetoric,1
data visualisation software,develop health and safety strategies in mining,1
"data extraction, transformation and loading tools",engage with stakeholders,1
database management systems,portfolio management in textile manufacturing,1
database management systems,project management,1
database management systems,reverse engineering,1
database management systems,rhetoric,1
data visualisation software,financial analysis,1
data visualisation software,geographic information systems,1
data visualisation software,government representation,1
data visualisation software,interpret seismic data,1
data visualisation software,portfolio management in textile manufacturing,1
data visualisation software,rhetoric,1
data warehouse,database management systems,1
data warehouse,develop health and safety strategies in mining,1
data warehouse,engage with stakeholders,1
data warehouse,financial analysis,1
data warehouse,geographic information systems,1
data warehouse,government representation,1
develop health and safety strategies in mining,reverse engineering,1
develop health and safety strategies in mining,rhetoric,1
develop health and safety strategies in mining,risk management,1
develop health and safety strategies in mining,statistics,1
develop health and safety strategies in mining,supervision of persons,1
develop health and safety strategies in mining,think creatively,1
data warehouse,portfolio management in textile manufacturing,1
data warehouse,rhetoric,1
data warehouse,supervision of persons,1
database management systems,develop health and safety strategies in mining,1
database management systems,engage with stakeholders,1
database management systems,financial analysis,1
database management systems,geographic information systems,1
database management systems,government representation,1
database management systems,interpret seismic data,1
database management systems,perform contract reporting and evaluation,1
financial analysis,government representation,1
financial analysis,interpret seismic data,1
financial analysis,perform contract reporting and evaluation,1
financial analysis,portfolio management in textile manufacturing,1
financial analysis,project management,1
financial analysis,reverse engineering,1
database management systems,supervision of persons,1
database management systems,think creatively,1
develop health and safety strategies in mining,engage with stakeholders,1
develop health and safety strategies in mining,financial analysis,1
develop health and safety strategies in mining,geographic information systems,1
develop health and safety strategies in mining,government representation,1
develop health and safety strategies in mining,interpret seismic data,1
develop health and safety strategies in mining,perform contract reporting and evaluation,1
develop health and safety strategies in mining,portfolio management in textile manufacturing,1
develop health and safety strategies in mining,project management,1
engage with stakeholders,financial analysis,1
engage with stakeholders,geographic information systems,1
engage with stakeholders,government representation,1
engage with stakeholders,perform contract reporting and evaluation,1
engage with stakeholders,portfolio management in textile manufacturing,1
Kanban,reverse engineering,1
Power BI,mathematics,1
Azure DevOps,Jira,1
Azure DevOps,Kanban,1
Azure DevOps,reverse engineering,1
Cloud Native,Google Cloud Platform,1
Cloud Native,ICT project management methodologies,1
Cloud Native,Jira,1
engage with stakeholders,reverse engineering,1
engage with stakeholders,think creatively,1
financial analysis,geographic information systems,1
interpret seismic data,rhetoric,1
interpret seismic data,risk management,1
financial analysis,rhetoric,1
financial analysis,risk management,1
financial analysis,supervision of persons,1
financial analysis,think creatively,1
geographic information systems,government representation,1
geographic information systems,interpret seismic data,1
geographic information systems,perform contract reporting and evaluation,1
geographic information systems,portfolio management in textile manufacturing,1
geographic information systems,reverse engineering,1
geographic information systems,rhetoric,1
geographic information systems,risk management,1
geographic information systems,supervision of persons,1
geographic information systems,think creatively,1
government representation,interpret seismic data,1
portfolio management in textile manufacturing,risk management,1
portfolio management in textile manufacturing,statistics,1
portfolio management in textile manufacturing,supervision of persons,1
portfolio management in textile manufacturing,think creatively,1
government representation,perform contract reporting and evaluation,1
government representation,portfolio management in textile manufacturing,1
government representation,project management,1
government representation,reverse engineering,1
government representation,rhetoric,1
government representation,risk management,1
government representation,statistics,1
government representation,supervision of persons,1
government representation,think creatively,1
interpret seismic data,perform contract reporting and evaluation,1
interpret seismic data,portfolio management in textile manufacturing,1
interpret seismic data,reverse engineering,1
interpret seismic data,public relations,1
interpret seismic data,write technical reports,1
Data Governance,ICT networking hardware,1
Data Governance,business analysis,1
Data Governance,conflict management,1
interpret seismic data,supervision of persons,1
interpret seismic data,think creatively,1
perform contract reporting and evaluation,portfolio management in textile manufacturing,1
perform contract reporting and evaluation,reverse engineering,1
perform contract reporting and evaluation,rhetoric,1
perform contract reporting and evaluation,risk management,1
perform contract reporting and evaluation,supervision of persons,1
perform contract reporting and evaluation,think creatively,1
portfolio management in textile manufacturing,project management,1
portfolio management in textile manufacturing,reverse engineering,1
portfolio management in textile manufacturing,rhetoric,1
Data Governance,marketing analytics,1
Data Governance,mergers and acquisitions,1
Data Governance,pricing strategies,1
Data Governance,provide self management support,1
Data Governance,show initiative,1
Data Governance,simplify communication in maritime management,1
Data Governance,ski,1
Data Governance,social innovation,1
Data Governance,supervise work on design planning,1
reverse engineering,rhetoric,1
rhetoric,supervision of persons,1
rhetoric,think creatively,1
supervision of persons,think creatively,1
business analysis,interpret seismic data,1
business processes,interpret seismic data,1
interact with users to gather requirements,interpret seismic data,1
ICT networking hardware,business analysis,1
ICT networking hardware,business intelligence,1
ICT networking hardware,cloud technologies,1
ICT networking hardware,communication,1
ICT networking hardware,computer programming,1
ICT networking hardware,conflict management,1
ICT networking hardware,data models,1
ICT networking hardware,data visualisation software,1
ICT networking hardware,database management systems,1
ICT networking hardware,define data quality criteria,1
Data Governance,demonstrate professional Pilates attitude,1
Data Governance,develop tourism products,1
Data Governance,ensure client orientation,1
Data Governance,have emotional intelligence,1
Data Governance,lead others,1
Data Governance,listen actively,1
ICT networking hardware,learning management systems,1
ICT networking hardware,listen actively,1
ICT networking hardware,machine learning,1
ICT networking hardware,make decisions,1
ICT networking hardware,marketing analytics,1
ICT networking hardware,mergers and acquisitions,1
ICT networking hardware,natural gas,1
ICT networking hardware,pricing strategies,1
ICT networking hardware,provide self management support,1
ICT networking hardware,radiotherapy,1
Data Governance,teach communication to clients,1
Data Governance,think holistically,1
Data Governance,use personal organization software,1
Data Governance,write technical reports,1
ICT networking hardware,ICT project management methodologies,1
ICT networking hardware,accept own accountability,1
ICT networking hardware,solve problems,1
ICT networking hardware,statistics,1
ICT networking hardware,supervise work on design planning,1
ICT networking hardware,teach communication to clients,1
ICT networking hardware,think holistically,1
ICT networking hardware,use computer telephony integration,1
ICT networking hardware,use personal organization software,1
ICT networking hardware,write technical reports,1
ICT project management methodologies,accept own accountability,1
ICT project management methodologies,communication,1
ICT networking hardware,demonstrate leadership in social service cases,1
ICT networking hardware,demonstrate professional Pilates attitude,1
ICT networking hardware,develop tourism products,1
ICT networking hardware,ensure client orientation,1
ICT networking hardware,have emotional intelligence,1
ICT networking hardware,lead others,1
Amazon Web Services,Azure DevOps,1
ICT project management methodologies,ensure client orientation,1
ICT project management methodologies,have emotional intelligence,1
ICT project management methodologies,lead others,1
ICT project management methodologies,listen actively,1
ICT project management methodologies,make decisions,1
ICT project management methodologies,marketing analytics,1
ICT project management methodologies,mergers and acquisitions,1
ICT project management methodologies,pricing strategies,1
ICT project management methodologies,provide self management support,1
ICT networking hardware,risk management,1
ICT networking hardware,semiconductors,1
ICT networking hardware,show initiative,1
ICT networking hardware,simplify communication in maritime management,1
ICT networking hardware,ski,1
ICT networking hardware,social innovation,1
ICT project management methodologies,define data quality criteria,1
ICT project management methodologies,demonstrate professional Pilates attitude,1
ICT project management methodologies,develop tourism products,1
Cloud Native,Kanban,1
Cloud Native,R,1
Cloud Native,reverse engineering,1
Google Cloud Platform,ICT project management methodologies,1
Google Cloud Platform,Jira,1
Google Cloud Platform,Kanban,1
Google Cloud Platform,reverse engineering,1
ICT project management methodologies,Kanban,1
data models,service-oriented modelling,1
database,service-oriented modelling,1
data analytics,perform failure analysis of production process,1
data analytics,root cause analysis,1
perform failure analysis of production process,root cause analysis,1
ICT project management methodologies,semiconductors,1
ICT project management methodologies,show initiative,1
ICT project management methodologies,simplify communication in maritime management,1
ICT project management methodologies,social innovation,1
ICT project management methodologies,supervise work on design planning,1
ICT project management methodologies,teach communication to clients,1
ICT project management methodologies,think holistically,1
ICT project management methodologies,use personal organization software,1
accept own accountability,business analysis,1
accept own accountability,business intelligence,1
accept own accountability,cloud technologies,1
accept own accountability,computer programming,1
accept own accountability,conflict management,1
accept own accountability,data models,1
accept own accountability,data visualisation software,1
ICT project management methodologies,conflict management,1
accept own accountability,use computer telephony integration,1
accept own accountability,use personal organization software,1
accept own accountability,write technical reports,1
accept own accountability,database management systems,1
accept own accountability,define data quality criteria,1
accept own accountability,demonstrate professional Pilates attitude,1
accept own accountability,develop tourism products,1
accept own accountability,ensure client orientation,1
accept own accountability,have emotional intelligence,1
accept own accountability,lead others,1
accept own accountability,learning management systems,1
accept own accountability,listen actively,1
accept own accountability,machine learning,1
accept own accountability,marketing analytics,1
accept own accountability,mergers and acquisitions,1
accept own accountability,pricing strategies,1
business analysis,listen actively,1
business analysis,machine learning,1
business analysis,marketing analytics,1
business analysis,mergers and acquisitions,1
business analysis,provide self management support,1
business analysis,radiotherapy,1
accept own accountability,provide self management support,1
accept own accountability,radiotherapy,1
accept own accountability,show initiative,1
accept own accountability,simplify communication in maritime management,1
accept own accountability,ski,1
accept own accountability,social innovation,1
accept own accountability,statistics,1
accept own accountability,supervise work on design planning,1
accept own accountability,teach communication to clients,1
accept own accountability,think holistically,1
business analysis,conflict management,1
business analysis,database management systems,1
business analysis,demonstrate professional Pilates attitude,1
Amazon Web Services,Cloud Native,1
Amazon Web Services,ICT project management methodologies,1
Amazon Web Services,Jira,1
Amazon Web Services,Kanban,1
Amazon Web Services,reverse engineering,1
Azure DevOps,Cloud Native,1
Azure DevOps,Google Cloud Platform,1
Azure DevOps,ICT project management methodologies,1
JavaScript,XML Schema,1
business analysis,develop tourism products,1
business analysis,ensure client orientation,1
business analysis,have emotional intelligence,1
business analysis,lead others,1
cloud technologies,data visualisation software,1
business analysis,show initiative,1
business analysis,social innovation,1
business analysis,supervise work on design planning,1
business analysis,teach communication to clients,1
business analysis,think holistically,1
business analysis,use personal organization software,1
business intelligence,conflict management,1
business intelligence,demonstrate professional Pilates attitude,1
business intelligence,develop tourism products,1
business intelligence,ensure client orientation,1
business intelligence,have emotional intelligence,1
business intelligence,lead others,1
business intelligence,listen actively,1
business intelligence,make decisions,1
business intelligence,marketing analytics,1
cloud technologies,semiconductors,1
cloud technologies,show initiative,1
cloud technologies,simplify communication in maritime management,1
business intelligence,mergers and acquisitions,1
business intelligence,provide self management support,1
business intelligence,show initiative,1
business intelligence,simplify communication in maritime management,1
business intelligence,ski,1
business intelligence,social innovation,1
business intelligence,supervise work on design planning,1
business intelligence,teach communication to clients,1
business intelligence,think holistically,1
business intelligence,use personal organization software,1
business intelligence,write technical reports,1
cloud technologies,communication,1
cloud technologies,conflict management,1
communication,demonstrate professional Pilates attitude,1
communication,develop tourism products,1
communication,ensure client orientation,1
communication,have emotional intelligence,1
cloud technologies,demonstrate leadership in social service cases,1
cloud technologies,demonstrate professional Pilates attitude,1
cloud technologies,develop tourism products,1
cloud technologies,ensure client orientation,1
cloud technologies,have emotional intelligence,1
cloud technologies,lead others,1
cloud technologies,listen actively,1
cloud technologies,make decisions,1
cloud technologies,marketing analytics,1
cloud technologies,mergers and acquisitions,1
cloud technologies,pricing strategies,1
cloud technologies,provide self management support,1
communication,show initiative,1
communication,simplify communication in maritime management,1
communication,ski,1
communication,social innovation,1
communication,supervise work on design planning,1
cloud technologies,ski,1
cloud technologies,social innovation,1
cloud technologies,solve problems,1
cloud technologies,supervise work on design planning,1
cloud technologies,teach communication to clients,1
cloud technologies,think holistically,1
cloud technologies,use personal organization software,1
cloud technologies,write technical reports,1
communication,computer programming,1
communication,conflict management,1
communication,define data quality criteria,1
computer programming,ensure client orientation,1
computer programming,have emotional intelligence,1
computer programming,lead others,1
computer programming,listen actively,1
computer programming,marketing analytics,1
computer programming,mergers and acquisitions,1
computer programming,provide self management support,1
communication,lead others,1
communication,learning management systems,1
communication,listen actively,1
communication,machine learning,1
communication,marketing analytics,1
communication,mergers and acquisitions,1
communication,pricing strategies,1
communication,provide self management support,1
communication,radiotherapy,1
communication,teach communication to clients,1
communication,think holistically,1
communication,use computer telephony integration,1
communication,use personal organization software,1
computer programming,conflict management,1
JavaScript,data models,1
JavaScript,service-oriented modelling,1
XML,XML Schema,1
XML,data models,1
XML,database,1
XML,service-oriented modelling,1
XML Schema,data models,1
XML Schema,database,1
XML Schema,service-oriented modelling,1
computer programming,demonstrate professional Pilates attitude,1
computer programming,develop tourism products,1
computer programming,show initiative,1
computer programming,social innovation,1
computer programming,teach communication to clients,1
computer programming,think holistically,1
conflict management,data models,1
conflict management,data visualisation software,1
conflict management,database management systems,1
conflict management,define data quality criteria,1
conflict management,demonstrate leadership in social service cases,1
conflict management,demonstrate professional Pilates attitude,1
conflict management,develop tourism products,1
conflict management,ensure client orientation,1
conflict management,have emotional intelligence,1
conflict management,lead others,1
conflict management,learning management systems,1
conflict management,listen actively,1
conflict management,machine learning,1
conflict management,make decisions,1
conflict management,marketing analytics,1
conflict management,mergers and acquisitions,1
conflict management,natural gas,1
conflict management,pricing strategies,1
conflict management,provide self management support,1
conflict management,radiotherapy,1
conflict management,risk management,1
conflict management,semiconductors,1
conflict management,show initiative,1
conflict management,simplify communication in maritime management,1
conflict management,ski,1
conflict management,social innovation,1
conflict management,solve problems,1
conflict management,statistics,1
conflict management,supervise work on design planning,1
conflict management,teach communication to clients,1
conflict management,think holistically,1
conflict management,use computer telephony integration,1
conflict management,use personal organization software,1
conflict management,write technical reports,1
data models,demonstrate professional Pilates attitude,1
data models,develop tourism products,1
data models,ensure client orientation,1
data models,have emotional intelligence,1
data models,lead others,1
data models,listen actively,1
data models,make decisions,1
data models,marketing analytics,1
data models,mergers and acquisitions,1
data models,provide self management support,1
data models,show initiative,1
data models,simplify communication in maritime management,1
data models,ski,1
data models,social innovation,1
data models,supervise work on design planning,1
data models,teach communication to clients,1
data models,think holistically,1
data models,use personal organization software,1
data models,write technical reports,1
data visualisation software,demonstrate professional Pilates attitude,1
data visualisation software,develop tourism products,1
data visualisation software,ensure client orientation,1
data visualisation software,have emotional intelligence,1
data visualisation software,learning management systems,1
data visualisation software,listen actively,1
data visualisation software,make decisions,1
data visualisation software,marketing analytics,1
data visualisation software,mergers and acquisitions,1
data visualisation software,pricing strategies,1
data visualisation software,provide self management support,1
data visualisation software,show initiative,1
data visualisation software,simplify communication in maritime management,1
data visualisation software,supervise work on design planning,1
data visualisation software,teach communication to clients,1
data visualisation software,think holistically,1
data visualisation software,use personal organization software,1
data visualisation software,write technical reports,1
database management systems,define data quality criteria,1
database management systems,demonstrate leadership in social service cases,1
database management systems,demonstrate professional Pilates attitude,1
database management systems,develop tourism products,1
database management systems,ensure client orientation,1
define data quality criteria,learning management systems,1
define data quality criteria,listen actively,1
database management systems,have emotional intelligence,1
database management systems,lead others,1
database management systems,listen actively,1
database management systems,make decisions,1
database management systems,marketing analytics,1
database management systems,mergers and acquisitions,1
database management systems,natural gas,1
database management systems,pricing strategies,1
database management systems,provide self management support,1
database management systems,radiotherapy,1
database management systems,semiconductors,1
database management systems,show initiative,1
database management systems,simplify communication in maritime management,1
database management systems,ski,1
define data quality criteria,write technical reports,1
demonstrate leadership in social service cases,demonstrate professional Pilates attitude,1
demonstrate leadership in social service cases,develop tourism products,1
database management systems,social innovation,1
database management systems,solve problems,1
database management systems,supervise work on design planning,1
database management systems,teach communication to clients,1
database management systems,think holistically,1
database management systems,use personal organization software,1
database management systems,write technical reports,1
define data quality criteria,demonstrate leadership in social service cases,1
define data quality criteria,demonstrate professional Pilates attitude,1
define data quality criteria,develop tourism products,1
define data quality criteria,ensure client orientation,1
define data quality criteria,have emotional intelligence,1
define data quality criteria,lead others,1
demonstrate leadership in social service cases,think holistically,1
demonstrate leadership in social service cases,use personal organization software,1
demonstrate professional Pilates attitude,develop tourism products,1
define data quality criteria,make decisions,1
define data quality criteria,marketing analytics,1
define data quality criteria,mergers and acquisitions,1
define data quality criteria,pricing strategies,1
define data quality criteria,provide self management support,1
define data quality criteria,risk management,1
define data quality criteria,show initiative,1
define data quality criteria,simplify communication in maritime management,1
define data quality criteria,ski,1
define data quality criteria,supervise work on design planning,1
define data quality criteria,teach communication to clients,1
define data quality criteria,think holistically,1
define data quality criteria,use personal organization software,1
demonstrate professional Pilates attitude,radiotherapy,1
demonstrate professional Pilates attitude,risk management,1
demonstrate professional Pilates attitude,semiconductors,1
demonstrate professional Pilates attitude,show initiative,1
demonstrate leadership in social service cases,ensure client orientation,1
demonstrate leadership in social service cases,have emotional intelligence,1
demonstrate leadership in social service cases,listen actively,1
demonstrate leadership in social service cases,machine learning,1
demonstrate leadership in social service cases,marketing analytics,1
demonstrate leadership in social service cases,mergers and acquisitions,1
demonstrate leadership in social service cases,provide self management support,1
demonstrate leadership in social service cases,radiotherapy,1
demonstrate leadership in social service cases,show initiative,1
demonstrate leadership in social service cases,simplify communication in maritime management,1
demonstrate leadership in social service cases,supervise work on design planning,1
demonstrate leadership in social service cases,teach communication to clients,1
develop tourism products,have emotional intelligence,1
develop tourism products,lead others,1
develop tourism products,learning management systems,1
develop tourism products,listen actively,1
demonstrate professional Pilates attitude,ensure client orientation,1
demonstrate professional Pilates attitude,have emotional intelligence,1
demonstrate professional Pilates attitude,lead others,1
demonstrate professional Pilates attitude,learning management systems,1
demonstrate professional Pilates attitude,listen actively,1
demonstrate professional Pilates attitude,machine learning,1
demonstrate professional Pilates attitude,make decisions,1
demonstrate professional Pilates attitude,marketing analytics,1
demonstrate professional Pilates attitude,mergers and acquisitions,1
demonstrate professional Pilates attitude,natural gas,1
demonstrate professional Pilates attitude,pricing strategies,1
demonstrate professional Pilates attitude,provide self management support,1
develop tourism products,ski,1
develop tourism products,social innovation,1
develop tourism products,solve problems,1
develop tourism products,statistics,1
demonstrate professional Pilates attitude,simplify communication in maritime management,1
demonstrate professional Pilates attitude,ski,1
demonstrate professional Pilates attitude,social innovation,1
demonstrate professional Pilates attitude,solve problems,1
demonstrate professional Pilates attitude,statistics,1
demonstrate professional Pilates attitude,supervise work on design planning,1
demonstrate professional Pilates attitude,teach communication to clients,1
demonstrate professional Pilates attitude,think holistically,1
demonstrate professional Pilates attitude,use computer telephony integration,1
demonstrate professional Pilates attitude,use personal organization software,1
demonstrate professional Pilates attitude,write technical reports,1
develop tourism products,ensure client orientation,1
ensure client orientation,marketing analytics,1
ensure client orientation,mergers and acquisitions,1
ensure client orientation,natural gas,1
ensure client orientation,pricing strategies,1
develop tourism products,machine learning,1
develop tourism products,make decisions,1
develop tourism products,marketing analytics,1
develop tourism products,mergers and acquisitions,1
develop tourism products,natural gas,1
develop tourism products,pricing strategies,1
develop tourism products,provide self management support,1
develop tourism products,radiotherapy,1
develop tourism products,risk management,1
develop tourism products,semiconductors,1
develop tourism products,show initiative,1
develop tourism products,simplify communication in maritime management,1
ensure client orientation,think holistically,1
ensure client orientation,use computer telephony integration,1
ensure client orientation,use personal organization software,1
ensure client orientation,write technical reports,1
develop tourism products,supervise work on design planning,1
develop tourism products,teach communication to clients,1
develop tourism products,think holistically,1
develop tourism products,use computer telephony integration,1
develop tourism products,use personal organization software,1
develop tourism products,write technical reports,1
ensure client orientation,have emotional intelligence,1
ensure client orientation,lead others,1
ensure client orientation,learning management systems,1
ensure client orientation,listen actively,1
ensure client orientation,machine learning,1
ensure client orientation,make decisions,1
have emotional intelligence,semiconductors,1
have emotional intelligence,show initiative,1
have emotional intelligence,simplify communication in maritime management,1
have emotional intelligence,ski,1
ensure client orientation,provide self management support,1
ensure client orientation,radiotherapy,1
ensure client orientation,risk management,1
ensure client orientation,semiconductors,1
ensure client orientation,show initiative,1
ensure client orientation,simplify communication in maritime management,1
ensure client orientation,ski,1
ensure client orientation,social innovation,1
ensure client orientation,solve problems,1
ensure client orientation,statistics,1
ensure client orientation,supervise work on design planning,1
ensure client orientation,teach communication to clients,1
lead others,make decisions,1
lead others,marketing analytics,1
lead others,mergers and acquisitions,1
lead others,natural gas,1
have emotional intelligence,lead others,1
have emotional intelligence,learning management systems,1
have emotional intelligence,listen actively,1
have emotional intelligence,machine learning,1
have emotional intelligence,make decisions,1
have emotional intelligence,marketing analytics,1
have emotional intelligence,mergers and acquisitions,1
have emotional intelligence,natural gas,1
have emotional intelligence,pricing strategies,1
have emotional intelligence,provide self management support,1
have emotional intelligence,radiotherapy,1
have emotional intelligence,risk management,1
lead others,write technical reports,1
learning management systems,listen actively,1
learning management systems,make decisions,1
learning management systems,marketing analytics,1
have emotional intelligence,social innovation,1
have emotional intelligence,solve problems,1
have emotional intelligence,statistics,1
have emotional intelligence,supervise work on design planning,1
have emotional intelligence,teach communication to clients,1
have emotional intelligence,think holistically,1
have emotional intelligence,use computer telephony integration,1
have emotional intelligence,use personal organization software,1
have emotional intelligence,write technical reports,1
lead others,learning management systems,1
lead others,listen actively,1
lead others,machine learning,1
listen actively,marketing analytics,1
listen actively,mergers and acquisitions,1
listen actively,natural gas,1
listen actively,pricing strategies,1
lead others,pricing strategies,1
lead others,provide self management support,1
lead others,radiotherapy,1
lead others,risk management,1
lead others,show initiative,1
lead others,simplify communication in maritime management,1
lead others,solve problems,1
lead others,statistics,1
lead others,supervise work on design planning,1
lead others,teach communication to clients,1
lead others,think holistically,1
lead others,use personal organization software,1
listen actively,think holistically,1
listen actively,use computer telephony integration,1
listen actively,use personal organization software,1
listen actively,write technical reports,1
learning management systems,mergers and acquisitions,1
learning management systems,provide self management support,1
learning management systems,show initiative,1
learning management systems,simplify communication in maritime management,1
learning management systems,social innovation,1
learning management systems,supervise work on design planning,1
learning management systems,teach communication to clients,1
learning management systems,think holistically,1
learning management systems,use personal organization software,1
learning management systems,write technical reports,1
listen actively,machine learning,1
listen actively,make decisions,1
machine learning,think holistically,1
machine learning,use personal organization software,1
machine learning,write technical reports,1
make decisions,marketing analytics,1
listen actively,provide self management support,1
listen actively,radiotherapy,1
listen actively,risk management,1
listen actively,semiconductors,1
listen actively,show initiative,1
listen actively,simplify communication in maritime management,1
listen actively,ski,1
listen actively,social innovation,1
listen actively,solve problems,1
listen actively,statistics,1
listen actively,supervise work on design planning,1
listen actively,teach communication to clients,1
make decisions,use personal organization software,1
machine learning,make decisions,1
machine learning,mergers and acquisitions,1
machine learning,pricing strategies,1
machine learning,provide self management support,1
database,digital identity management,1
database,distributed computing,1
database,manage workflow processes,1
digital identity management,distributed computing,1
digital identity management,manage workflow processes,1
machine learning,semiconductors,1
machine learning,show initiative,1
machine learning,simplify communication in maritime management,1
machine learning,social innovation,1
machine learning,supervise work on design planning,1
machine learning,teach communication to clients,1
marketing analytics,supervise work on design planning,1
marketing analytics,teach communication to clients,1
marketing analytics,think holistically,1
marketing analytics,use computer telephony integration,1
make decisions,mergers and acquisitions,1
make decisions,pricing strategies,1
make decisions,provide self management support,1
make decisions,radiotherapy,1
make decisions,show initiative,1
make decisions,simplify communication in maritime management,1
make decisions,ski,1
make decisions,social innovation,1
make decisions,supervise work on design planning,1
make decisions,teach communication to clients,1
make decisions,think holistically,1
make decisions,use computer telephony integration,1
mergers and acquisitions,solve problems,1
mergers and acquisitions,statistics,1
mergers and acquisitions,supervise work on design planning,1
mergers and acquisitions,teach communication to clients,1
marketing analytics,mergers and acquisitions,1
marketing analytics,natural gas,1
marketing analytics,pricing strategies,1
marketing analytics,provide self management support,1
marketing analytics,radiotherapy,1
marketing analytics,risk management,1
marketing analytics,semiconductors,1
marketing analytics,show initiative,1
marketing analytics,simplify communication in maritime management,1
marketing analytics,social innovation,1
marketing analytics,solve problems,1
marketing analytics,statistics,1
natural gas,write technical reports,1
pricing strategies,provide self management support,1
pricing strategies,radiotherapy,1
pricing strategies,semiconductors,1
marketing analytics,use personal organization software,1
marketing analytics,write technical reports,1
mergers and acquisitions,natural gas,1
mergers and acquisitions,pricing strategies,1
mergers and acquisitions,provide self management support,1
mergers and acquisitions,radiotherapy,1
mergers and acquisitions,risk management,1
mergers and acquisitions,semiconductors,1
mergers and acquisitions,show initiative,1
mergers and acquisitions,simplify communication in maritime management,1
mergers and acquisitions,ski,1
mergers and acquisitions,social innovation,1
provide self management support,semiconductors,1
provide self management support,show initiative,1
provide self management support,simplify communication in maritime management,1
provide self management support,ski,1
mergers and acquisitions,think holistically,1
mergers and acquisitions,use computer telephony integration,1
mergers and acquisitions,use personal organization software,1
mergers and acquisitions,write technical reports,1
natural gas,pricing strategies,1
natural gas,provide self management support,1
natural gas,show initiative,1
natural gas,simplify communication in maritime management,1
natural gas,supervise work on design planning,1
natural gas,teach communication to clients,1
natural gas,think holistically,1
natural gas,use personal organization software,1
radiotherapy,ski,1
radiotherapy,social innovation,1
radiotherapy,supervise work on design planning,1
radiotherapy,teach communication to clients,1
pricing strategies,show initiative,1
pricing strategies,simplify communication in maritime management,1
pricing strategies,ski,1
pricing strategies,social innovation,1
pricing strategies,solve problems,1
pricing strategies,supervise work on design planning,1
pricing strategies,teach communication to clients,1
pricing strategies,think holistically,1
pricing strategies,use personal organization software,1
pricing strategies,write technical reports,1
provide self management support,radiotherapy,1
provide self management support,risk management,1
risk management,use personal organization software,1
risk management,write technical reports,1
semiconductors,show initiative,1
semiconductors,teach communication to clients,1
provide self management support,social innovation,1
provide self management support,solve problems,1
provide self management support,statistics,1
provide self management support,supervise work on design planning,1
provide self management support,teach communication to clients,1
provide self management support,think holistically,1
provide self management support,use computer telephony integration,1
provide self management support,use personal organization software,1
provide self management support,write technical reports,1
radiotherapy,risk management,1
radiotherapy,show initiative,1
radiotherapy,simplify communication in maritime management,1
radiotherapy,use personal organization software,1
radiotherapy,write technical reports,1
risk management,show initiative,1
risk management,simplify communication in maritime management,1
digital identity management,reverse engineering,1
distributed computing,manage workflow processes,1
manage workflow processes,reverse engineering,1
SQL,digital identity management,1
SQL,distributed computing,1
SQL,manage workflow processes,1
Software Development Life Cycle,analyse pipeline database information,1
risk management,ski,1
risk management,social innovation,1
risk management,supervise work on design planning,1
risk management,teach communication to clients,1
risk management,think holistically,1
solve problems,supervise work on design planning,1
semiconductors,think holistically,1
semiconductors,write technical reports,1
show initiative,simplify communication in maritime management,1
show initiative,ski,1
show initiative,social innovation,1
show initiative,solve problems,1
show initiative,statistics,1
show initiative,supervise work on design planning,1
show initiative,teach communication to clients,1
show initiative,think holistically,1
show initiative,use computer telephony integration,1
show initiative,use personal organization software,1
show initiative,write technical reports,1
simplify communication in maritime management,social innovation,1
radiotherapy,think holistically,1
think holistically,write technical reports,1
simplify communication in maritime management,teach communication to clients,1
simplify communication in maritime management,think holistically,1
simplify communication in maritime management,use computer telephony integration,1
simplify communication in maritime management,write technical reports,1
ski,supervise work on design planning,1
ski,teach communication to clients,1
ski,think holistically,1
ski,use personal organization software,1
ski,write technical reports,1
social innovation,solve problems,1
social innovation,supervise work on design planning,1
social innovation,teach communication to clients,1
social innovation,think holistically,1
social innovation,use personal organization software,1
social innovation,write technical reports,1
Code Optimization,think creatively,1
solve problems,teach communication to clients,1
solve problems,think holistically,1
solve problems,use personal organization software,1
statistics,teach communication to clients,1
statistics,think holistically,1
supervise work on design planning,teach communication to clients,1
supervise work on design planning,think holistically,1
supervise work on design planning,use computer telephony integration,1
supervise work on design planning,write technical reports,1
teach communication to clients,think holistically,1
teach communication to clients,use computer telephony integration,1
teach communication to clients,use personal organization software,1
teach communication to clients,write technical reports,1
think holistically,use computer telephony integration,1
think holistically,use personal organization software,1
Fault Tolerance,Microservices,1
use computer telephony integration,use personal organization software,1
use personal organization software,write technical reports,1
Code Optimization,Distributed Systems,1
Code Optimization,Fault Tolerance,1
Code Optimization,Groovy,1
Code Optimization,High Performance Computing,1
Code Optimization,Microservices,1
Code Optimization,Performance Optimization,1
Code Optimization,Scala,1
Code Optimization,cloud technologies,1
Code Optimization,deploy cloud resource,1
Code Optimization,human-robot collaboration,1
Code Optimization,machine learning,1
Code Optimization,manage ICT virtualisation environments,1
Code Optimization,principles of artificial intelligence,1
Groovy,manage ICT virtualisation environments,1
Distributed Systems,Fault Tolerance,1
Distributed Systems,Groovy,1
Distributed Systems,High Performance Computing,1
Distributed Systems,Microservices,1
Distributed Systems,Performance Optimization,1
Distributed Systems,Scala,1
Distributed Systems,cloud technologies,1
Distributed Systems,deploy cloud resource,1
Distributed Systems,human-robot collaboration,1
Distributed Systems,machine learning,1
Distributed Systems,manage ICT virtualisation environments,1
Distributed Systems,principles of artificial intelligence,1
Distributed Systems,think creatively,1
Fault Tolerance,Groovy,1
Fault Tolerance,High Performance Computing,1
Microservices,manage ICT virtualisation environments,1
Fault Tolerance,Performance Optimization,1
Fault Tolerance,Scala,1
Fault Tolerance,cloud technologies,1
Fault Tolerance,deploy cloud resource,1
Fault Tolerance,human-robot collaboration,1
Fault Tolerance,machine learning,1
Fault Tolerance,manage ICT virtualisation environments,1
Fault Tolerance,principles of artificial intelligence,1
Fault Tolerance,think creatively,1
Groovy,High Performance Computing,1
Groovy,Microservices,1
Groovy,Performance Optimization,1
Groovy,cloud technologies,1
Groovy,deploy cloud resource,1
Groovy,machine learning,1
deploy cloud resource,machine learning,1
Groovy,think creatively,1
High Performance Computing,Microservices,1
High Performance Computing,Performance Optimization,1
High Performance Computing,Scala,1
High Performance Computing,cloud technologies,1
High Performance Computing,deploy cloud resource,1
High Performance Computing,human-robot collaboration,1
High Performance Computing,machine learning,1
High Performance Computing,manage ICT virtualisation environments,1
High Performance Computing,principles of artificial intelligence,1
High Performance Computing,think creatively,1
Microservices,Performance Optimization,1
Microservices,Scala,1
Microservices,deploy cloud resource,1
Microservices,human-robot collaboration,1
Data Governance,control compliance of railway vehicles regulations,1
Data Governance,design management,1
Data Governance,ensure compliance with policies,1
Data Governance,evaluate project plans,1
Microservices,principles of artificial intelligence,1
Microservices,think creatively,1
Performance Optimization,deploy cloud resource,1
Performance Optimization,human-robot collaboration,1
Performance Optimization,manage ICT virtualisation environments,1
Performance Optimization,principles of artificial intelligence,1
Scala,deploy cloud resource,1
Scala,think creatively,1
cloud technologies,deploy cloud resource,1
cloud technologies,human-robot collaboration,1
cloud technologies,manage ICT virtualisation environments,1
deploy cloud resource,human-robot collaboration,1
accept own accountability,design management,1
accept own accountability,engage with stakeholders,1
accept own accountability,ensure compliance with policies,1
accept own accountability,evaluate project plans,1
deploy cloud resource,manage ICT virtualisation environments,1
deploy cloud resource,principles of artificial intelligence,1
deploy cloud resource,think creatively,1
human-robot collaboration,machine learning,1
human-robot collaboration,manage ICT virtualisation environments,1
human-robot collaboration,think creatively,1
machine learning,manage ICT virtualisation environments,1
machine learning,think creatively,1
manage ICT virtualisation environments,principles of artificial intelligence,1
manage ICT virtualisation environments,think creatively,1
principles of artificial intelligence,think creatively,1
Data Governance,augmented reality,1
accept own accountability,show diplomacy,1
accept own accountability,solar energy,1
augmented reality,communication,1
augmented reality,control compliance of railway vehicles regulations,1
Data Governance,integrated circuits,1
Data Governance,integrated development environment software,1
Data Governance,liaise with quality assurance,1
Data Governance,manage drilling team,1
Data Governance,metrology,1
Data Governance,plan resource allocation,1
Data Governance,policy analysis,1
Data Governance,reputation management,1
Data Governance,security of assets legislation,1
Data Governance,show diplomacy,1
accept own accountability,augmented reality,1
accept own accountability,control compliance of railway vehicles regulations,1
augmented reality,natural gas,1
augmented reality,plan resource allocation,1
augmented reality,policy analysis,1
augmented reality,project management,1
accept own accountability,identify process improvements,1
accept own accountability,integrated circuits,1
accept own accountability,integrated development environment software,1
accept own accountability,liaise with quality assurance,1
accept own accountability,manage drilling team,1
accept own accountability,metrology,1
accept own accountability,plan resource allocation,1
accept own accountability,policy analysis,1
accept own accountability,project management,1
accept own accountability,reputation management,1
accept own accountability,rhetoric,1
accept own accountability,security of assets legislation,1
communication,ensure compliance with policies,1
communication,evaluate project plans,1
communication,integrated circuits,1
communication,integrated development environment software,1
communication,liaise with quality assurance,1
augmented reality,demonstrate leadership in social service cases,1
augmented reality,design management,1
augmented reality,engage with stakeholders,1
augmented reality,ensure compliance with policies,1
augmented reality,evaluate project plans,1
augmented reality,identify process improvements,1
augmented reality,integrated development environment software,1
augmented reality,liaise with quality assurance,1
augmented reality,make decisions,1
augmented reality,manage drilling team,1
augmented reality,metrology,1
control compliance of railway vehicles regulations,engage with stakeholders,1
control compliance of railway vehicles regulations,ensure compliance with policies,1
control compliance of railway vehicles regulations,evaluate project plans,1
control compliance of railway vehicles regulations,integrated circuits,1
control compliance of railway vehicles regulations,integrated development environment software,1
control compliance of railway vehicles regulations,liaise with quality assurance,1
augmented reality,reputation management,1
augmented reality,rhetoric,1
augmented reality,risk management,1
augmented reality,security of assets legislation,1
augmented reality,semiconductors,1
augmented reality,show diplomacy,1
augmented reality,solar energy,1
augmented reality,solve problems,1
communication,control compliance of railway vehicles regulations,1
communication,design management,1
control compliance of railway vehicles regulations,solar energy,1
control compliance of railway vehicles regulations,solve problems,1
demonstrate leadership in social service cases,design management,1
demonstrate leadership in social service cases,ensure compliance with policies,1
demonstrate leadership in social service cases,evaluate project plans,1
demonstrate leadership in social service cases,identify process improvements,1
communication,manage drilling team,1
communication,metrology,1
communication,plan resource allocation,1
communication,policy analysis,1
communication,reputation management,1
communication,security of assets legislation,1
communication,show diplomacy,1
communication,solar energy,1
control compliance of railway vehicles regulations,demonstrate leadership in social service cases,1
control compliance of railway vehicles regulations,design management,1
demonstrate leadership in social service cases,solar energy,1
design management,engage with stakeholders,1
design management,ensure compliance with policies,1
design management,evaluate project plans,1
design management,identify process improvements,1
design management,integrated circuits,1
control compliance of railway vehicles regulations,make decisions,1
control compliance of railway vehicles regulations,manage drilling team,1
control compliance of railway vehicles regulations,metrology,1
control compliance of railway vehicles regulations,plan resource allocation,1
control compliance of railway vehicles regulations,policy analysis,1
control compliance of railway vehicles regulations,reputation management,1
control compliance of railway vehicles regulations,rhetoric,1
control compliance of railway vehicles regulations,risk management,1
control compliance of railway vehicles regulations,security of assets legislation,1
control compliance of railway vehicles regulations,show diplomacy,1
design management,rhetoric,1
design management,risk management,1
design management,security of assets legislation,1
design management,semiconductors,1
design management,show diplomacy,1
design management,solar energy,1
demonstrate leadership in social service cases,integrated circuits,1
demonstrate leadership in social service cases,integrated development environment software,1
demonstrate leadership in social service cases,liaise with quality assurance,1
demonstrate leadership in social service cases,metrology,1
demonstrate leadership in social service cases,plan resource allocation,1
demonstrate leadership in social service cases,policy analysis,1
demonstrate leadership in social service cases,reputation management,1
demonstrate leadership in social service cases,rhetoric,1
demonstrate leadership in social service cases,security of assets legislation,1
demonstrate leadership in social service cases,show diplomacy,1
engage with stakeholders,reputation management,1
engage with stakeholders,security of assets legislation,1
engage with stakeholders,semiconductors,1
engage with stakeholders,show diplomacy,1
engage with stakeholders,solar energy,1
ensure compliance with policies,evaluate project plans,1
design management,integrated development environment software,1
design management,liaise with quality assurance,1
design management,make decisions,1
design management,manage drilling team,1
design management,metrology,1
design management,natural gas,1
design management,plan resource allocation,1
design management,policy analysis,1
design management,project management,1
design management,reputation management,1
ensure compliance with policies,policy analysis,1
ensure compliance with policies,project management,1
ensure compliance with policies,reputation management,1
ensure compliance with policies,rhetoric,1
ensure compliance with policies,risk management,1
ensure compliance with policies,security of assets legislation,1
ensure compliance with policies,semiconductors,1
design management,solve problems,1
engage with stakeholders,ensure compliance with policies,1
engage with stakeholders,evaluate project plans,1
engage with stakeholders,integrated circuits,1
engage with stakeholders,integrated development environment software,1
engage with stakeholders,metrology,1
engage with stakeholders,natural gas,1
engage with stakeholders,plan resource allocation,1
engage with stakeholders,policy analysis,1
evaluate project plans,metrology,1
evaluate project plans,natural gas,1
evaluate project plans,plan resource allocation,1
evaluate project plans,policy analysis,1
evaluate project plans,project management,1
evaluate project plans,reputation management,1
evaluate project plans,rhetoric,1
ensure compliance with policies,identify process improvements,1
ensure compliance with policies,integrated circuits,1
ensure compliance with policies,integrated development environment software,1
ensure compliance with policies,liaise with quality assurance,1
ensure compliance with policies,make decisions,1
ensure compliance with policies,manage drilling team,1
ensure compliance with policies,metrology,1
ensure compliance with policies,natural gas,1
ensure compliance with policies,plan resource allocation,1
identify process improvements,manage drilling team,1
identify process improvements,metrology,1
identify process improvements,plan resource allocation,1
identify process improvements,policy analysis,1
identify process improvements,reputation management,1
identify process improvements,rhetoric,1
identify process improvements,risk management,1
ensure compliance with policies,show diplomacy,1
ensure compliance with policies,solar energy,1
ensure compliance with policies,solve problems,1
evaluate project plans,identify process improvements,1
evaluate project plans,integrated circuits,1
evaluate project plans,integrated development environment software,1
evaluate project plans,liaise with quality assurance,1
evaluate project plans,make decisions,1
evaluate project plans,manage drilling team,1
integrated circuits,metrology,1
integrated circuits,natural gas,1
integrated circuits,plan resource allocation,1
integrated circuits,policy analysis,1
integrated circuits,reputation management,1
integrated circuits,rhetoric,1
integrated circuits,risk management,1
integrated circuits,security of assets legislation,1
evaluate project plans,risk management,1
evaluate project plans,security of assets legislation,1
evaluate project plans,semiconductors,1
evaluate project plans,show diplomacy,1
evaluate project plans,solar energy,1
evaluate project plans,solve problems,1
identify process improvements,integrated development environment software,1
identify process improvements,liaise with quality assurance,1
integrated development environment software,natural gas,1
integrated development environment software,plan resource allocation,1
integrated development environment software,policy analysis,1
integrated development environment software,project management,1
integrated development environment software,reputation management,1
integrated development environment software,rhetoric,1
integrated development environment software,risk management,1
integrated development environment software,security of assets legislation,1
integrated development environment software,show diplomacy,1
integrated development environment software,solve problems,1
identify process improvements,security of assets legislation,1
identify process improvements,show diplomacy,1
integrated circuits,integrated development environment software,1
integrated circuits,liaise with quality assurance,1
integrated circuits,make decisions,1
integrated circuits,manage drilling team,1
integrated circuits,solar energy,1
integrated development environment software,liaise with quality assurance,1
integrated development environment software,make decisions,1
integrated development environment software,manage drilling team,1
integrated development environment software,metrology,1
Software Development Life Cycle,database,1
Software Development Life Cycle,digital identity management,1
Software Development Life Cycle,distributed computing,1
Software Development Life Cycle,manage workflow processes,1
analyse pipeline database information,digital identity management,1
analyse pipeline database information,manage workflow processes,1
Oracle Warehouse Builder,manage workflow processes,1
Oracle Warehouse Builder,reverse engineering,1
Python,Software Development Life Cycle,1
Python,digital identity management,1
Python,distributed computing,1
manage drilling team,security of assets legislation,1
manage drilling team,semiconductors,1
liaise with quality assurance,make decisions,1
liaise with quality assurance,manage drilling team,1
liaise with quality assurance,metrology,1
liaise with quality assurance,plan resource allocation,1
liaise with quality assurance,policy analysis,1
liaise with quality assurance,reputation management,1
liaise with quality assurance,rhetoric,1
liaise with quality assurance,security of assets legislation,1
liaise with quality assurance,semiconductors,1
liaise with quality assurance,show diplomacy,1
liaise with quality assurance,solve problems,1
make decisions,manage drilling team,1
make decisions,metrology,1
integrated circuits,show diplomacy,1
metrology,solve problems,1
natural gas,plan resource allocation,1
make decisions,plan resource allocation,1
make decisions,policy analysis,1
make decisions,reputation management,1
make decisions,rhetoric,1
make decisions,security of assets legislation,1
make decisions,show diplomacy,1
make decisions,solar energy,1
manage drilling team,metrology,1
manage drilling team,natural gas,1
manage drilling team,plan resource allocation,1
manage drilling team,policy analysis,1
manage drilling team,project management,1
manage drilling team,reputation management,1
manage drilling team,rhetoric,1
plan resource allocation,solve problems,1
policy analysis,project management,1
manage drilling team,show diplomacy,1
manage drilling team,solar energy,1
manage drilling team,solve problems,1
metrology,natural gas,1
metrology,plan resource allocation,1
metrology,policy analysis,1
metrology,project management,1
metrology,reputation management,1
metrology,rhetoric,1
metrology,risk management,1
metrology,security of assets legislation,1
metrology,semiconductors,1
metrology,show diplomacy,1
metrology,solar energy,1
reputation management,security of assets legislation,1
reputation management,semiconductors,1
reputation management,show diplomacy,1
natural gas,policy analysis,1
natural gas,reputation management,1
natural gas,security of assets legislation,1
natural gas,show diplomacy,1
plan resource allocation,policy analysis,1
plan resource allocation,project management,1
plan resource allocation,reputation management,1
plan resource allocation,rhetoric,1
plan resource allocation,risk management,1
plan resource allocation,security of assets legislation,1
plan resource allocation,semiconductors,1
plan resource allocation,show diplomacy,1
plan resource allocation,solar energy,1
semiconductors,show diplomacy,1
show diplomacy,solar energy,1
show diplomacy,solve problems,1
policy analysis,reputation management,1
policy analysis,rhetoric,1
policy analysis,risk management,1
policy analysis,security of assets legislation,1
policy analysis,semiconductors,1
policy analysis,show diplomacy,1
policy analysis,solar energy,1
policy analysis,solve problems,1
project management,reputation management,1
project management,security of assets legislation,1
project management,show diplomacy,1
reputation management,rhetoric,1
reputation management,risk management,1
Dataset Manipulation,offer financial services,1
Dataset Manipulation,operational research,1
Dataset Manipulation,solve problems,1
reputation management,solar energy,1
reputation management,solve problems,1
rhetoric,security of assets legislation,1
rhetoric,semiconductors,1
rhetoric,show diplomacy,1
rhetoric,solar energy,1
rhetoric,solve problems,1
risk management,security of assets legislation,1
risk management,show diplomacy,1
security of assets legislation,semiconductors,1
security of assets legislation,show diplomacy,1
security of assets legislation,solar energy,1
security of assets legislation,solve problems,1
Microsoft Excel,operational research,1
SQL,analyse own performance,1
SQL,develop strategy to solve problems,1
solar energy,solve problems,1
Dataset Manipulation,Microsoft Excel,1
Dataset Manipulation,SQL,1
Dataset Manipulation,analyse own performance,1
Dataset Manipulation,business analysis,1
Dataset Manipulation,communication,1
Dataset Manipulation,data visualisation software,1
Dataset Manipulation,develop strategy to solve problems,1
Dataset Manipulation,engage with stakeholders,1
Dataset Manipulation,human-robot collaboration,1
Dataset Manipulation,identify process improvements,1
Dataset Manipulation,make data-driven decisions,1
Dataset Manipulation,management consulting,1
analyse own performance,human-robot collaboration,1
analyse own performance,identify process improvements,1
analyse own performance,make data-driven decisions,1
analyse own performance,management consulting,1
analyse own performance,offer financial services,1
Dataset Manipulation,statistics,1
Microsoft Excel,analyse own performance,1
Microsoft Excel,business analysis,1
Microsoft Excel,communication,1
Microsoft Excel,develop strategy to solve problems,1
Microsoft Excel,engage with stakeholders,1
Microsoft Excel,human-robot collaboration,1
Microsoft Excel,identify process improvements,1
Microsoft Excel,make data-driven decisions,1
Microsoft Excel,management consulting,1
Microsoft Excel,offer financial services,1
communication,operational research,1
data visualisation software,develop strategy to solve problems,1
data visualisation software,human-robot collaboration,1
data visualisation software,management consulting,1
data visualisation software,offer financial services,1
SQL,human-robot collaboration,1
SQL,identify process improvements,1
SQL,make data-driven decisions,1
SQL,management consulting,1
SQL,offer financial services,1
SQL,operational research,1
analyse own performance,business analysis,1
analyse own performance,communication,1
analyse own performance,data visualisation software,1
analyse own performance,develop strategy to solve problems,1
analyse own performance,engage with stakeholders,1
engage with stakeholders,management consulting,1
engage with stakeholders,offer financial services,1
engage with stakeholders,operational research,1
human-robot collaboration,identify process improvements,1
human-robot collaboration,make data-driven decisions,1
analyse own performance,operational research,1
analyse own performance,solve problems,1
analyse own performance,statistics,1
business analysis,develop strategy to solve problems,1
business analysis,make data-driven decisions,1
business analysis,management consulting,1
business analysis,offer financial services,1
business analysis,operational research,1
communication,develop strategy to solve problems,1
communication,management consulting,1
communication,offer financial services,1
management consulting,offer financial services,1
management consulting,operational research,1
management consulting,solve problems,1
management consulting,statistics,1
offer financial services,operational research,1
data visualisation software,operational research,1
develop strategy to solve problems,engage with stakeholders,1
develop strategy to solve problems,human-robot collaboration,1
develop strategy to solve problems,identify process improvements,1
develop strategy to solve problems,make data-driven decisions,1
develop strategy to solve problems,management consulting,1
develop strategy to solve problems,offer financial services,1
develop strategy to solve problems,operational research,1
develop strategy to solve problems,solve problems,1
develop strategy to solve problems,statistics,1
engage with stakeholders,make data-driven decisions,1
human-robot collaboration,offer financial services,1
human-robot collaboration,operational research,1
identify process improvements,make data-driven decisions,1
identify process improvements,management consulting,1
identify process improvements,offer financial services,1
R,Software Development Life Cycle,1
R,digital identity management,1
R,distributed computing,1
SQL,Software Development Life Cycle,1
Jenkins (tools for software configuration management),Software Development Life Cycle,1
Jenkins (tools for software configuration management),digital identity management,1
identify process improvements,operational research,1
make data-driven decisions,management consulting,1
make data-driven decisions,offer financial services,1
make data-driven decisions,operational research,1
make data-driven decisions,solve problems,1
Microsoft SharePoint,continuous improvement philosophies,1
offer financial services,solve problems,1
offer financial services,statistics,1
operational research,solve problems,1
operational research,statistics,1
data analytics,data science,1
data analytics,process data,1
data analytics,solve problems,1
data analytics,statistical modeling techniques,1
data analytics,think critically,1
data science,data visualisation software,1
data science,process data,1
data science,solve problems,1
data science,statistical modeling techniques,1
data science,think critically,1
human-robot collaboration,management consulting,1
System Integration,business processes,1
System Integration,business requirements techniques,1
data visualisation software,statistical modeling techniques,1
data visualisation software,think critically,1
machine learning,think critically,1
process data,statistical modeling techniques,1
process data,think critically,1
process data,use computer telephony integration,1
solve problems,statistical modeling techniques,1
statistical modeling techniques,think critically,1
think critically,use computer telephony integration,1
Microsoft SharePoint,System Integration,1
Microsoft SharePoint,apply change management,1
Microsoft SharePoint,business analysis,1
Microsoft SharePoint,business processes,1
Microsoft SharePoint,business requirements techniques,1
apply change management,business analysis,1
apply change management,business processes,1
Microsoft SharePoint,data models,1
Microsoft SharePoint,hardware testing methods,1
Microsoft SharePoint,lean manufacturing,1
Microsoft SharePoint,liaise with quality assurance,1
Microsoft SharePoint,manage system testing,1
Microsoft SharePoint,natural gas,1
Microsoft SharePoint,plan,1
Microsoft SharePoint,project management,1
Microsoft SharePoint,provide user documentation,1
Microsoft SharePoint,solar energy,1
Microsoft SharePoint,system design,1
Microsoft SharePoint,think creatively,1
System Integration,apply change management,1
System Integration,business analysis,1
business analysis,hardware testing methods,1
business analysis,lean manufacturing,1
System Integration,computer programming,1
System Integration,continuous improvement philosophies,1
System Integration,data models,1
System Integration,hardware testing methods,1
System Integration,lean manufacturing,1
System Integration,liaise with quality assurance,1
System Integration,manage system testing,1
System Integration,natural gas,1
System Integration,plan,1
System Integration,project management,1
System Integration,provide user documentation,1
System Integration,solar energy,1
System Integration,system design,1
System Integration,think creatively,1
business requirements techniques,hardware testing methods,1
business requirements techniques,lean manufacturing,1
apply change management,business requirements techniques,1
apply change management,computer programming,1
apply change management,continuous improvement philosophies,1
apply change management,data models,1
apply change management,hardware testing methods,1
apply change management,lean manufacturing,1
apply change management,liaise with quality assurance,1
apply change management,manage system testing,1
apply change management,natural gas,1
apply change management,project management,1
apply change management,provide user documentation,1
apply change management,solar energy,1
apply change management,system design,1
business analysis,continuous improvement philosophies,1
computer programming,system design,1
continuous improvement philosophies,data models,1
continuous improvement philosophies,hardware testing methods,1
continuous improvement philosophies,lean manufacturing,1
business analysis,provide user documentation,1
business processes,continuous improvement philosophies,1
business processes,data models,1
business processes,lean manufacturing,1
business processes,manage system testing,1
business processes,natural gas,1
business processes,provide user documentation,1
business processes,solar energy,1
business processes,system design,1
business processes,think creatively,1
business requirements techniques,continuous improvement philosophies,1
business requirements techniques,data models,1
data models,liaise with quality assurance,1
data models,manage system testing,1
data models,plan,1
data models,provide user documentation,1
data models,system design,1
hardware testing methods,lean manufacturing,1
business requirements techniques,liaise with quality assurance,1
business requirements techniques,manage system testing,1
business requirements techniques,plan,1
business requirements techniques,project management,1
business requirements techniques,provide user documentation,1
business requirements techniques,solar energy,1
business requirements techniques,system design,1
computer programming,continuous improvement philosophies,1
computer programming,lean manufacturing,1
computer programming,provide user documentation,1
lean manufacturing,provide user documentation,1
lean manufacturing,solar energy,1
lean manufacturing,system design,1
lean manufacturing,think creatively,1
liaise with quality assurance,manage system testing,1
liaise with quality assurance,provide user documentation,1
continuous improvement philosophies,liaise with quality assurance,1
continuous improvement philosophies,manage system testing,1
continuous improvement philosophies,natural gas,1
continuous improvement philosophies,plan,1
continuous improvement philosophies,project management,1
continuous improvement philosophies,provide user documentation,1
continuous improvement philosophies,solar energy,1
continuous improvement philosophies,system design,1
continuous improvement philosophies,think creatively,1
data models,lean manufacturing,1
natural gas,system design,1
plan,provide user documentation,1
project management,provide user documentation,1
project management,system design,1
provide user documentation,solar energy,1
provide user documentation,system design,1
provide user documentation,think creatively,1
hardware testing methods,manage system testing,1
hardware testing methods,plan,1
hardware testing methods,provide user documentation,1
hardware testing methods,system design,1
lean manufacturing,liaise with quality assurance,1
lean manufacturing,manage system testing,1
lean manufacturing,natural gas,1
lean manufacturing,plan,1
lean manufacturing,project management,1
ICT software specifications,apply basic programming skills,1
ICT software specifications,business analysis,1
ICT software specifications,comply with legal regulations,1
ICT software specifications,computer programming,1
ICT software specifications,create business process models,1
ICT software specifications,geographic information systems,1
ICT software specifications,implement corporate governance,1
ICT software specifications,integrate system components,1
ICT software specifications,interact with users to gather requirements,1
ICT software specifications,maintain information network hardware,1
liaise with quality assurance,system design,1
liaise with quality assurance,think creatively,1
manage system testing,provide user documentation,1
manage system testing,think creatively,1
natural gas,plan,1
natural gas,provide user documentation,1
IPC standards,Network Operations,1
IPC standards,R,1
IPC standards,apply basic programming skills,1
IPC standards,business analysis,1
IPC standards,comply with legal regulations,1
IPC standards,computer programming,1
IPC standards,create business process models,1
IPC standards,geographic information systems,1
IPC standards,implement corporate governance,1
IPC standards,integrate system components,1
solar energy,system design,1
system design,think creatively,1
ICT software specifications,IPC standards,1
ICT software specifications,Microsoft Dynamics 365 Finance and Operations,1
ICT software specifications,Network Operations,1
ICT software specifications,R,1
IPC standards,tools for software configuration management,1
Microsoft Dynamics 365 Finance and Operations,Network Operations,1
Microsoft Dynamics 365 Finance and Operations,R,1
Microsoft Dynamics 365 Finance and Operations,apply basic programming skills,1
Microsoft Dynamics 365 Finance and Operations,business analysis,1
Microsoft Dynamics 365 Finance and Operations,comply with legal regulations,1
Microsoft Dynamics 365 Finance and Operations,computer programming,1
Microsoft Dynamics 365 Finance and Operations,create business process models,1
Microsoft Dynamics 365 Finance and Operations,geographic information systems,1
Microsoft Dynamics 365 Finance and Operations,implement corporate governance,1
ICT software specifications,manage system testing,1
ICT software specifications,project management,1
ICT software specifications,solar energy,1
ICT software specifications,statistics,1
ICT software specifications,tools for software configuration management,1
IPC standards,Microsoft Dynamics 365 Finance and Operations,1
Microsoft Dynamics 365 Finance and Operations,statistics,1
Microsoft Dynamics 365 Finance and Operations,tools for software configuration management,1
Network Operations,R,1
Network Operations,apply basic programming skills,1
Network Operations,business analysis,1
Network Operations,comply with legal regulations,1
Network Operations,computer programming,1
Network Operations,create business process models,1
Network Operations,geographic information systems,1
Network Operations,implement corporate governance,1
IPC standards,interact with users to gather requirements,1
IPC standards,maintain information network hardware,1
IPC standards,manage system testing,1
IPC standards,project management,1
IPC standards,solar energy,1
IPC standards,statistics,1
Network Operations,statistics,1
Network Operations,tools for software configuration management,1
R,apply basic programming skills,1
R,business analysis,1
R,comply with legal regulations,1
R,create business process models,1
R,geographic information systems,1
R,implement corporate governance,1
R,integrate system components,1
R,interact with users to gather requirements,1
Microsoft Dynamics 365 Finance and Operations,integrate system components,1
Microsoft Dynamics 365 Finance and Operations,interact with users to gather requirements,1
Microsoft Dynamics 365 Finance and Operations,maintain information network hardware,1
Microsoft Dynamics 365 Finance and Operations,manage system testing,1
Microsoft Dynamics 365 Finance and Operations,project management,1
Microsoft Dynamics 365 Finance and Operations,solar energy,1
apply basic programming skills,geographic information systems,1
apply basic programming skills,implement corporate governance,1
apply basic programming skills,integrate system components,1
apply basic programming skills,interact with users to gather requirements,1
apply basic programming skills,maintain information network hardware,1
apply basic programming skills,manage system testing,1
apply basic programming skills,project management,1
apply basic programming skills,solar energy,1
apply basic programming skills,statistics,1
apply basic programming skills,tools for software configuration management,1
Network Operations,integrate system components,1
Network Operations,interact with users to gather requirements,1
Network Operations,maintain information network hardware,1
Network Operations,manage system testing,1
Network Operations,project management,1
Network Operations,solar energy,1
business analysis,tools for software configuration management,1
comply with legal regulations,computer programming,1
comply with legal regulations,create business process models,1
comply with legal regulations,geographic information systems,1
comply with legal regulations,implement corporate governance,1
comply with legal regulations,integrate system components,1
comply with legal regulations,interact with users to gather requirements,1
comply with legal regulations,maintain information network hardware,1
comply with legal regulations,manage system testing,1
comply with legal regulations,project management,1
R,maintain information network hardware,1
R,manage system testing,1
apply basic programming skills,business analysis,1
apply basic programming skills,comply with legal regulations,1
apply basic programming skills,computer programming,1
apply basic programming skills,create business process models,1
computer programming,integrate system components,1
computer programming,maintain information network hardware,1
create business process models,geographic information systems,1
create business process models,implement corporate governance,1
create business process models,integrate system components,1
create business process models,interact with users to gather requirements,1
create business process models,maintain information network hardware,1
create business process models,manage system testing,1
create business process models,project management,1
create business process models,solar energy,1
business analysis,comply with legal regulations,1
business analysis,create business process models,1
business analysis,geographic information systems,1
business analysis,implement corporate governance,1
business analysis,integrate system components,1
business analysis,maintain information network hardware,1
geographic information systems,manage system testing,1
geographic information systems,solar energy,1
geographic information systems,tools for software configuration management,1
implement corporate governance,integrate system components,1
implement corporate governance,interact with users to gather requirements,1
implement corporate governance,maintain information network hardware,1
implement corporate governance,manage system testing,1
implement corporate governance,project management,1
implement corporate governance,solar energy,1
implement corporate governance,statistics,1
comply with legal regulations,solar energy,1
comply with legal regulations,statistics,1
comply with legal regulations,tools for software configuration management,1
computer programming,create business process models,1
computer programming,geographic information systems,1
computer programming,implement corporate governance,1
create business process models,tools for software configuration management,1
geographic information systems,implement corporate governance,1
geographic information systems,integrate system components,1
geographic information systems,interact with users to gather requirements,1
geographic information systems,maintain information network hardware,1
Jenkins (tools for software configuration management),manage workflow processes,1
Oracle Warehouse Builder,Software Development Life Cycle,1
Oracle Warehouse Builder,analyse pipeline database information,1
Oracle Warehouse Builder,database,1
Oracle Warehouse Builder,digital identity management,1
Oracle Warehouse Builder,distributed computing,1
Full Stack Development,Jenkins (tools for software configuration management),1
Full Stack Development,Oracle Warehouse Builder,1
Full Stack Development,Python,1
Full Stack Development,R,1
Full Stack Development,SQL,1
implement corporate governance,tools for software configuration management,1
integrate system components,interact with users to gather requirements,1
integrate system components,maintain information network hardware,1
integrate system components,manage system testing,1
integrate system components,project management,1
integrate system components,solar energy,1
integrate system components,statistics,1
integrate system components,tools for software configuration management,1
interact with users to gather requirements,maintain information network hardware,1
interact with users to gather requirements,manage system testing,1
interact with users to gather requirements,tools for software configuration management,1
maintain information network hardware,manage system testing,1
maintain information network hardware,project management,1
maintain information network hardware,solar energy,1
maintain information network hardware,statistics,1
create business process models,statistics,1
maintain information network hardware,tools for software configuration management,1
manage system testing,tools for software configuration management,1
solar energy,tools for software configuration management,1
statistics,tools for software configuration management,1
Workflow Management,business knowledge,1
Workflow Management,computer programming,1
Workflow Management,data mining,1
Workflow Management,data science,1
Workflow Management,develop campaigns,1
Workflow Management,identify process improvements,1
Workflow Management,make decisions,1
Workflow Management,quantitative analysis,1
Workflow Management,root cause analysis,1
Workflow Management,statistics,1
business knowledge,computer programming,1
business knowledge,data mining,1
business knowledge,data science,1
business knowledge,develop campaigns,1
business knowledge,identify process improvements,1
business knowledge,make decisions,1
business knowledge,quantitative analysis,1
business knowledge,root cause analysis,1
business knowledge,statistics,1
computer programming,develop campaigns,1
computer programming,quantitative analysis,1
computer programming,root cause analysis,1
data mining,make decisions,1
data mining,quantitative analysis,1
data mining,root cause analysis,1
data science,develop campaigns,1
data science,make decisions,1
data science,quantitative analysis,1
data science,root cause analysis,1
develop campaigns,identify process improvements,1
develop campaigns,make decisions,1
develop campaigns,quantitative analysis,1
develop campaigns,root cause analysis,1
identify process improvements,quantitative analysis,1
identify process improvements,root cause analysis,1
make decisions,quantitative analysis,1
make decisions,root cause analysis,1
quantitative analysis,root cause analysis,1
Unsupervised Learning,cloud technologies,1
Unsupervised Learning,computer programming,1
Unsupervised Learning,computer simulation,1
Unsupervised Learning,data models,1
Unsupervised Learning,data science,1
Unsupervised Learning,database management systems,1
Unsupervised Learning,lead process optimisation,1
Unsupervised Learning,machine learning,1
Unsupervised Learning,natural language processing,1
Unsupervised Learning,principles of artificial intelligence,1
Unsupervised Learning,risk management,1
Unsupervised Learning,statistics,1
Unsupervised Learning,use computer telephony integration,1
Unsupervised Learning,web programming,1
cloud technologies,computer simulation,1
cloud technologies,lead process optimisation,1
cloud technologies,natural language processing,1
cloud technologies,web programming,1
computer programming,lead process optimisation,1
computer simulation,data science,1
computer simulation,database management systems,1
computer simulation,principles of artificial intelligence,1
SQL,seismic measurement techniques,1
SQL,simplify communication in maritime management,1
computer simulation,risk management,1
computer simulation,use computer telephony integration,1
computer simulation,web programming,1
data models,natural language processing,1
data models,web programming,1
data science,database management systems,1
data science,lead process optimisation,1
data science,natural language processing,1
data science,principles of artificial intelligence,1
data science,risk management,1
data science,web programming,1
database management systems,lead process optimisation,1
database management systems,principles of artificial intelligence,1
database management systems,web programming,1
seismic measurement techniques,simplify communication in maritime management,1
seismic measurement techniques,ski,1
lead process optimisation,principles of artificial intelligence,1
lead process optimisation,risk management,1
lead process optimisation,use computer telephony integration,1
lead process optimisation,web programming,1
machine learning,web programming,1
natural language processing,risk management,1
natural language processing,use computer telephony integration,1
natural language processing,web programming,1
principles of artificial intelligence,risk management,1
principles of artificial intelligence,web programming,1
risk management,web programming,1
use computer telephony integration,web programming,1
SQL,execute integration testing,1
SQL,perform software unit testing,1
Requirements Elicitation,risk management,1
Requirements Elicitation,social development,1
blockchain consensus mechanisms,execute integration testing,1
blockchain consensus mechanisms,perform software unit testing,1
blockchain consensus mechanisms,seismic measurement techniques,1
blockchain consensus mechanisms,simplify communication in maritime management,1
blockchain consensus mechanisms,ski,1
blockchain consensus mechanisms,solve problems,1
business analysis,seismic measurement techniques,1
execute integration testing,seismic measurement techniques,1
execute integration testing,simplify communication in maritime management,1
execute integration testing,solve problems,1
perform software unit testing,seismic measurement techniques,1
perform software unit testing,simplify communication in maritime management,1
perform software unit testing,ski,1
perform software unit testing,solve problems,1
framework for a safety management system,social development,1
framework for a safety management system,use computer telephony integration,1
interact with users to gather requirements,manage currency exchange risk mitigation techniques,1
seismic measurement techniques,solve problems,1
ICT project management methodologies,Requirements Elicitation,1
ICT project management methodologies,develop business case,1
ICT project management methodologies,framework for a safety management system,1
ICT project management methodologies,manage currency exchange risk mitigation techniques,1
ICT project management methodologies,social development,1
Requirements Elicitation,business analysis,1
Requirements Elicitation,develop business case,1
Requirements Elicitation,framework for a safety management system,1
Requirements Elicitation,interact with users to gather requirements,1
Requirements Elicitation,liaise with quality assurance,1
Requirements Elicitation,manage currency exchange risk mitigation techniques,1
Requirements Elicitation,plan,1
ICT project management,documentation types,1
ICT project management,integrated development environment software,1
ICT project management,interact with users to gather requirements,1
ICT project management,plan,1
Requirements Elicitation,use computer telephony integration,1
business analysis,framework for a safety management system,1
business analysis,manage currency exchange risk mitigation techniques,1
develop business case,framework for a safety management system,1
develop business case,liaise with quality assurance,1
develop business case,manage currency exchange risk mitigation techniques,1
develop business case,plan,1
framework for a safety management system,interact with users to gather requirements,1
framework for a safety management system,liaise with quality assurance,1
framework for a safety management system,manage currency exchange risk mitigation techniques,1
framework for a safety management system,plan,1
framework for a safety management system,risk management,1
System Performance Optimization,solar energy,1
System Performance Optimization,transportation software related to an ERP system,1
System Performance Optimization,types of tidal stream generators,1
System Performance Optimization,use computer telephony integration,1
liaise with quality assurance,manage currency exchange risk mitigation techniques,1
liaise with quality assurance,social development,1
manage currency exchange risk mitigation techniques,plan,1
manage currency exchange risk mitigation techniques,risk management,1
manage currency exchange risk mitigation techniques,social development,1
manage currency exchange risk mitigation techniques,use computer telephony integration,1
plan,risk management,1
plan,social development,1
ICT project management,System Performance Optimization,1
ICT project management,advise on efficiency improvements,1
ICT project management,business analysis,1
ICT project management,conduct patch testing,1
business analysis,integrated development environment software,1
business analysis,transportation software related to an ERP system,1
business analysis,verify feasibility,1
conduct patch testing,documentation types,1
ICT project management,solar energy,1
ICT project management,transportation software related to an ERP system,1
ICT project management,types of tidal stream generators,1
ICT project management,use computer telephony integration,1
ICT project management,verify feasibility,1
System Performance Optimization,advise on efficiency improvements,1
System Performance Optimization,business analysis,1
System Performance Optimization,conduct patch testing,1
System Performance Optimization,documentation types,1
System Performance Optimization,integrated development environment software,1
System Performance Optimization,interact with users to gather requirements,1
System Performance Optimization,plan,1
integrated development environment software,interact with users to gather requirements,1
integrated development environment software,plan,1
integrated development environment software,transportation software related to an ERP system,1
integrated development environment software,types of tidal stream generators,1
System Performance Optimization,verify feasibility,1
advise on efficiency improvements,business analysis,1
advise on efficiency improvements,conduct patch testing,1
advise on efficiency improvements,documentation types,1
advise on efficiency improvements,integrated development environment software,1
advise on efficiency improvements,interact with users to gather requirements,1
advise on efficiency improvements,plan,1
advise on efficiency improvements,solar energy,1
advise on efficiency improvements,transportation software related to an ERP system,1
advise on efficiency improvements,types of tidal stream generators,1
advise on efficiency improvements,use computer telephony integration,1
advise on efficiency improvements,verify feasibility,1
transportation software related to an ERP system,verify feasibility,1
types of tidal stream generators,verify feasibility,1
use computer telephony integration,verify feasibility,1
ICT project management methodologies,engage with stakeholders,1
conduct patch testing,integrated development environment software,1
conduct patch testing,interact with users to gather requirements,1
conduct patch testing,plan,1
conduct patch testing,solar energy,1
conduct patch testing,transportation software related to an ERP system,1
conduct patch testing,types of tidal stream generators,1
conduct patch testing,verify feasibility,1
documentation types,integrated development environment software,1
documentation types,plan,1
documentation types,solar energy,1
documentation types,transportation software related to an ERP system,1
documentation types,verify feasibility,1
risk management,validation of learning acquired through volunteering,1
use computer telephony integration,validation of learning acquired through volunteering,1
IT Service Management,Source (digital game creation systems),1
IT Service Management,cloud technologies,1
IT Service Management,cost management,1
integrated development environment software,use computer telephony integration,1
integrated development environment software,verify feasibility,1
interact with users to gather requirements,transportation software related to an ERP system,1
interact with users to gather requirements,verify feasibility,1
plan,transportation software related to an ERP system,1
plan,types of tidal stream generators,1
plan,verify feasibility,1
solar energy,transportation software related to an ERP system,1
solar energy,verify feasibility,1
transportation software related to an ERP system,types of tidal stream generators,1
transportation software related to an ERP system,use computer telephony integration,1
Agile development,Requirements Elicitation,1
Agile development,analyse business requirements,1
Agile development,data mining,1
Agile development,estimate repair priority,1
Agile development,identify process improvements,1
Agile development,interpret seismic data,1
Agile development,marketing mix,1
Agile development,recommend product improvements,1
business analysis,rhetoric,1
business analysis,validation of learning acquired through volunteering,1
engage with stakeholders,validation of learning acquired through volunteering,1
interact with users to gather requirements,rhetoric,1
interact with users to gather requirements,validation of learning acquired through volunteering,1
project management,validation of learning acquired through volunteering,1
rhetoric,use computer telephony integration,1
rhetoric,validation of learning acquired through volunteering,1
Requirements Elicitation,project management,1
Requirements Elicitation,recommend product improvements,1
Requirements Elicitation,statistics,1
analyse business requirements,data mining,1
analyse business requirements,estimate repair priority,1
analyse business requirements,interpret seismic data,1
analyse business requirements,marketing mix,1
analyse business requirements,project management,1
analyse business requirements,recommend product improvements,1
IT Service Management,natural gas,1
Source (digital game creation systems),business analysis,1
Source (digital game creation systems),cost management,1
Source (digital game creation systems),natural gas,1
Source (digital game creation systems),statistics,1
business analysis,cost management,1
cost management,natural gas,1
estimate repair priority,interpret seismic data,1
estimate repair priority,marketing mix,1
estimate repair priority,project management,1
estimate repair priority,recommend product improvements,1
estimate repair priority,statistics,1
identify process improvements,interpret seismic data,1
identify process improvements,marketing mix,1
identify process improvements,recommend product improvements,1
interpret seismic data,marketing mix,1
Requirements Elicitation,analyse business requirements,1
Requirements Elicitation,data mining,1
Requirements Elicitation,engage with stakeholders,1
Requirements Elicitation,estimate repair priority,1
Requirements Elicitation,identify process improvements,1
Requirements Elicitation,interpret seismic data,1
Requirements Elicitation,marketing mix,1
Data Governance,grading systems,1
Data Governance,human resource management,1
Data Governance,manage truck drivers,1
Data Governance,monitor curriculum implementation,1
Data Governance,process data,1
Data Governance,talent management strategies,1
SAS Data Management,assess your competences for artistic coaching,1
SAS Data Management,business intelligence,1
SAS Data Management,data visualisation software,1
data mining,estimate repair priority,1
data mining,marketing mix,1
data mining,recommend product improvements,1
engage with stakeholders,estimate repair priority,1
engage with stakeholders,marketing mix,1
engage with stakeholders,recommend product improvements,1
estimate repair priority,identify process improvements,1
SAS Data Management,supervision of persons,1
SAS Data Management,talent management strategies,1
assess your competences for artistic coaching,data visualisation software,1
assess your competences for artistic coaching,grading systems,1
assess your competences for artistic coaching,human resource management,1
assess your competences for artistic coaching,manage truck drivers,1
assess your competences for artistic coaching,monitor curriculum implementation,1
assess your competences for artistic coaching,process data,1
assess your competences for artistic coaching,semiconductors,1
interpret seismic data,recommend product improvements,1
marketing mix,project management,1
marketing mix,recommend product improvements,1
marketing mix,statistics,1
project management,recommend product improvements,1
recommend product improvements,statistics,1
Data Governance,assess your competences for artistic coaching,1
data visualisation software,human resource management,1
data visualisation software,manage truck drivers,1
data visualisation software,monitor curriculum implementation,1
grading systems,human resource management,1
grading systems,manage truck drivers,1
grading systems,monitor curriculum implementation,1
grading systems,process data,1
grading systems,project management,1
grading systems,semiconductors,1
SAS Data Management,grading systems,1
SAS Data Management,human resource management,1
SAS Data Management,manage truck drivers,1
SAS Data Management,monitor curriculum implementation,1
SAS Data Management,process data,1
SAS Data Management,project management,1
SAS Data Management,semiconductors,1
human resource management,semiconductors,1
human resource management,statistics,1
human resource management,supervision of persons,1
human resource management,talent management strategies,1
manage truck drivers,monitor curriculum implementation,1
manage truck drivers,process data,1
manage truck drivers,project management,1
manage truck drivers,semiconductors,1
manage truck drivers,statistics,1
assess your competences for artistic coaching,talent management strategies,1
business intelligence,grading systems,1
business intelligence,human resource management,1
business intelligence,manage truck drivers,1
business intelligence,monitor curriculum implementation,1
business intelligence,talent management strategies,1
data visualisation software,grading systems,1
monitor curriculum implementation,supervision of persons,1
monitor curriculum implementation,talent management strategies,1
process data,project management,1
process data,talent management strategies,1
project management,talent management strategies,1
Data Governance,Data Standardization,1
Data Governance,building automation,1
Data Governance,manage standards for data exchange,1
Data Governance,mobile operating systems,1
grading systems,statistics,1
grading systems,supervision of persons,1
grading systems,talent management strategies,1
human resource management,manage truck drivers,1
human resource management,monitor curriculum implementation,1
human resource management,process data,1
human resource management,project management,1
Data Lineage,data engineering,1
Data Lineage,identify process improvements,1
Data Lineage,machine learning,1
Data Lineage,manage standards for data exchange,1
Data Lineage,mobile operating systems,1
Data Lineage,operations management,1
Data Lineage,principles of artificial intelligence,1
Data Lineage,supply chain management,1
Data Standardization,Generative AI,1
Data Standardization,building automation,1
manage truck drivers,supervision of persons,1
manage truck drivers,talent management strategies,1
monitor curriculum implementation,process data,1
monitor curriculum implementation,project management,1
monitor curriculum implementation,semiconductors,1
monitor curriculum implementation,statistics,1
Data Standardization,mobile operating systems,1
Data Standardization,natural gas,1
Data Standardization,operations management,1
Data Standardization,principles of artificial intelligence,1
Data Standardization,project management,1
Data Standardization,radiotherapy,1
Data Standardization,sing,1
Data Standardization,solar energy,1
Data Standardization,statistics,1
Data Standardization,supply chain management,1
Data Governance,operations management,1
Data Governance,principles of artificial intelligence,1
Data Governance,supply chain management,1
Data Lineage,Data Standardization,1
Data Lineage,Generative AI,1
Data Lineage,building automation,1
Generative AI,identify process improvements,1
Generative AI,manage standards for data exchange,1
Generative AI,mobile operating systems,1
Generative AI,operations management,1
Generative AI,principles of artificial intelligence,1
Generative AI,project management,1
Generative AI,radiotherapy,1
Generative AI,sing,1
Generative AI,solar energy,1
Generative AI,supply chain management,1
Data Standardization,data engineering,1
Data Standardization,data models,1
Data Standardization,data visualisation software,1
Data Standardization,identify process improvements,1
Data Standardization,machine learning,1
Data Standardization,manage standards for data exchange,1
building automation,mobile operating systems,1
building automation,natural gas,1
building automation,operations management,1
building automation,principles of artificial intelligence,1
building automation,sing,1
building automation,solar energy,1
building automation,statistics,1
building automation,supply chain management,1
building automation,use computer telephony integration,1
data engineering,identify process improvements,1
data engineering,manage standards for data exchange,1
Data Standardization,use computer telephony integration,1
Generative AI,building automation,1
Generative AI,data engineering,1
Generative AI,data models,1
Generative AI,data visualisation software,1
data models,manage standards for data exchange,1
data models,mobile operating systems,1
data models,operations management,1
data models,supply chain management,1
data visualisation software,mobile operating systems,1
data visualisation software,operations management,1
data visualisation software,principles of artificial intelligence,1
data visualisation software,solar energy,1
data visualisation software,supply chain management,1
identify process improvements,machine learning,1
identify process improvements,mobile operating systems,1
Generative AI,use computer telephony integration,1
building automation,data engineering,1
building automation,data models,1
building automation,data visualisation software,1
building automation,machine learning,1
machine learning,mobile operating systems,1
machine learning,operations management,1
machine learning,project management,1
machine learning,supply chain management,1
manage standards for data exchange,mobile operating systems,1
manage standards for data exchange,operations management,1
manage standards for data exchange,principles of artificial intelligence,1
manage standards for data exchange,project management,1
manage standards for data exchange,solar energy,1
manage standards for data exchange,supply chain management,1
manage standards for data exchange,use computer telephony integration,1
mobile operating systems,natural gas,1
data engineering,mobile operating systems,1
data engineering,operations management,1
data engineering,project management,1
data engineering,supply chain management,1
mobile operating systems,sing,1
mobile operating systems,solar energy,1
mobile operating systems,statistics,1
mobile operating systems,supply chain management,1
mobile operating systems,use computer telephony integration,1
natural gas,operations management,1
natural gas,supply chain management,1
operations management,principles of artificial intelligence,1
operations management,project management,1
operations management,radiotherapy,1
operations management,sing,1
operations management,solar energy,1
identify process improvements,operations management,1
identify process improvements,principles of artificial intelligence,1
identify process improvements,sing,1
identify process improvements,supply chain management,1
Amazon S3,reverse engineering,1
CI/CD,Full Stack Development,1
principles of artificial intelligence,solar energy,1
principles of artificial intelligence,supply chain management,1
project management,supply chain management,1
radiotherapy,supply chain management,1
sing,supply chain management,1
solar energy,supply chain management,1
statistics,supply chain management,1
supply chain management,use computer telephony integration,1
IT Service Management,computer programming,1
IT Service Management,define data quality criteria,1
mobile operating systems,operations management,1
mobile operating systems,principles of artificial intelligence,1
mobile operating systems,project management,1
mobile operating systems,radiotherapy,1
operations management,statistics,1
operations management,supply chain management,1
operations management,use computer telephony integration,1
principles of artificial intelligence,project management,1
principles of artificial intelligence,sing,1
Full Stack Development,Software Development Life Cycle,1
Full Stack Development,analyse pipeline database information,1
Full Stack Development,database,1
Full Stack Development,digital identity management,1
Full Stack Development,distributed computing,1
Full Stack Development,manage workflow processes,1
Full Stack Development,reverse engineering,1
Jenkins (tools for software configuration management),Oracle Warehouse Builder,1
Amazon S3,digital identity management,1
Amazon S3,distributed computing,1
Amazon S3,manage workflow processes,1
IT Service Management,improve rail service delivery,1
IT Service Management,project management,1
business analysis,improve rail service delivery,1
computer programming,improve rail service delivery,1
define data quality criteria,improve rail service delivery,1
define data quality criteria,project management,1
improve rail service delivery,project management,1
improve rail service delivery,statistics,1
AI Model Deployment,AI Model Development,1
AI Model Deployment,AI Performance Optimization,1
AI Model Deployment,CI/CD,1
AI Model Deployment,ICT project management methodologies,1
AI Model Deployment,SQL,1
AI Model Deployment,Scala,1
AI Model Deployment,computer programming,1
AI Model Deployment,conduct ICT code review,1
AI Model Deployment,conduct patch testing,1
AI Model Deployment,data engineering,1
AI Model Deployment,database,1
AI Model Deployment,information architecture,1
AI Model Deployment,machine learning,1
AI Model Deployment,natural gas,1
AI Model Deployment,principles of artificial intelligence,1
AI Model Deployment,process data,1
AI Model Deployment,radiotherapy,1
AI Model Deployment,rhetoric,1
AI Model Deployment,statistics,1
AI Model Development,AI Performance Optimization,1
AI Model Development,CI/CD,1
AI Model Development,ICT project management methodologies,1
AI Model Development,SQL,1
AI Model Development,Scala,1
AI Model Development,computer programming,1
AI Model Development,conduct ICT code review,1
AI Model Development,conduct patch testing,1
AI Model Development,data engineering,1
AI Model Development,database,1
AI Model Development,information architecture,1
AI Model Development,machine learning,1
AI Model Development,natural gas,1
AI Model Development,principles of artificial intelligence,1
AI Model Development,process data,1
AI Model Development,radiotherapy,1
AI Model Development,rhetoric,1
AI Model Development,statistics,1
AI Performance Optimization,CI/CD,1
AI Performance Optimization,ICT project management methodologies,1
AI Performance Optimization,SQL,1
AI Performance Optimization,Scala,1
AI Performance Optimization,computer programming,1
AI Performance Optimization,conduct ICT code review,1
AI Performance Optimization,conduct patch testing,1
AI Performance Optimization,data engineering,1
AI Performance Optimization,database,1
AI Performance Optimization,information architecture,1
AI Performance Optimization,machine learning,1
AI Performance Optimization,natural gas,1
AI Performance Optimization,principles of artificial intelligence,1
AI Performance Optimization,process data,1
AI Performance Optimization,radiotherapy,1
AI Performance Optimization,rhetoric,1
AI Performance Optimization,statistics,1
CI/CD,conduct ICT code review,1
CI/CD,conduct patch testing,1
conduct ICT code review,statistics,1
conduct patch testing,data engineering,1
conduct patch testing,information architecture,1
CI/CD,principles of artificial intelligence,1
CI/CD,process data,1
CI/CD,rhetoric,1
CI/CD,statistics,1
ICT project management methodologies,conduct ICT code review,1
ICT project management methodologies,information architecture,1
ICT project management methodologies,process data,1
SQL,conduct ICT code review,1
Scala,conduct ICT code review,1
Scala,conduct patch testing,1
Scala,process data,1
Scala,rhetoric,1
computer programming,conduct ICT code review,1
database,rhetoric,1
information architecture,rhetoric,1
machine learning,rhetoric,1
principles of artificial intelligence,process data,1
principles of artificial intelligence,rhetoric,1
computer programming,rhetoric,1
conduct ICT code review,conduct patch testing,1
conduct ICT code review,data engineering,1
conduct ICT code review,database,1
conduct ICT code review,information architecture,1
conduct ICT code review,machine learning,1
conduct ICT code review,natural gas,1
conduct ICT code review,principles of artificial intelligence,1
conduct ICT code review,process data,1
conduct ICT code review,radiotherapy,1
conduct ICT code review,rhetoric,1
conduct patch testing,principles of artificial intelligence,1
conduct patch testing,process data,1
conduct patch testing,radiotherapy,1
conduct patch testing,rhetoric,1
CI/CD,Oracle Warehouse Builder,1
CI/CD,Software Development Life Cycle,1
CI/CD,digital identity management,1
CI/CD,manage workflow processes,1
Amazon EC2,analyse pipeline database information,1
Amazon EC2,database,1
Amazon EC2,digital identity management,1
Amazon EC2,distributed computing,1
Amazon EC2,manage workflow processes,1
Amazon EC2,reverse engineering,1
conduct patch testing,statistics,1
data engineering,rhetoric,1
Data Flow Automation,radiotherapy,1
process data,rhetoric,1
radiotherapy,rhetoric,1
CI/CD,Data Flow Automation,1
CI/CD,Infrastructure as a Service,1
CI/CD,Platform as a Service,1
CI/CD,apply information security policies,1
CI/CD,assess reliability of data,1
CI/CD,data storage,1
CI/CD,data warehouse,1
CI/CD,database development tools,1
CI/CD,define data quality criteria,1
CI/CD,manage data,1
Data Flow Automation,Data Governance,1
Data Flow Automation,Infrastructure as a Service,1
conduct patch testing,natural gas,1
Infrastructure as a Service,data models,1
Data Flow Automation,Jenkins (tools for software configuration management),1
Data Flow Automation,Platform as a Service,1
Data Flow Automation,SQL Server,1
Data Flow Automation,analyse pipeline database information,1
Data Flow Automation,apply information security policies,1
Data Flow Automation,assess reliability of data,1
Data Flow Automation,cloud technologies,1
Data Flow Automation,data models,1
Data Flow Automation,data storage,1
Data Flow Automation,data warehouse,1
Data Flow Automation,database,1
Data Flow Automation,database development tools,1
Data Flow Automation,define data quality criteria,1
Data Flow Automation,manage data,1
Data Flow Automation,natural gas,1
Jenkins (tools for software configuration management),data warehouse,1
Data Flow Automation,reverse engineering,1
Data Governance,Infrastructure as a Service,1
Data Governance,Platform as a Service,1
Data Governance,SQL Server,1
Data Governance,assess reliability of data,1
Data Governance,data storage,1
Data Governance,database development tools,1
Data Governance,manage data,1
Infrastructure as a Service,Jenkins (tools for software configuration management),1
Infrastructure as a Service,Platform as a Service,1
Infrastructure as a Service,SQL Server,1
Infrastructure as a Service,analyse pipeline database information,1
Infrastructure as a Service,apply information security policies,1
Infrastructure as a Service,assess reliability of data,1
Infrastructure as a Service,cloud technologies,1
Platform as a Service,manage data,1
Infrastructure as a Service,data storage,1
Infrastructure as a Service,data warehouse,1
Infrastructure as a Service,database,1
Infrastructure as a Service,database development tools,1
Infrastructure as a Service,define data quality criteria,1
Infrastructure as a Service,manage data,1
Infrastructure as a Service,natural gas,1
Infrastructure as a Service,radiotherapy,1
Infrastructure as a Service,reverse engineering,1
Jenkins (tools for software configuration management),Platform as a Service,1
Jenkins (tools for software configuration management),SQL Server,1
Jenkins (tools for software configuration management),apply information security policies,1
Jenkins (tools for software configuration management),assess reliability of data,1
Jenkins (tools for software configuration management),data models,1
Jenkins (tools for software configuration management),data storage,1
analyse pipeline database information,data warehouse,1
Jenkins (tools for software configuration management),database development tools,1
Jenkins (tools for software configuration management),define data quality criteria,1
Jenkins (tools for software configuration management),manage data,1
Jenkins (tools for software configuration management),radiotherapy,1
Platform as a Service,SQL Server,1
Platform as a Service,analyse pipeline database information,1
Platform as a Service,apply information security policies,1
Platform as a Service,assess reliability of data,1
Platform as a Service,cloud technologies,1
Platform as a Service,data models,1
Platform as a Service,data storage,1
Platform as a Service,data warehouse,1
Platform as a Service,database,1
Platform as a Service,database development tools,1
Platform as a Service,define data quality criteria,1
assess reliability of data,define data quality criteria,1
assess reliability of data,manage data,1
Platform as a Service,natural gas,1
Platform as a Service,radiotherapy,1
Platform as a Service,reverse engineering,1
SQL Server,analyse pipeline database information,1
SQL Server,apply information security policies,1
SQL Server,assess reliability of data,1
SQL Server,cloud technologies,1
SQL Server,data storage,1
SQL Server,database development tools,1
SQL Server,define data quality criteria,1
SQL Server,manage data,1
SQL Server,radiotherapy,1
analyse pipeline database information,assess reliability of data,1
analyse pipeline database information,data storage,1
data warehouse,manage data,1
database,database development tools,1
analyse pipeline database information,database development tools,1
analyse pipeline database information,manage data,1
apply information security policies,assess reliability of data,1
apply information security policies,cloud technologies,1
apply information security policies,data storage,1
apply information security policies,database development tools,1
apply information security policies,manage data,1
apply information security policies,radiotherapy,1
assess reliability of data,cloud technologies,1
assess reliability of data,data models,1
assess reliability of data,data storage,1
assess reliability of data,data warehouse,1
assess reliability of data,database,1
assess reliability of data,database development tools,1
Apache Airflow,SQL Server,1
Apache Airflow,Salesforce Marketing Cloud,1
assess reliability of data,natural gas,1
assess reliability of data,radiotherapy,1
assess reliability of data,reverse engineering,1
cloud technologies,data warehouse,1
cloud technologies,database development tools,1
cloud technologies,manage data,1
data models,data storage,1
data models,database development tools,1
data models,manage data,1
data storage,database development tools,1
data storage,manage data,1
data storage,natural gas,1
data storage,reverse engineering,1
data warehouse,database development tools,1
Apache Kafka,augmented reality,1
Apache Kafka,customer relationship management,1
database,manage data,1
database development tools,define data quality criteria,1
database development tools,manage data,1
database development tools,natural gas,1
database development tools,radiotherapy,1
database development tools,reverse engineering,1
define data quality criteria,manage data,1
define data quality criteria,reverse engineering,1
manage data,natural gas,1
manage data,radiotherapy,1
manage data,reverse engineering,1
Apache Airflow,Domino Data Lab,1
Apache Airflow,Git,1
Apache Airflow,NumPy,1
Domino Data Lab,Git,1
Domino Data Lab,NumPy,1
Apache Airflow,Tableau,1
Apache Airflow,augmented reality,1
Apache Airflow,customer relationship management,1
Apache Airflow,"data extraction, transformation and loading tools",1
Apache Airflow,stitch paper materials,1
Apache Kafka,CI/CD,1
Apache Kafka,Domino Data Lab,1
Apache Kafka,Git,1
Apache Kafka,NumPy,1
Apache Kafka,Pandas,1
Apache Kafka,SQL Server,1
Apache Kafka,Salesforce Marketing Cloud,1
Apache Kafka,Snowflake,1
Apache Kafka,Tableau,1
Domino Data Lab,reverse engineering,1
Domino Data Lab,stitch paper materials,1
Git,Pandas,1
Apache Kafka,integrated circuits,1
Apache Kafka,stitch paper materials,1
CI/CD,Domino Data Lab,1
CI/CD,NumPy,1
CI/CD,Pandas,1
CI/CD,Salesforce Marketing Cloud,1
CI/CD,Snowflake,1
CI/CD,Tableau,1
CI/CD,augmented reality,1
CI/CD,"data extraction, transformation and loading tools",1
CI/CD,dbt,1
CI/CD,integrated circuits,1
CI/CD,stitch paper materials,1
NumPy,augmented reality,1
NumPy,customer relationship management,1
NumPy,"data extraction, transformation and loading tools",1
Domino Data Lab,Pandas,1
Domino Data Lab,Python,1
Domino Data Lab,R,1
Domino Data Lab,SQL Server,1
Domino Data Lab,Salesforce Marketing Cloud,1
Domino Data Lab,Scala,1
Domino Data Lab,Snowflake,1
Domino Data Lab,Tableau,1
Domino Data Lab,augmented reality,1
Domino Data Lab,customer relationship management,1
Domino Data Lab,"data extraction, transformation and loading tools",1
Domino Data Lab,dbt,1
Domino Data Lab,integrated circuits,1
Python,customer relationship management,1
Python,stitch paper materials,1
R,Salesforce Marketing Cloud,1
Git,Salesforce Marketing Cloud,1
Git,Tableau,1
Git,augmented reality,1
Git,customer relationship management,1
Git,dbt,1
Git,reverse engineering,1
Git,stitch paper materials,1
NumPy,Pandas,1
NumPy,SQL Server,1
NumPy,Salesforce Marketing Cloud,1
NumPy,Scala,1
NumPy,Snowflake,1
NumPy,Tableau,1
Salesforce Marketing Cloud,"data extraction, transformation and loading tools",1
Salesforce Marketing Cloud,dbt,1
Salesforce Marketing Cloud,integrated circuits,1
NumPy,dbt,1
NumPy,integrated circuits,1
NumPy,reverse engineering,1
NumPy,stitch paper materials,1
Pandas,SQL Server,1
Pandas,Salesforce Marketing Cloud,1
Pandas,Tableau,1
Pandas,augmented reality,1
Pandas,customer relationship management,1
Pandas,dbt,1
Pandas,stitch paper materials,1
Python,Salesforce Marketing Cloud,1
Python,augmented reality,1
Tableau,dbt,1
Tableau,reverse engineering,1
Tableau,stitch paper materials,1
R,augmented reality,1
R,customer relationship management,1
R,stitch paper materials,1
SQL Server,Salesforce Marketing Cloud,1
SQL Server,augmented reality,1
SQL Server,customer relationship management,1
SQL Server,dbt,1
SQL Server,stitch paper materials,1
Salesforce Marketing Cloud,Scala,1
Salesforce Marketing Cloud,Snowflake,1
Salesforce Marketing Cloud,Tableau,1
Salesforce Marketing Cloud,augmented reality,1
Salesforce Marketing Cloud,customer relationship management,1
dbt,stitch paper materials,1
integrated circuits,reverse engineering,1
integrated circuits,stitch paper materials,1
reverse engineering,stitch paper materials,1
Salesforce Marketing Cloud,reverse engineering,1
Salesforce Marketing Cloud,stitch paper materials,1
Scala,Tableau,1
Scala,augmented reality,1
Scala,customer relationship management,1
Scala,stitch paper materials,1
Snowflake,augmented reality,1
Snowflake,customer relationship management,1
Snowflake,dbt,1
Snowflake,stitch paper materials,1
Tableau,augmented reality,1
Tableau,customer relationship management,1
CI/CD,Neo4j,1
CI/CD,Scikit-learn,1
CI/CD,TensorFlow,1
CI/CD,algorithms,1
augmented reality,"data extraction, transformation and loading tools",1
augmented reality,dbt,1
augmented reality,reverse engineering,1
augmented reality,stitch paper materials,1
customer relationship management,"data extraction, transformation and loading tools",1
customer relationship management,dbt,1
customer relationship management,integrated circuits,1
customer relationship management,reverse engineering,1
customer relationship management,stitch paper materials,1
"data extraction, transformation and loading tools",dbt,1
"data extraction, transformation and loading tools",stitch paper materials,1
dbt,reverse engineering,1
Docker,Git,1
Docker,Neo4j,1
Docker,PyTorch,1
Docker,TensorFlow,1
Docker,algorithms,1
Amazon Web Services,visual presentation techniques,1
Python,visual presentation techniques,1
R,visual presentation techniques,1
SQL,visual presentation techniques,1
data mining,deep learning,1
data mining,visual presentation techniques,1
deep learning,visual presentation techniques,1
machine learning,visual presentation techniques,1
natural gas,visual presentation techniques,1
CI/CD,Databricks,1
CI/CD,ML (computer programming),1
Git,data engineering,1
Git,data models,1
Kubernetes,Neo4j,1
Kubernetes,TensorFlow,1
Kubernetes,algorithms,1
Kubernetes,data engineering,1
Databricks,Docker,1
Databricks,Kubernetes,1
Databricks,ML (computer programming),1
Databricks,Neo4j,1
Databricks,PyTorch,1
Databricks,Scikit-learn,1
Databricks,TensorFlow,1
Databricks,algorithms,1
Databricks,database,1
Databricks,machine learning,1
Amazon DynamoDB,distributed computing,1
Amazon DynamoDB,manage workflow processes,1
ML (computer programming),data models,1
Neo4j,PyTorch,1
Neo4j,Python,1
Neo4j,Scikit-learn,1
Neo4j,TensorFlow,1
Neo4j,algorithms,1
Neo4j,data engineering,1
Neo4j,data models,1
Neo4j,database,1
Neo4j,machine learning,1
Git,Kubernetes,1
Git,ML (computer programming),1
Git,Neo4j,1
Git,algorithms,1
DataOps,Generative AI,1
Kubernetes,data models,1
Kubernetes,database,1
ML (computer programming),Neo4j,1
ML (computer programming),Scikit-learn,1
Amazon S3,CI/CD,1
Amazon S3,Full Stack Development,1
Amazon S3,Jenkins (tools for software configuration management),1
Amazon S3,Oracle Warehouse Builder,1
Amazon S3,SQL,1
Amazon S3,Software Development Life Cycle,1
Amazon S3,analyse pipeline database information,1
Amazon DynamoDB,Software Development Life Cycle,1
Amazon DynamoDB,analyse pipeline database information,1
Amazon DynamoDB,database,1
Amazon DynamoDB,digital identity management,1
Generative AI,"data extraction, transformation and loading tools",1
PyTorch,data engineering,1
PyTorch,data models,1
Scikit-learn,algorithms,1
Scikit-learn,data engineering,1
Scikit-learn,data models,1
TensorFlow,data engineering,1
TensorFlow,data models,1
algorithms,data models,1
Data Governance,DataOps,1
Data Governance,Databricks,1
Data Governance,Microsoft Azure,1
Data Governance,Power BI,1
Data Governance,Unity (digital game creation systems),1
Data Governance,create prototype of user experience solutions,1
DataOps,Databricks,1
integrated circuits,principles of artificial intelligence,1
DataOps,Microsoft Azure,1
DataOps,Power BI,1
DataOps,Unity (digital game creation systems),1
DataOps,apply information security policies,1
DataOps,create prototype of user experience solutions,1
DataOps,"data extraction, transformation and loading tools",1
Databricks,Generative AI,1
Databricks,Unity (digital game creation systems),1
Databricks,apply information security policies,1
Databricks,create prototype of user experience solutions,1
Generative AI,Microsoft Azure,1
Generative AI,Power BI,1
Generative AI,Unity (digital game creation systems),1
Generative AI,apply information security policies,1
Generative AI,create prototype of user experience solutions,1
AWS Lambda,SQL Server,1
AWS Lambda,business intelligence,1
Amazon DynamoDB,Amazon Web Services,1
Amazon DynamoDB,Apache Spark,1
Microsoft Azure,Unity (digital game creation systems),1
Microsoft Azure,apply information security policies,1
Microsoft Azure,"data extraction, transformation and loading tools",1
Power BI,Unity (digital game creation systems),1
Power BI,apply information security policies,1
Unity (digital game creation systems),apply information security policies,1
Unity (digital game creation systems),create prototype of user experience solutions,1
Unity (digital game creation systems),"data extraction, transformation and loading tools",1
apply information security policies,create prototype of user experience solutions,1
create prototype of user experience solutions,"data extraction, transformation and loading tools",1
information architecture,integrated circuits,1
integrated circuits,machine learning,1
AWS Lambda,Amazon DynamoDB,1
AWS Lambda,Azure Cosmos DB,1
AWS Lambda,Azure Data Factory,1
Amazon DynamoDB,reverse engineering,1
Amazon EC2,CI/CD,1
Amazon EC2,Full Stack Development,1
Amazon EC2,Jenkins (tools for software configuration management),1
Amazon EC2,Oracle Warehouse Builder,1
Amazon EC2,SQL,1
Amazon EC2,Software Development Life Cycle,1
CAM software,R,1
CAM software,service-oriented modelling,1
AWS Lambda,Google Cloud Dataflow,1
AWS Lambda,MySQL,1
AWS Lambda,Oracle Warehouse Builder,1
AWS Lambda,SPARK,1
Amazon DynamoDB,Azure Cosmos DB,1
Amazon DynamoDB,Azure Data Factory,1
Amazon DynamoDB,Google Cloud Dataflow,1
Amazon DynamoDB,MySQL,1
Amazon DynamoDB,SPARK,1
Amazon DynamoDB,SQL Server,1
Amazon DynamoDB,business intelligence,1
Amazon DynamoDB,"data extraction, transformation and loading tools",1
Amazon Web Services,Azure Cosmos DB,1
Amazon Web Services,Azure Data Factory,1
Amazon Web Services,Google Cloud Dataflow,1
Amazon Web Services,MySQL,1
Amazon Web Services,Oracle Warehouse Builder,1
Amazon Web Services,SPARK,1
Amazon Web Services,SQL Server,1
SAP FICO,computer programming,1
Oracle Warehouse Builder,SPARK,1
Apache Spark,Azure Cosmos DB,1
Apache Spark,Google Cloud Dataflow,1
Apache Spark,Oracle Warehouse Builder,1
Azure Cosmos DB,Azure Data Factory,1
Azure Cosmos DB,Google Cloud Dataflow,1
Azure Cosmos DB,MySQL,1
Azure Cosmos DB,Oracle Warehouse Builder,1
Azure Cosmos DB,R,1
Azure Cosmos DB,SPARK,1
Azure Cosmos DB,SQL Server,1
Azure Cosmos DB,business intelligence,1
Azure Cosmos DB,"data extraction, transformation and loading tools",1
Azure Data Factory,Google Cloud Dataflow,1
Azure Data Factory,MySQL,1
Azure Data Factory,R,1
HiveQL,SQL,1
HiveQL,XML,1
HiveQL,machine learning,1
HiveQL,natural language processing,1
Azure Data Factory,SPARK,1
Azure Data Factory,business intelligence,1
Azure Data Factory,"data extraction, transformation and loading tools",1
Google Cloud Dataflow,MySQL,1
Google Cloud Dataflow,Oracle Warehouse Builder,1
Google Cloud Dataflow,R,1
Google Cloud Dataflow,SPARK,1
Google Cloud Dataflow,SQL Server,1
Google Cloud Dataflow,business intelligence,1
Google Cloud Dataflow,"data extraction, transformation and loading tools",1
MySQL,SPARK,1
MySQL,"data extraction, transformation and loading tools",1
NoSQL,natural language processing,1
NoSQL,principles of artificial intelligence,1
NoSQL,statistics,1
Python,XML,1
XML,machine learning,1
XML,natural language processing,1
XML,principles of artificial intelligence,1
Oracle Warehouse Builder,"data extraction, transformation and loading tools",1
SPARK,SQL Server,1
SPARK,"data extraction, transformation and loading tools",1
business ICT systems,public relations,1
business ICT systems,systems development life-cycle,1
HiveQL,JSON,1
HiveQL,NoSQL,1
HiveQL,Python,1
HiveQL,R,1
GATK,SQL Server,1
GATK,business intelligence,1
GATK,computer programming,1
GATK,create prototype of user experience solutions,1
GATK,natural gas,1
GATK,sand blasting machine parts,1
Galaxy,MySQL,1
HiveQL,principles of artificial intelligence,1
HiveQL,statistics,1
JSON,Python,1
JSON,machine learning,1
JSON,natural language processing,1
JSON,principles of artificial intelligence,1
JSON,statistics,1
NoSQL,Python,1
NoSQL,machine learning,1
Galaxy,create prototype of user experience solutions,1
Galaxy,natural gas,1
Galaxy,sand blasting machine parts,1
MySQL,Perl,1
MySQL,PostgreSQL,1
MySQL,SOAP,1
MySQL,computer programming,1
XML,statistics,1
GATK,Galaxy,1
GATK,MySQL,1
GATK,Oracle Warehouse Builder,1
GATK,Perl,1
GATK,PostgreSQL,1
GATK,Python,1
GATK,R,1
GATK,SOAP,1
Oracle Warehouse Builder,create prototype of user experience solutions,1
Oracle Warehouse Builder,natural gas,1
Oracle Warehouse Builder,sand blasting machine parts,1
Perl,PostgreSQL,1
Perl,SOAP,1
Perl,SQL Server,1
Perl,business intelligence,1
Galaxy,Oracle Warehouse Builder,1
Galaxy,Perl,1
Galaxy,PostgreSQL,1
Galaxy,Python,1
Galaxy,R,1
Galaxy,SOAP,1
Galaxy,SQL Server,1
Galaxy,business intelligence,1
Galaxy,computer programming,1
SQL,interpreting modes,1
PostgreSQL,SQL Server,1
PostgreSQL,business intelligence,1
PostgreSQL,computer programming,1
PostgreSQL,create prototype of user experience solutions,1
PostgreSQL,natural gas,1
PostgreSQL,sand blasting machine parts,1
Python,SOAP,1
Python,sand blasting machine parts,1
R,SOAP,1
MySQL,create prototype of user experience solutions,1
MySQL,sand blasting machine parts,1
Oracle Warehouse Builder,Perl,1
Oracle Warehouse Builder,PostgreSQL,1
Oracle Warehouse Builder,SOAP,1
Oracle Warehouse Builder,computer programming,1
Perl,create prototype of user experience solutions,1
Perl,natural gas,1
Perl,sand blasting machine parts,1
PostgreSQL,SOAP,1
R,service-oriented modelling,1
Amazon DynamoDB,Amazon EC2,1
Amazon DynamoDB,Amazon S3,1
Amazon DynamoDB,CI/CD,1
Amazon DynamoDB,Full Stack Development,1
Amazon DynamoDB,Jenkins (tools for software configuration management),1
Amazon DynamoDB,Python,1
Amazon DynamoDB,SQL,1
SAP FICO,SQL,1
SAP FICO,interpreting modes,1
SAP FICO,plan,1
SAP FICO,semiconductors,1
HTTP,database,1
R,create prototype of user experience solutions,1
R,sand blasting machine parts,1
SOAP,SQL Server,1
SOAP,business intelligence,1
SOAP,computer programming,1
SOAP,create prototype of user experience solutions,1
SOAP,natural gas,1
SOAP,sand blasting machine parts,1
SQL Server,computer programming,1
SQL Server,create prototype of user experience solutions,1
SQL Server,sand blasting machine parts,1
business intelligence,sand blasting machine parts,1
computer programming,sand blasting machine parts,1
create prototype of user experience solutions,sand blasting machine parts,1
natural gas,sand blasting machine parts,1
Web API,computer programming,1
Client-Server Architecture,HTTP,1
Client-Server Architecture,JavaScript,1
Client-Server Architecture,R,1
Client-Server Architecture,SQL,1
Client-Server Architecture,Web API,1
Client-Server Architecture,computer programming,1
Client-Server Architecture,database,1
Client-Server Architecture,manage athletes,1
Client-Server Architecture,select soap shaping plate,1
Client-Server Architecture,web services,1
HTTP,JavaScript,1
HTTP,R,1
HTTP,SQL,1
HTTP,Web API,1
HTTP,computer programming,1
manage athletes,web services,1
select soap shaping plate,web services,1
C++,Graph Analytics,1
C++,ML (computer programming),1
HTTP,manage athletes,1
HTTP,select soap shaping plate,1
HTTP,web services,1
JavaScript,Web API,1
JavaScript,select soap shaping plate,1
JavaScript,web services,1
R,Web API,1
R,select soap shaping plate,1
R,web services,1
SQL,Web API,1
SQL,select soap shaping plate,1
SQL,web services,1
Web API,select soap shaping plate,1
Web API,web services,1
computer programming,select soap shaping plate,1
interpreting modes,plan,1
interpreting modes,semiconductors,1
Figma,Jira,1
Figma,data engineering,1
Figma,hardware platforms,1
Figma,information structure,1
Jira,data engineering,1
Jira,hardware platforms,1
computer programming,web services,1
database,manage athletes,1
database,select soap shaping plate,1
database,web services,1
manage athletes,select soap shaping plate,1
Graph Analytics,Java (computer programming),1
Graph Analytics,ML (computer programming),1
Graph Analytics,PyTorch,1
Graph Analytics,Python,1
Graph Analytics,TensorFlow,1
Graph Analytics,machine learning,1
Graph Analytics,natural language processing,1
Java (computer programming),ML (computer programming),1
AWS Lambda,Adobe Experience Platform,1
AWS Lambda,PostgreSQL,1
AWS Lambda,Python,1
AWS Lambda,Scala,1
AWS Lambda,glue film reels,1
AWS Lambda,semiconductors,1
Web API,database,1
Web API,manage athletes,1
Workflow Analysis,project management,1
Adobe Experience Platform,Amazon Web Services,1
Adobe Experience Platform,Apache Spark,1
Adobe Experience Platform,PostgreSQL,1
Adobe Experience Platform,Python,1
Adobe Experience Platform,R,1
Adobe Experience Platform,Scala,1
Adobe Experience Platform,"data extraction, transformation and loading tools",1
Adobe Experience Platform,glue film reels,1
Adobe Experience Platform,semiconductors,1
Amazon Web Services,PostgreSQL,1
Amazon Web Services,glue film reels,1
Apache Spark,PostgreSQL,1
PostgreSQL,Scala,1
PostgreSQL,"data extraction, transformation and loading tools",1
PostgreSQL,glue film reels,1
Python,smart contract programming languages,1
R,smart contract programming languages,1
SAS,smart contract programming languages,1
SQL,smart contract programming languages,1
smart contract programming languages,statistics,1
PostgreSQL,semiconductors,1
Scala,glue film reels,1
glue film reels,semiconductors,1
C#,C++,1
C#,JavaScript,1
C#,manage athletes,1
Workflow Analysis,business analysis,1
Workflow Analysis,business processes,1
Workflow Analysis,computer programming,1
Workflow Analysis,interact with users to gather requirements,1
Workflow Analysis,plan,1
Cloud Platform,Microservices,1
Cloud Platform,machine learning,1
Cloud Platform,reverse engineering,1
Cloud Platform,statistics,1
Cloud Platform,types of tidal stream generators,1
Workflow Analysis,statistics,1
Workflow Analysis,write specifications,1
business analysis,write specifications,1
business processes,write specifications,1
computer programming,write specifications,1
interact with users to gather requirements,write specifications,1
plan,write specifications,1
project management,write specifications,1
statistics,write specifications,1
Data Manipulation,SAS,1
Data Manipulation,smart contract programming languages,1
Amazon Web Services,Application Performance Monitoring,1
Amazon Web Services,SAS Data Management,1
Amazon Web Services,Snowflake,1
Amazon Web Services,data analytics,1
Amazon Web Services,data engineering,1
Application Performance Monitoring,SAS Data Management,1
Application Performance Monitoring,Snowflake,1
C#,Cloud Platform,1
C#,Generative AI,1
C#,Microservices,1
C#,machine learning,1
C#,natural language processing,1
C#,reverse engineering,1
C#,statistics,1
C#,types of tidal stream generators,1
Cloud Platform,Generative AI,1
IBM InfoSphere DataStage,NoSQL Database,1
IBM InfoSphere DataStage,Python,1
IBM InfoSphere DataStage,Relational Database,1
IBM InfoSphere DataStage,"data extraction, transformation and loading tools",1
IBM InfoSphere DataStage,iron textiles,1
IBM InfoSphere DataStage,learning management systems,1
IBM InfoSphere DataStage,natural gas,1
Generative AI,Microservices,1
Generative AI,Python,1
Generative AI,natural language processing,1
Generative AI,reverse engineering,1
Generative AI,types of tidal stream generators,1
Microservices,Python,1
Microservices,natural language processing,1
Microservices,reverse engineering,1
natural language processing,reverse engineering,1
Python,iron textiles,1
Relational Database,computer programming,1
Relational Database,"data extraction, transformation and loading tools",1
Relational Database,database,1
Relational Database,iron textiles,1
Relational Database,learning management systems,1
Relational Database,natural gas,1
Application Performance Monitoring,cloud technologies,1
Application Performance Monitoring,data analytics,1
Application Performance Monitoring,data engineering,1
SAS Data Management,Snowflake,1
SAS Data Management,cloud technologies,1
SAS Data Management,data analytics,1
SAS Data Management,data engineering,1
Snowflake,cloud technologies,1
Snowflake,data analytics,1
computer science,machine learning,1
design application interfaces,lead process optimisation,1
design application interfaces,machine learning,1
C++,CSS,1
C++,SAS,1
C++,SAS Enterprise Guide,1
C++,Tableau,1
NoSQL Database,Python,1
NoSQL Database,Relational Database,1
NoSQL Database,computer programming,1
NoSQL Database,"data extraction, transformation and loading tools",1
NoSQL Database,database,1
NoSQL Database,iron textiles,1
NoSQL Database,learning management systems,1
NoSQL Database,natural gas,1
Python,Relational Database,1
"data extraction, transformation and loading tools",iron textiles,1
database,iron textiles,1
iron textiles,learning management systems,1
iron textiles,natural gas,1
Jira,information structure,1
data engineering,hardware platforms,1
data engineering,information structure,1
hardware platforms,information structure,1
Adobe XD,Figma,1
Adobe XD,Jira,1
Adobe XD,data engineering,1
Adobe XD,hardware platforms,1
Adobe XD,information structure,1
Agile development,Backend Development,1
computer science,design application interfaces,1
computer science,lead process optimisation,1
C++,Tableau Server,1
C++,integrated circuits,1
CSS,Java (computer programming),1
CSS,JavaScript,1
CSS,Perl,1
CSS,Python,1
CSS,R,1
CSS,SAS,1
CSS,SAS Enterprise Guide,1
CSS,Tableau,1
CSS,Tableau Server,1
CSS,computer programming,1
CSS,integrated circuits,1
CSS,manage athletes,1
Java (computer programming),JavaScript,1
computer programming,iron textiles,1
Java (computer programming),SAS,1
Java (computer programming),SAS Enterprise Guide,1
Java (computer programming),Tableau,1
Java (computer programming),Tableau Server,1
Java (computer programming),integrated circuits,1
Java (computer programming),manage athletes,1
JavaScript,Perl,1
JavaScript,SAS Enterprise Guide,1
JavaScript,Tableau,1
JavaScript,Tableau Server,1
JavaScript,integrated circuits,1
Perl,SAS,1
Perl,SAS Enterprise Guide,1
Perl,Tableau,1
Perl,Tableau Server,1
Perl,integrated circuits,1
Perl,manage athletes,1
Python,SAS Enterprise Guide,1
Python,Tableau Server,1
R,SAS Enterprise Guide,1
R,Tableau Server,1
SAS,SAS Enterprise Guide,1
SAS,Tableau Server,1
SAS,integrated circuits,1
SAS,manage athletes,1
SAS Enterprise Guide,Tableau,1
SAS Enterprise Guide,Tableau Server,1
SAS Enterprise Guide,computer programming,1
SAS Enterprise Guide,integrated circuits,1
SAS Enterprise Guide,manage athletes,1
Tableau,Tableau Server,1
Tableau,manage athletes,1
Azure Data Lake Storage,Azure Synapse,1
Azure Data Lake Storage,Oracle Application Development Framework,1
Azure Data Lake Storage,Python,1
Tableau Server,computer programming,1
Tableau Server,integrated circuits,1
Tableau Server,manage athletes,1
integrated circuits,manage athletes,1
Jira,computer technology,1
computer technology,use online tools to collaborate,1
Microsoft Access,Power BI,1
Microsoft Access,develop statistical software,1
Microsoft Excel,develop statistical software,1
Power BI,develop statistical software,1
Data Manipulation,data models,1
Data Manipulation,statistical modeling techniques,1
Microsoft Excel,data models,1
Azure Event Hub,reverse engineering,1
Azure Synapse,Oracle Application Development Framework,1
Azure Synapse,R,1
Azure Synapse,logic,1
Azure Synapse,reverse engineering,1
Oracle Application Development Framework,Python,1
data models,statistical modeling techniques,1
Python,pharmacognosy,1
SQL,pharmacognosy,1
computer programming,pharmacognosy,1
data mining,pharmacognosy,1
database management systems,pharmacognosy,1
database management systems,statistical modeling techniques,1
pharmacognosy,statistical modeling techniques,1
pharmacognosy,use computer telephony integration,1
Azure Data Lake Storage,Azure Event Hub,1
Metabase,R,1
Metabase,SQL,1
Metabase,Tableau,1
Apache Spark,Graph Theory,1
Apache Spark,ML (computer programming),1
Graph Theory,ML (computer programming),1
Azure Data Lake Storage,R,1
Azure Data Lake Storage,SQL,1
Azure Data Lake Storage,logic,1
Azure Data Lake Storage,reverse engineering,1
Azure Event Hub,Azure Synapse,1
Azure Event Hub,Oracle Application Development Framework,1
Azure Event Hub,Python,1
Azure Event Hub,R,1
Azure Event Hub,SQL,1
Azure Event Hub,logic,1
DAX,data models,1
Data Manipulation,computer programming,1
Oracle DRM,Oracle Essbase,1
Oracle DRM,R,1
Oracle DRM,SAP Data Services,1
Oracle DRM,SQL,1
Oracle DRM,"data extraction, transformation and loading tools",1
Oracle DRM,learning management systems,1
Oracle Application Development Framework,R,1
Oracle Application Development Framework,SQL,1
Oracle Application Development Framework,logic,1
Oracle Application Development Framework,reverse engineering,1
logic,reverse engineering,1
Metabase,Microsoft Excel,1
Metabase,Power BI,1
Metabase,Python,1
C++,learning management systems,1
Java (computer programming),artificial neural networks,1
Java (computer programming),computer vision,1
Java (computer programming),learning management systems,1
PyTorch,learning management systems,1
artificial neural networks,learning management systems,1
artificial neural networks,machine learning,1
artificial neural networks,natural language processing,1
Graph Theory,Python,1
Graph Theory,algorithms,1
Graph Theory,data engineering,1
Graph Theory,machine learning,1
Apache Spark,DAX,1
Apache Spark,Power BI,1
Apache Spark,data models,1
Apache Spark,data visualisation software,1
Amazon Web Services,Oracle Data Integrator,1
Amazon Web Services,Power BI,1
Amazon Web Services,Tableau,1
Amazon Web Services,create prototype of user experience solutions,1
Amazon Web Services,data warehouse,1
Amazon Web Services,integrated circuits,1
Amazon Web Services,social work theory,1
Cloud Platform,DevOps,1
Cloud Platform,Docker,1
Oracle Essbase,R,1
Oracle Essbase,SAP Data Services,1
Oracle Essbase,SQL,1
Oracle Essbase,"data extraction, transformation and loading tools",1
Oracle Essbase,learning management systems,1
SAP Data Services,"data extraction, transformation and loading tools",1
SAP Data Services,learning management systems,1
Cloud Platform,Power BI,1
Cloud Platform,Tableau,1
Cloud Platform,business intelligence,1
Cloud Platform,create prototype of user experience solutions,1
Cloud Platform,data warehouse,1
Cloud Platform,integrated circuits,1
Cloud Platform,semiconductors,1
Cloud Platform,social work theory,1
DevOps,Kubernetes,1
DevOps,ML (computer programming),1
DevOps,Microsoft Azure,1
Amazon Web Services,Cloud Platform,1
Amazon Web Services,DevOps,1
Amazon Web Services,Docker,1
Amazon Web Services,ML (computer programming),1
Amazon Web Services,Microsoft Azure,1
DevOps,natural language processing,1
DevOps,semiconductors,1
DevOps,social work theory,1
Docker,Microsoft Azure,1
Docker,Oracle Data Integrator,1
Docker,Power BI,1
Docker,Tableau,1
Docker,business intelligence,1
Docker,create prototype of user experience solutions,1
Docker,data warehouse,1
Docker,integrated circuits,1
Docker,natural language processing,1
Cloud Platform,Kubernetes,1
Cloud Platform,ML (computer programming),1
Cloud Platform,Microsoft Azure,1
Cloud Platform,Oracle Data Integrator,1
Kubernetes,Microsoft Azure,1
Kubernetes,Oracle Data Integrator,1
Kubernetes,Power BI,1
Kubernetes,Tableau,1
Kubernetes,create prototype of user experience solutions,1
Kubernetes,data warehouse,1
Kubernetes,integrated circuits,1
Kubernetes,natural language processing,1
Kubernetes,semiconductors,1
Kubernetes,social work theory,1
ML (computer programming),Microsoft Azure,1
ML (computer programming),Oracle Data Integrator,1
ML (computer programming),Power BI,1
ML (computer programming),Tableau,1
DevOps,Oracle Data Integrator,1
DevOps,Tableau,1
ML (computer programming),data warehouse,1
ML (computer programming),semiconductors,1
ML (computer programming),social work theory,1
Microsoft Azure,Oracle Data Integrator,1
Microsoft Azure,data warehouse,1
Microsoft Azure,integrated circuits,1
Microsoft Azure,natural language processing,1
Microsoft Azure,social work theory,1
Oracle Data Integrator,Power BI,1
Oracle Data Integrator,Python,1
Oracle Data Integrator,Tableau,1
Oracle Data Integrator,business intelligence,1
Oracle Data Integrator,create prototype of user experience solutions,1
Oracle Data Integrator,data warehouse,1
Docker,semiconductors,1
Docker,social work theory,1
Oracle Data Integrator,natural language processing,1
Oracle Data Integrator,semiconductors,1
Oracle Data Integrator,social work theory,1
Power BI,social work theory,1
Python,social work theory,1
Tableau,create prototype of user experience solutions,1
Tableau,data warehouse,1
Tableau,social work theory,1
business intelligence,social work theory,1
create prototype of user experience solutions,data warehouse,1
create prototype of user experience solutions,integrated circuits,1
create prototype of user experience solutions,natural language processing,1
create prototype of user experience solutions,semiconductors,1
create prototype of user experience solutions,social work theory,1
ML (computer programming),business intelligence,1
ML (computer programming),create prototype of user experience solutions,1
data warehouse,social work theory,1
integrated circuits,natural language processing,1
integrated circuits,social work theory,1
natural language processing,semiconductors,1
natural language processing,social work theory,1
semiconductors,social work theory,1
Oracle E-Business Suite,economics,1
Oracle E-Business Suite,supply chain management,1
economics,supply chain management,1
IBM InfoSphere DataStage,R,1
IBM InfoSphere DataStage,SAP Data Services,1
IBM InfoSphere DataStage,SAP R3,1
IBM InfoSphere DataStage,SQL,1
IBM InfoSphere DataStage,Snowflake,1
IBM InfoSphere DataStage,data engineering,1
Oracle Data Integrator,integrated circuits,1
SAP Data Services,SAP R3,1
SAP Data Services,Snowflake,1
SAP R3,SQL,1
SAP R3,Snowflake,1
SAP R3,data engineering,1
SAP R3,radiotherapy,1
Bayesian Statistics,Generalized Linear Models,1
Bayesian Statistics,Multivariate Analysis,1
Bayesian Statistics,Nonlinear Regression,1
Bayesian Statistics,Python,1
Bayesian Statistics,R,1
Bayesian Statistics,SAS,1
Bayesian Statistics,SQL,1
Bayesian Statistics,computer programming,1
Bayesian Statistics,data mining,1
data warehouse,natural language processing,1
Generalized Linear Models,Multivariate Analysis,1
Generalized Linear Models,Nonlinear Regression,1
Generalized Linear Models,Python,1
Generalized Linear Models,R,1
Generalized Linear Models,SAS,1
Generalized Linear Models,SQL,1
Generalized Linear Models,computer programming,1
Generalized Linear Models,data mining,1
Generalized Linear Models,use computer telephony integration,1
Multivariate Analysis,Nonlinear Regression,1
Multivariate Analysis,Python,1
Multivariate Analysis,R,1
Multivariate Analysis,SAS,1
Multivariate Analysis,SQL,1
Multivariate Analysis,computer programming,1
R,SAP R3,1
Multivariate Analysis,use computer telephony integration,1
Nonlinear Regression,Python,1
Nonlinear Regression,R,1
Nonlinear Regression,SAS,1
Nonlinear Regression,SQL,1
Nonlinear Regression,computer programming,1
Nonlinear Regression,data mining,1
Nonlinear Regression,use computer telephony integration,1
R,use computer telephony integration,1
SAS,use computer telephony integration,1
ICT project management methodologies,electronics,1
ICT project management methodologies,logic,1
Microsoft Office,computer programming,1
Microsoft Office,computer technology,1
Microsoft Office,data visualisation software,1
Bayesian Statistics,use computer telephony integration,1
Microsoft Office,logic,1
Microsoft Office,sing,1
Python,computer technology,1
R,computer technology,1
R,database management systems,1
SQL,computer technology,1
Tableau,computer technology,1
Tableau,database management systems,1
Tableau,logic,1
Tableau,sing,1
computer programming,logic,1
computer technology,database management systems,1
computer technology,logic,1
computer technology,sing,1
data visualisation software,logic,1
Multivariate Analysis,data mining,1
database management systems,sing,1
logic,sing,1
C++,DevOps,1
C++,Infrastructure as Code,1
C++,Microsoft Excel,1
C++,Power BI,1
C++,data visualisation software,1
DevOps,Infrastructure as Code,1
DevOps,Java (computer programming),1
DevOps,Microsoft Excel,1
DevOps,Perl,1
DevOps,data visualisation software,1
Infrastructure as Code,Java (computer programming),1
Infrastructure as Code,Microsoft Excel,1
Infrastructure as Code,Perl,1
Microsoft Office,database management systems,1
Infrastructure as Code,Python,1
Infrastructure as Code,R,1
Infrastructure as Code,SQL,1
Infrastructure as Code,data visualisation software,1
Java (computer programming),Microsoft Excel,1
Java (computer programming),Power BI,1
Java (computer programming),data visualisation software,1
Microsoft Excel,Perl,1
Perl,Power BI,1
Perl,SQL,1
Perl,data visualisation software,1
CI/CD,Edge Computing,1
CI/CD,Image Processing,1
CI/CD,data quality assessment,1
CI/CD,think creatively,1
database management systems,logic,1
DevOps,Image Processing,1
DevOps,Performance Optimization,1
DevOps,analyse pipeline database information,1
DevOps,cloud technologies,1
DevOps,data engineering,1
DevOps,data quality assessment,1
DevOps,information architecture,1
Docker,Edge Computing,1
Docker,Image Processing,1
Docker,Performance Optimization,1
Docker,analyse pipeline database information,1
Docker,cloud technologies,1
Docker,data quality assessment,1
Docker,information architecture,1
Docker,think creatively,1
Infrastructure as Code,Power BI,1
Edge Computing,Performance Optimization,1
Edge Computing,analyse pipeline database information,1
Edge Computing,cloud technologies,1
Edge Computing,data engineering,1
Edge Computing,data models,1
Edge Computing,data quality assessment,1
Edge Computing,database,1
Edge Computing,information architecture,1
Edge Computing,think creatively,1
Image Processing,Performance Optimization,1
Image Processing,analyse pipeline database information,1
Image Processing,cloud technologies,1
Image Processing,data engineering,1
Image Processing,data models,1
Image Processing,data quality assessment,1
DevOps,Edge Computing,1
Image Processing,information architecture,1
Image Processing,think creatively,1
Performance Optimization,data models,1
Performance Optimization,data quality assessment,1
Performance Optimization,database,1
Performance Optimization,information architecture,1
analyse pipeline database information,data quality assessment,1
analyse pipeline database information,think creatively,1
cloud technologies,data quality assessment,1
cloud technologies,information architecture,1
data engineering,data quality assessment,1
data engineering,think creatively,1
data models,data quality assessment,1
data quality assessment,database,1
data quality assessment,information architecture,1
Edge Computing,Image Processing,1
information architecture,think creatively,1
Microsoft Excel,artificial neural networks,1
SAS,artificial neural networks,1
SAS,business intelligence,1
SQL,artificial neural networks,1
artificial neural networks,business intelligence,1
artificial neural networks,data mining,1
artificial neural networks,data visualisation software,1
artificial neural networks,statistics,1
Azure Data Factory,DAX,1
Azure Data Factory,Microsoft Excel,1
Azure Data Factory,Power BI,1
Azure Data Factory,SQL Server Integration Services,1
Azure Data Factory,apply statistical analysis techniques,1
Azure Data Factory,blockchain consensus mechanisms,1
Image Processing,database,1
DAX,SQL Server,1
DAX,SQL Server Integration Services,1
DAX,apply statistical analysis techniques,1
DAX,blockchain consensus mechanisms,1
DAX,integrated circuits,1
Microsoft Excel,Oracle Warehouse Builder,1
Microsoft Excel,SQL Server,1
Microsoft Excel,SQL Server Integration Services,1
Microsoft Excel,apply statistical analysis techniques,1
Oracle Warehouse Builder,Power BI,1
Oracle Warehouse Builder,SQL Server Integration Services,1
Oracle Warehouse Builder,apply statistical analysis techniques,1
Oracle Warehouse Builder,blockchain consensus mechanisms,1
Oracle Warehouse Builder,integrated circuits,1
Power BI,apply statistical analysis techniques,1
data quality assessment,think creatively,1
Python,blockchain consensus mechanisms,1
SQL,apply statistical analysis techniques,1
SQL Server,apply statistical analysis techniques,1
SQL Server,blockchain consensus mechanisms,1
SQL Server Integration Services,apply statistical analysis techniques,1
SQL Server Integration Services,blockchain consensus mechanisms,1
SQL Server Integration Services,integrated circuits,1
apply statistical analysis techniques,blockchain consensus mechanisms,1
apply statistical analysis techniques,integrated circuits,1
C++,mathematical modelling,1
C++,principles of artificial intelligence,1
C++,statistics,1
Python,mathematical modelling,1
Chatbots,Python,1
Chatbots,REST API,1
DAX,Oracle Warehouse Builder,1
Chatbots,TensorFlow,1
Chatbots,computer vision,1
Chatbots,database,1
Chatbots,database management systems,1
Chatbots,deep learning,1
Chatbots,learning management systems,1
Chatbots,machine learning,1
Chatbots,natural language processing,1
Python,REST API,1
Python,Retrieval-Augmented Generation,1
REST API,Retrieval-Augmented Generation,1
REST API,TensorFlow,1
REST API,computer vision,1
REST API,database,1
REST API,database management systems,1
Python,apply statistical analysis techniques,1
Git,conduct patch testing,1
Git,cryptocurrency,1
Git,distributed ledger technology,1
Git,statistical modeling techniques,1
Jupyter Notebook,Python,1
Retrieval-Augmented Generation,database,1
Retrieval-Augmented Generation,database management systems,1
Retrieval-Augmented Generation,deep learning,1
Retrieval-Augmented Generation,learning management systems,1
Retrieval-Augmented Generation,machine learning,1
Retrieval-Augmented Generation,natural language processing,1
TensorFlow,database management systems,1
computer vision,database management systems,1
database,database management systems,1
database management systems,deep learning,1
Chatbots,Retrieval-Augmented Generation,1
SQL,distributed ledger technology,1
Azure DevOps,Microsoft Excel,1
Azure DevOps,Microsoft Office,1
Azure DevOps,Power BI,1
Azure DevOps,Python,1
Azure DevOps,Tableau,1
conduct patch testing,distributed ledger technology,1
conduct patch testing,statistical modeling techniques,1
cryptocurrency,database,1
cryptocurrency,distributed ledger technology,1
cryptocurrency,machine learning,1
cryptocurrency,statistical modeling techniques,1
database,distributed ledger technology,1
database,statistical modeling techniques,1
distributed ledger technology,machine learning,1
REST API,deep learning,1
Azure Synapse,SQL Server,1
Azure Synapse,Scala,1
Azure Synapse,Snowflake,1
Azure Synapse,Teradata Database,1
Azure Synapse,data warehouse,1
Azure Synapse,integrated circuits,1
Azure Synapse,semiconductors,1
Git,GitHub,1
Apache Spark,Git,1
Apache Spark,GitHub,1
Apache Spark,Snowflake,1
Apache Spark,Teradata Database,1
Adobe XD,Agile development,1
Adobe XD,Backend Development,1
Python,distributed ledger technology,1
SQL,cryptocurrency,1
