job_id,title,description,llm_technical_skills,llm_tools,llm_certifications,gold_technical_skills,gold_tools,gold_certifications
3899525852,Business Analyst,"My client in the Energy Trading sector are currently looking for an ETRM Business Analyst with the following skillset:
Experience with an ETRM such as Openlink, Allegro or Salesforce are preferred.Energy trading (Power/Gas/LNG/Oil) projects and domainExperience working with Market Data (Forward Curves, Settlement Prices, Expiry dates) and understand main use cases for pricingKnowledge of commodity trade lifecycle and EoD processes for Valuation and PnL reportingChange Management and Release ManagementAdapts to changes both Business and technical and overcomes obstacles
This will be an initial 6 month contract and can pay up to $1200/day. The expectation will be 2 days per week in the office. 
Please let me know if this is of interest!","['ETRM', 'Commodity Trade Lifecycle', 'Energy Trading', 'Market Data Analysis', 'Pricing', 'Valuation', 'PnL Reporting', 'Change Management', 'Release Management']","['Openlink', 'Allegro', 'Salesforce']",[],,,
3891072418,Systems/Data Analyst - SQL/ETL,"Our industry-leading financial services client is seeking a Systems/Data Analyst with strong SQL and ETL. Hybrid role, must be able to work in Durham NC.
Due to client requirement, applicants must be willing and able to work on a w2 basis. For our w2 consultants, we offer a great benefits package that includes Medical, Dental, and Vision benefits, 401k with company matching, and life insurance. 
Job Requirements:7-8 years of systems analysis experienceExtensive experience working directly with business and detailing their requirementsStrong SQL and Data skillsETL experience (Informatica or Snaplogic)Can connect with the developers / QA directly and ensure they can understand what the requirements areGood Communication skillsWorked in an agile teamFinancial domain experience would be very advantageous
Skills, experience, and other compensable factors will be considered when determining pay rate. The pay range provided in this posting reflects a W2 hourly rate; other employment options may be available that may result in pay outside of the provided range.  W2 employees of Eliassen Group who are regularly scheduled to work 30 or more hours per week are eligible for the following benefits: medical (choice of 3 plans), dental, vision, pre-tax accounts, other voluntary benefits including life and disability insurance, 401(k) with match, and sick time if required by law in the worked-in state/locality. 
Please be advised- If anyone reaches out to you about an open position connected with Eliassen Group, please confirm that they have an Eliassen.com email address and never provide personal or financial information to anyone who is not clearly associated with Eliassen Group. If you have any indication of fraudulent activity, please contact InfoSec@eliassen.com.
Job ID: 383882","['SQL', 'ETL', 'Informatica', 'Snaplogic']",[],[],,,
3902754992,IT Business Analyst,"We seek an IT BA with expertise in broker dealer concepts & proficiency in ibroker dealer systems, such as Broadridge Impact and/or Bloomberg. This role involves overseeing the creation and approval of core project documentation including business requirements, functional requirements, technical specifications, user acceptance testing.Client DetailsA Wealth Management Firm known for its extensive range of financial products and services, including asset management, risk management, and advisory services.DescriptionStay updated on regulatory requirements such as TRACE and FR2004 reporting.Evaluate broker-dealer's capabilities, systems (Broadridge Impact/Bloomberg), and processes to identify gaps for onboarding requirements.Create a detailed onboarding plan and timeline for new market participants, outlining necessary steps and milestones.Coordinate with regulatory bodies to understand application processes, reporting requirements, and ongoing obligations.Assist in gathering information and submitting documentation required for broker-dealer's onboarding process. It is imperative that this candidate have experience in the broker dealer space, utilizing Broadridge Impact or Bloomberg.ProfileAt least 5 years of experience in a similar business analyst or market operations role, ideally within a broker-dealer or financial institution.A comprehensive understanding of financial markets, regulatory requirements, and onboarding processes.Proven track record in successfully onboarding and supporting new market participants.Strong analytical and problem-solving abilities, capable of interpreting complex data and extracting meaningful insights.Outstanding communication and stakeholder management skills, able to effectively convey technical information to non-technical audiences.Proficiency in data analysis tools such as Excel, SQL, and business intelligence software.Prior experience in process improvement initiatives and project management.


 
It is imperative that this candidate have experience in the broker dealer space, utilizing Broadridge Impact or Bloomberg.
 

 








 
 


 

 








 
 


Job OfferThis position offers great pay and benefits! Apply today using the link and your resume will be reviewed within 24 hours!  
MPI does not discriminate on the basis of race, color, religion, sex, sexual orientation, gender identity or expression, national origin, age, disability, veteran status, marital status, or based on an individual's status in any group or class protected by applicable federal, state or local law. MPI encourages applications from minorities, women, the disabled, protected veterans and all other qualified applicants.","['Broadridge Impact', 'Bloomberg', 'Excel', 'SQL', 'business intelligence software']","['Broadridge Impact', 'Bloomberg', 'Excel', 'SQL', 'business intelligence software']",[],,,
3904952791,IT Business Analyst,"Who We Are:

System Administration, which also houses the Office of the President, is located in the uptown neighborhood of Denver with a few smaller offices located on the campuses. Many of our departments support the educational and research missions of the four University of Colorado campuses, but System Administration is not considered a campus. We provide diverse opportunities for professional development, innovation, and collaboration with talented staff and faculty. Learn more about CU System Administration.

The CU System Office of Advancement provides excellent customer service, strategy, expertise, and efficiency to our partners on CU’s campuses and at the University of Colorado Foundation. We support CU’s fundraising and engagement goals through advancement operations that include constituent research and development, data management, business intelligence, technical architecture, annual giving, planned giving, gift administration, marketing and communications, IT, budget and finance, and more. We believe that a healthy office culture is foundational to our success. We create this by bringing together a diverse team of colleagues and infusing our core values—Work Together, Think Big, Be Good and Have Fun—into our work every day. 

Position Summary:

The IT Business Analyst at the University of Colorado office of Advancement holds a pivotal role in driving efficiency and success within our IT operations. This position involves analyzing and translating IT-related business needs into actionable insights, functional specifications, and user stories. The role encompasses conducting thorough analysis of IT processes, collaborating with key partners to capture requirements, and ensuring seamless alignment between IT solutions and business objectives.

Additionally, the position serves as the Scrum Master for our Center of Excellence (COE) teams, guiding them through Agile methodologies and fostering a culture of collaboration and continuous improvement in the delivery of IT projects. The ideal candidate possesses a blend of strong analytical skills, IT business insight, understanding of Agile practices, and the ability to facilitate effective communication between technical and non-technical teams.

This role offers an exciting opportunity to contribute to the optimization of IT operations, drive innovation through technology solutions, and play a key part in the success and growth within our organization.

This position is exempt from the State of Colorado Classified Staff system and reports to the Senior Director of Advancement IT.

Where You Will Work:

The CU System Office of Advancement follows a “flexibility first” approach to work that defines how we manage and make use of in-person time. As a fully remote position, this role will work remotely with the exception of four separate callback weeks per year— when all our colleagues are expected to be together in the office. During callback weeks, this role is expected to work from the CU System office at 1800 Grant St. in Denver, Colorado. Any additional in-office time will be determined by the manager for this role.

Diversity and Equity:

The University of Colorado System Administration Office is committed to recruiting and supporting a diverse workforce. The university strives to promote a culture of inclusiveness, respect, communication and understanding. We encourage applications from women, ethnic minorities, persons with disabilities, persons within the LGBTQ+ community and all veterans.

Duties & Responsibilities:

Duties and responsibilities of the position include, but are not limited to:

Requirements Analysis & Delivery of IT Solutions

Conduct thorough analysis of current IT-related business processes, systems, and workflows.Collaborate with partners to gather and document IT business requirements.Translate IT business needs into functional specifications and user stories.Analyze IT data to identify trends, patterns, and insights for informed decision-making.Develop and present reports, dashboards, and visualizations for IT-related findings.Work closely with technical teams to ensure alignment between IT needs and technical solutions.Participate in the testing and validation of implemented IT solutions to ensure they meet business requirements.Act as the Scrum Master for COE teams focused on IT projects, facilitating Agile ceremonies, and fostering continuous improvement.Work with customers to examine specific use cases against vendor-delivered products, vet interpretations, document decisions, and maintain an up-to-date repository of such information.Negotiate conflicting or unprioritized requirements with partners. This may include holding meetings to deliberate on solving specific problems, identify risks and manage technology-related restrictions.Lead issue resolution and support activities with customers.

Project & Planning Participation

Coordinate and engage with multiple ongoing projects and deployed services.Ensure projects continue to meet the established objectives and business needs within the established timeframe through a continual service improvement methodology. This includes leading deployment testing, problem resolution efforts and managing relationships.Participates in university- and campus-wide IT planning efforts.

Professional Development & Proficiency Maintenance

Maintains proficiency and acquires knowledge related to the work performed by reading trade journals, attending conferences, seminars, and classes, participating in discussions with colleagues and peer institutions, and collaborating with vendors.

What We Offer:

Salary: The anticipated hiring range has been established at $78,200-$80,000.

CU System Administration takes into consideration a combination of the selected candidate’s education, training and experience as it relates to the position, as well as the position’s scope and complexity, internal pay equity and external market value when determining a salary level for potential new employees.

Benefits: With our unparalleled range of benefits, including top-notch healthcare, comprehensive wellness programs, enriching professional development, and a dynamic work-life balance, we ensure your holistic growth and happiness.

No-cost or low-cost medical & dental plan options, some inclusive of IVF assistance.Disability, Life, Vision Insurance options.Multiple retirement planning options including a mandatory 401(a) plan where CU contributes 10% of your gross pay, a 401k or 403b plan and a 457 deferred compensation plan.Pre-tax savings plans, such as Health care and Dependent care flexible spending accounts.Embrace a healthy work-life balance with ample sick and vacation leave, along with at least 12 paid holidays. This includes a dedicated week off for winter break.4 weeks of parental leave to adjust to the joys of parenthood.Tuition Benefit of 9 waived credits for eligible courses on any CU campus per academic year for employees, as well as options for your dependents.Free RTD EcoPass and Free Onsite Parking at our 1800 Grant Street Office.Many additional perks & programs with the CU Advantage.

Additional Taxable Fringe Benefits May Be Available.

For more information on benefits programs, please review our Comprehensive Benefits Guide.

Access our Total Compensation Calculator to see what your total rewards could be at CU. (This position is a University Staff position)

Qualifications:

Minimum Qualifications:

Please ensure your resume includes any and all relevant experience to be accurately assessed against these qualifications. You must meet all minimum requirements listed at the time of application to be considered for this role. 

Bachelor’s degree from an accredited institution of higher education, or equivalent professional experience (professional experience may be substituted for the educational requirement on a year-for-year basis)Three (3) years of business and/or technical analysis experience, which may include any combination of the following components:Documenting business processesGathering requirementsCreating business cases and functional specificationsWriting test plansAnalyzing and fixing software application issuesTesting software application changes
Preferred Qualifications:

Five (5) years of business or technical analysis experience, as indicated aboveExperience with the following:Salesforce Implementing an enterprise applicationField of engagement, marketing, or communicationGovernment and/or institution of higher educationProfessional certification (e.g. Certified Business Analysis Professional, Certification of Competency in Business Analysis, certified scrum master)

Knowledge, Skills, and Abilities:

To be successful in this position, employees will need to know the following:

Understanding of IT business analysis principles, methodologies, and standard processes.Proficiency in analyzing IT processes, systems, and data to derive relevant insights.Familiarity with Agile methodologies and Scrum framework in an IT context.Knowledge of data analysis tools relevant to IT, such as SQL, Excel, or similar.Understanding of project management principles and their application in IT projects.Strong analytical and problem-solving skills with attention to detail in an IT context.Superb communication and interpersonal skills to collaborate effectively across diverse IT and non-IT teams.Ability to translate IT business needs into functional specifications and user stories.Proficiency in gathering, documenting, and managing IT business requirements.Resourceful in facilitating Agile ceremonies and guiding teams through the Agile process.Ability to adapt to changing priorities in a fast-paced IT environment.Capability to lead and guide COE teams as a Scrum Master, removing impediments and fostering team collaboration.Capacity to align IT solutions with broader business objectives and strategies.Strong organizational abilities to manage multiple tasks and projects simultaneously.Interest in continuous learning and staying updated with evolving IT and Agile practices.Strong analytical and problem-solving skills with attention to detail in an IT context.Familiarity with Agile methodologies and Scrum framework in an IT context.Ability to adapt to changing priorities in a fast-paced IT environment.

How to Apply:

For full consideration, please attach the following as separate documents to your application:

 A cover letter identifying the job specific minimum qualifications you possess A resume including any and all relevant experience to be accurately assessed against the qualifications listed in the posting.

Please ensure you check the “Job Specific Attachments” box next to each document on the “Required Documents” page of the application for the appropriate documents to be attached.

When to Apply:

For full consideration completed applications must be submitted by April 24th. Reference checking is a standard step in our hiring process. You may be asked to provide contact information, including email addresses, for up to five references as part of the search process for this position. *Please note: All application materials must be submitted through CU Careers; emailed materials will not be considered.*

Sponsorship Statement:

We are unable to sponsor applicants for work visas for this position.

Background Check Statement:

The University of Colorado is committed to providing a safe and productive learning and living community. To achieve that goal, we conduct background investigations for all final applicants being considered for employment. Background investigations include a criminal history record check, and when appropriate, a financial and/or motor vehicle history. The Immigration Reform and Control Act requires that a verification of employment eligibility be documented for all new employees by the end of the third day of work. The University of Colorado is committed to diversity and equality in education and employment.

ADA Statement:

We are committed to an inclusive and barrier-free search process. We provide accommodations for applicants requesting accommodation through the search process such as alternative formats of this posting. Individuals with disabilities in need of accommodations throughout the search process should contact the ADA Coordinator at: systemhr@cu.edu.

University Staff

Job Category

Information Technology

Primary Location

Denver

Department

S0001 -- System Administration

Schedule

Full-time

Posting Date

Apr 18, 2024

Unposting Date

Ongoing

Posting Contact Name

systemhr.recruiting@cu.edu

Posting Contact Email

systemhr.recruiting@cu.edu

Position Number

00001447","['SQL', 'Excel']",[],"['Certified Business Analysis Professional', 'Certification of Competency in Business Analysis', 'Certified Scrum Master']",,,
3894207377,Data Scientist (Intermediate),"Why USAA?

At USAA, we have an important mission: facilitating the financial security of millions of U.S. military members and their families. Not all of our employees served in our nation’s military, but we all share in the mission to give back to those who did. We’re working as one to build a great experience and make a real impact for our members.

We believe in our core values of honesty, integrity, loyalty and service. They’re what guides everything we do – from how we treat our members to how we treat each other. Come be a part of what makes us so special!

The Opportunity

We offer a flexible work environment that requires an individual to be in the office 4 days per week. This position can be based in one of the following locations: San Antonio, TX; Phoenix, AZ; Colorado Springs, CO; Plano, TX or Tampa, FL.

Relocation assistance is not available for this position.

This candidate selected for this position will be working on the D&S Data Science team applying artificial intelligence and machine learning solutions to support a variety of business applications from automating key business processes, to improved routing of phone calls, to better understanding our members needs and the service we deliver. This position will work with a broad range of business partners from product lines to contact center and everything in between.

Translates business problems into applied statistical, machine learning, simulation, and optimization solutions to advise actionable business insights and drive business value through automation, revenue generation, and expense and risk reduction. In collaboration with engineering partners, delivers solutions at scale, and enables customer-facing applications. Leverages database, cloud, and programming knowledge to build analytical modeling solutions using statistical and machine learning techniques. Collaborates with other data scientists to improve USAA’s tooling, growing the company’s library of internal packages and applications. Works with model risk management to validate the results and stability of models before being pushed to production at scale.

What You’ll Do

Captures, interprets, and manipulates structured and unstructured data to enable analytical solutions for the business.Selects the appropriate modeling technique and/or technology with consideration to data limitations, application, and business needs.Develops and deploys models within the Model Development Control (MDC) and Model Risk Management (MRM) framework.Composes technical documents for knowledge persistence, risk management, and technical review audiences. Consults with peers for mentorship, as needed.Translates business request(s) into specific analytical questions, executing on the analysis and/or modeling, and communicating outcomes to non-technical business colleagues.Consults with Data Engineering, IT, the business, and other internal stakeholders to deploy analytical solutions that are aligned with the customer’s vision and specifications and consistent with modeling best practices and model risk management standards.Seeks opportunities and materials to learn new techniques, technologies, and methodologies.Ensures risks associated with business activities are optimally identified, measured, monitored, and controlled in accordance with risk and compliance policies and procedures.

What You Have

Bachelor’s degree in mathematics, computer science, statistics, economics, finance, actuarial sciences, science and engineering, or other similar quantitative discipline; OR 4 years of experience in statistics, mathematics, quantitative analytics, or related experience (in addition to the minimum years of experience required) may be substituted in lieu of degree.2 years of experience in predictive analytics or data analysis OR advanced degree (e.g., Master’s, PhD) in mathematics, computer science, statistics, economics, finance, actuarial sciences, science and engineering, or other similar quantitative discipline.Experience in training and validating statistical, physical, machine learning, and other advanced analytics models.Experience in one or more dynamic scripted language (such as Python, R, etc.) for performing statistical analyses and/or building and scoring AI/ML models.Ability to write code that is easy to follow, well detailed, and commented where necessary to explain logic (high code transparency).Experience in querying and preprocessing data from structured and/or unstructured databases using query languages such as SQL, HQL, NoSQL, etc.Experience in working with structured, semi-structured, and unstructured data files such as delimited numeric data files, JSON/XML files, and/or text documents, images, etc.Familiarity with performing ad-hoc analytics using descriptive, diagnostic, and inferential statistics.Experience with the concepts and technologies associated with classical supervised modeling for prediction such as linear/logistic regression, discriminant analysis, support vector machines, decision trees, forest models, etc.Experience with the concepts and technologies associated with unsupervised modeling such as k-means clustering, hierarchical/agglomerative clustering, neighbors algorithms, DBSCAN, etc.Ability to communicate analytical and modeling results to non-technical business partners.

What Sets You Apart

Knowledge or experience with Natural Language Processing (NLP).Intermediate experience using Python.

The above description reflects the details considered necessary to describe the principal functions of the job and should not be construed as a detailed description of all the work requirements that may be performed in the job.

What We Offer

Compensation: USAA has an effective process for assessing market data and establishing ranges to ensure we remain competitive. You are paid within the salary range based on your experience and market data of the position. The actual salary for this role may vary by location. The salary range for this position is: $89,990 - $161,990.

Employees may be eligible for pay incentives based on overall corporate and individual performance and at the discretion of the USAA Board of Directors.

Benefits: At USAA our employees enjoy best-in-class benefits to support their physical, financial, and emotional wellness. These benefits include comprehensive medical, dental and vision plans, 401(k), pension, life insurance, parental benefits, adoption assistance, paid time off program with paid holidays plus 16 paid volunteer hours, and various wellness programs. Additionally, our career path planning and continuing education assists employees with their professional goals.

For more details on our outstanding benefits, please visit our benefits page on USAAjobs.com.

Applications for this position are accepted on an ongoing basis, this posting will remain open until the position is filled. Thus, interested candidates are encouraged to apply the same day they view this posting. 

USAA is an Equal Opportunity Employer. All qualified applicants will receive consideration for employment without regard to race, color, religion, sex, sexual orientation, gender identity, national origin, disability, or status as a protected veteran.","['Artificial Intelligence', 'Machine Learning', 'Statistical Analysis', 'Simulation', 'Optimization', 'Database Management', 'Cloud Computing', 'Programming', 'Data Modeling', 'Data Validation', 'Model Risk Management', 'Predictive Analytics', 'Data Analysis', 'Data Science', 'Natural Language Processing', 'Classical Supervised Modeling', 'Unsupervised Modeling', 'Descriptive Statistics', 'Diagnostic Statistics', 'Inferential Statistics']","['Python', 'R', 'SQL', 'HQL', 'NoSQL', 'JSON', 'XML']",[],,,
3898179040,Business Analyst,"Hiring -Business Analyst- Hybrid
HI Dear Candidates;Hope You’re having a good dayI reached you regarding a job opportunity mentioned below, kindly let me know Your interest in this position  Job Title: Business Analyst Location: Brighton , MI  Job Description
Engagement Description – Works closely with stakeholders to analyse and understand business problems and opportunities. Develops business requirements and continuously evaluates processes toensure IT solutions support and align with business initiatives. Develops the documentation for existing and proposed business processes and functional specifications to ensure IT solutions support and align with business initiatives. Top 3 Required Skills/Experience –• Proven analytical ability related to analysis of functional business processes is a must.• Exceptional verbal and written communications skills, proven organization and attention to detail are required• 3 years of Business Analyst experience Required Skills/Experience – The rest of the required skills/experience. Include:  • Demonstrated ability to lead and drive initiatives through consensus-building• Ability to learn and understand new concepts (both business and technical) in a short timeframe and apply that knowledge to help achieve business objectives• Strong technology skills with a good understanding of PC based applications, including MS Office Professional and Internet based applications.• Demonstrated proficiency with Visio and FIGMA or similar tools• Experience with UI/UX design Preferred Skills/Experience – Optional but preferred skills/experience. Include: • Agile development experience• Experience with JIRA• UI/UX design experience Education/Certifications – Include:• BS degree preferred

","['Business Analysis', 'Process Evaluation', 'Business Requirements Development', 'Functional Specification', 'Business Process Documentation', 'Analytical Ability', 'Consensus-Building', 'Technical Concept Learning', 'UI/UX Design', 'Agile Development']","['MS Office Professional', 'Visio', 'FIGMA', 'JIRA', 'Internet Applications']",[],,,
3886883013,Senior Digital Analytics Specialist (Technical),"Senior Digital Analytics Specialist (Technical)No C2C or sponsorship at this timeRemote, Contract

Contribute to the continuous enhancement and evolution of Digital Banking's strategic and ad-hoc analytics capabilities by examining the unique needs of a business to develop relevant documentation to inform decisions.Develop a variety of fact-based reports that aid management in making decisions related to the creation or expansion of new or existing digital content. Responsible for analyzing data and quality control of reporting and analysis for the Bank's digital portfolio.Develop creative approaches and methodologies to answer critical business questions, evaluate new digital opportunities and assess market potential.Improve quality and efficiency of reporting by creating dashboards that key stakeholders utilize to make informed business decisions and automated processes to consolidate data and assist in implementations of tag management and web analytics software.Provide actionable and insightful recommendations from data mining, segmentation, customer profiling and quantitative analyses with the goals of identifying acquisition, cross-sell, up-sell and retention opportunities from digital channels.Work closely with business partners to integrate and operationalize approved recommendations into business strategies, plans and tactics to support increased return on investment through improved channel-specific performance.Partner with Digital Marketing and Content Management teams to create an appropriate measurement strategy for digital content updates and campaigns.Train business partners in use of analytics capabilities, preparing reports and properly utilizing report data.Understand and adhere to the Company's risk and regulatory standards, policies and controls in accordance with the Company's Risk Appetite.Identify risk-related issues needing escalation to management.Promote an environment that supports diversity and reflects the brand.Maintain internal control standards, including timely implementation of internal and external audit points together with any issues raised by external regulators as applicable.Complete other related duties as assigned.
Responsibilities: 1. Utilize analytic techniques to extract insights and key metrics from large datasets. 2. Automate and maintain data visualizations, dashboards, and reports. 3. Document end-to-end processes around automated reporting. 4. Migrate existing Tableau dashboards to PowerBI. Requirements: 1. Experience with SQL, data analysis, reporting and building dashboards. 2. Proficiency in SQL and one or more of the following programming languages: SAS, Python, or R. 3. Proficiency in data visualization tools such as Tableau or Power BI. 4. Ability to work independently and as part of a team in a fast-paced environment. 5. Attention to detail and strong problem-solving skills. Preferred Qualifications: 1. Experience with Hadoop data environment. 2. Experience in the Financial Industry. 3. Experience with Digital Analytics.
Skills & Experience:Bachelors degree and a minimum of 4 years marketing, product management, financial, analytics, and/or data management experience, or in lieu of a degree.Combined minimum of 8 years higher education and/or work experience, including a minimum of 4 years marketing, product management, financial, analytics and/or data management experience.Knowledge of statistical concepts.Proven analytical skills.Experience compiling and interpreting technical information.Experience presenting to a non-technical audience.Strong verbal and written communication skills.","['SQL', 'SAS', 'Python', 'R', 'Tableau', 'Power BI', 'Hadoop', 'data visualization', 'data analysis', 'data mining', 'statistical concepts']","['Tableau', 'Power BI']",[],,,
3904388514,Data Analyst,"At HCSC, we consider our employees the cornerstone of our business and the foundation to our success. We enable employees to craft their career with curated development plans that set their learning path to a rewarding and fulfilling career.

Come join us and be part of a purpose driven company who is invested in your future!

Job Summary

BASIC FUNCTION:

This position is responsible for designing operational and client reports for Utilization and Medical Quality Management division; coordinating data transmission processes; conducting tests on data extracts and reports; performing data analysis; and making recommendations for process improvements.

This is a Flex position (in the office 3 days a week)**Office location for this position can be in Albuquerque, NM or Chicago, IL or Richardson, TX**

Required Job Qualifications:

Bachelor Degree in Math or Data Information Systems OR 4 years experience in data analysis/reporting.2 years experience in data analysis and/or preparing database reports.2 years experience in MS Access and MS Excel.Experience analyzing and preparing recommendations on process improvement.Project management experience.Systems database testing experience.Verbal and written communications skills to interact with internal customers, management and vendors.Analytical, organizational and planning skills.

Preferred Job Qualifications:

Experience in the healthcare data.Experience with creating pivot tables.Power BI experience.Experience with statistical software .

Are you being referred to one of our roles? If so, ask your connection at HCSC about our Employee Referral process!

HCSC Employment Statement:

HCSC is committed to diversity in the workplace and to providing equal opportunity and affirmative action to employees and applicants. We are an Equal Opportunity Employment / Affirmative Action employer dedicated to workforce diversity and a drug-free and smoke-free workplace. Drug screening and background investigation are required, as allowed by law. All qualified applicants will receive consideration for employment without regard to race, color, religion, sex, sexual orientation, gender identity, national origin, disability, or protected veteran status.","['MS Access', 'MS Excel', 'Power BI', 'statistical software']",[],[],,,
3904948162,Sr Data Engineer,"Job#: 2023101

Job Description:

 Senior Data Engineer (ADF)

Onsite 3 days a week: San Antonio

if interested please send resumes to [email protected]

Job Summary: 

As part of the Data and Analytics team, the person will architect and deliver highly scalable, high-performance analytical and transformation platforms. The solutions will include cloud, hybrid, and legacy environments, requiring a broad and deep stack of data analytical, engineering and architecture skills. This person would also engage in requirements and solution concept development, requiring strong analytic and communication skills.

 Responsibilities: 

 Function as the solution lead for architecting and building the data pipelines and analytical repositories to support the development / enablement of Information Supply Chains – this could include building (1) data provisioning frameworks, (2) data integration into data warehouse, data marts and other analytical repositories (3) integration of analytical results into operational systems, (4) development of data lakes and other data archival stores  Build an end to end data solutions from understanding business requirements  Optimally leverage the data management tool components for developing efficient solutions for data management, data storage, data packaging and integration. Develop overall design and determine division of labor across various architectural components  Deploy and customize Standard Architecture components that can be reused  Assist in development of task plans including schedule and effort estimation 

 Skills and Qualifications: 

 Bachelor’s Degree or foreign equivalent in Computer Science, Electrical Engineering, Mathematics, Computer Applications, Information Systems or Engineering is required  Highly experienced in Data analytical functions,  Azure cloud experience (ADLS, ADF, Synapse, Logic Apps, Event Hub)  Strong data architecture & modeling skills  10+ years’ total experience in data space, devising end to end data solutions.  6+ years’ advanced distributed schema and SQL development skills including partitioning for performance of ingestion and consumption patterns  2+ years’ experience in a data engineering, leveraging Python, Pyspark, etc. 

 if interested please send resumes to [email protected] 

EEO Employer

Apex Systems is an equal opportunity employer. We do not discriminate or allow discrimination on the basis of race, color, religion, creed, sex (including pregnancy, childbirth, breastfeeding, or related medical conditions), age, sexual orientation, gender identity, national origin, ancestry, citizenship, genetic information, registered domestic partner status, marital status, disability, status as a crime victim, protected veteran status, political affiliation, union membership, or any other characteristic protected by law. Apex will consider qualified applicants with criminal histories in a manner consistent with the requirements of applicable law. If you have visited our website in search of information on employment opportunities or to apply for a position, and you require an accommodation in using our website for a search or application, please contact our Employee Services Department at [email protected] or 844-463-6178 .

Apex Systems is a world-class IT services company that serves thousands of clients across the globe. When you join Apex, you become part of a team that values innovation, collaboration, and continuous learning. We offer quality career resources, training, certifications, development opportunities, and a comprehensive benefits package. Our commitment to excellence is reflected in many awards, including ClearlyRated's Best of Staffing® in Talent Satisfaction in the United States and Great Place to Work® in the United Kingdom and Mexico.

Apex Systems is a world-class IT services company that serves thousands of clients across the globe. When you join Apex, you become part of a team that values innovation, collaboration, and continuous learning. We offer quality career resources, training, certifications, development opportunities, and a comprehensive benefits package. Our commitment to excellence is reflected in many awards, including ClearlyRated's Best of Staffing® in Talent Satisfaction in the United States and Great Place to Work® in the United Kingdom and Mexico.

4400 Cox Road

Suite 200

Glen Allen, Virginia 23060

Apex Systems is an equal opportunity employer. We do not discriminate or allow discrimination on the basis of race, color, religion, creed, sex (including pregnancy, childbirth, breastfeeding, or related medical conditions), age, sexual orientation, gender identity, national origin, ancestry, citizenship, genetic information, registered domestic partner status, marital status, disability, status as a crime victim, protected veteran status, political affiliation, union membership, or any other characteristic protected by law. Apex will consider qualified applicants with criminal histories in a manner consistent with the requirements of applicable law. If you have visited our website in search of information on employment opportunities or to apply for a position, and you require an accommodation in using our website for a search or application, please contact our Employee Services Department at [email protected] (Do not submit resumes or solicit consultants to this email address). UnitedHealthcare creates and publishes the Transparency in Coverage Machine-Readable Files on behalf of Apex Systems.","['Azure cloud', 'ADLS', 'ADF', 'Synapse', 'Logic Apps', 'Event Hub', 'Python', 'Pyspark', 'SQL']",[],[],,,
3901938817,Senior Business Analyst,"Be part of a team that unleashes the power of leading-edge technologies to help improve the health and well-being of those most vulnerable in our country and communities. Working at Gainwell carries its rewards. You’ll have an incredible opportunity to grow your career in a company that values work flexibility, learning, and career development. You’ll add to your technical credentials and certifications while enjoying a generous, flexible vacation policy and educational assistance. We also have comprehensive leadership and technical development academies to help build your skills and capabilities.

Summary

As a Senior Professional Business Process Reengineering - Automation Specialist at Gainwell, you can contribute your skills as we harness the power of technology to help our clients improve the health and well-being of the members they serve — a community’s most vulnerable. Connect your passion with purpose, teaming with people who thrive on finding innovative solutions to some of healthcare’s biggest challenges. Here are the details on this position.

Your role in our mission

 Coordinate with business users to translate business requirements into technical requirements for reporting purposes. Analyzes, plans, and implements moderately complex operational process improvement needs. Supports long-term planning sessions with a single client to improve business processes, generally involving use and improvement of information systems and goals.  Identifies process improvement needs and communicates issues to authorized personnel to ensure that client and company needs are met in a timely manner.  Provides consultation on the use of moderately complex re-engineering techniques to improve process performance and product quality. Deploys plans from conception through closing on moderately complex aspects of re-engineering projects. Develops moderately complex metrics that provide data for process management and indicators for future improvement opportunities. Collects data to identify root cause problems. Researches, recommends, and approves processes to aid in the translation of business objectives into functional requirements and solution design. Measures performance against process requirements, aligning improvement projects to close performance shortfalls.  Serves as an information solution liaison in a specific business unit or organization for process improvement, business processes and systems integration. Works in conjunction with business strategies program leaders to provide desired re-engineering practices and to ensure alignment of re-engineering initiatives to business objectives. Surveys and analyzes best practices for techniques and processes. Supports pilot projects and internal case studies for trial usage improvement methods or approaches.  Works with management to align projects to strategy. Assesses the degree of risk impact, timeframe, and cost of re-engineering required to achieve the desired future state. Acts as re-engineering consultant to other transformation teams in methods, techniques, and tools to ensure adherence to company guidelines. 

What we're looking for

6 years’ experience in Business Process Reengineering experience5 years' experience in SQL / NoSQLExperience working with business processing models, Process Design, Requirements Management, and Project ManagementExperience working with Health Care related data preferred

What you should expect in this role

Fully remote opportunity with the option to work anywhere within the United StateThe team is looking for a Process Engineer with the technical background to implement automation-based process improvements. The deadline to submit applications for this posting is 4/25/2024. 

Video cameras must be used during all interviews, as well as during the initial week of orientation.

The pay range for this position is $69,400.00 - $99,200.00 per year, however, the base pay offered may vary depending on geographic region, internal equity, job-related knowledge, skills, and experience among other factors. Put your passion to work at Gainwell. You’ll have the opportunity to grow your career in a company that values work flexibility, learning, and career development. All salaried, full-time candidates are eligible for our generous, flexible vacation policy, a 401(k) employer match, comprehensive health benefits , and educational assistance. We also have a variety of leadership and technical development academies to help build your skills and capabilities.

We believe nothing is impossible when you bring together people who care deeply about making healthcare work better for everyone. Build your career with Gainwell, an industry leader. You’ll be joining a company where collaboration, innovation, and inclusion fuel our growth. Learn more about Gainwell at our company website and visit our Careers site for all available job role openings.

Gainwell Technologies is committed to a diverse, equitable, and inclusive workplace. We are proud to be an Equal Opportunity Employer, where all qualified applicants will receive consideration for employment without regard to race, religion, color, national origin, gender (including pregnancy, childbirth, or related medical condition), sexual orientation, gender identity, gender expression, age, status as a protected veteran, status as an individual with a disability, or other applicable legally protected characteristics. We celebrate diversity and are dedicated to creating an inclusive environment for all employees.","['SQL', 'NoSQL', 'Business Process Reengineering', 'Process Design', 'Requirements Management', 'Project Management']",[],[],,,
3901673468,Manager of Sustainability Reporting & Analytics,"Job SummarySupports the Director, ESG and Sustainability, in the ongoing development, execution, and refinement of the company’s ESG’s strategy, material priorities, and sustainability-related initiatives.Job ResponsibilitiesActs as the central hub for essential ESG data and analytics, facilitating the gathering and oversight of enterprise ESG data, qualitative and quantitative KPIs, and benchmarking best practices. Presents information and data to key stakeholders as needed.Coordinates corporate responses to ESG surveys and assessments from third-party organizations, including independent rating agencies, and assist in the ongoing due diligence, monitoring, and comprehensive analysis of the company's ESG performance and rankings.Establishes procedures for collecting, aggregating, and reviewing company ESG data, collaboratively working with data SMEs to streamline reporting and to ensure alignment with reporting requirements and internal data governance. Support the team’s data-focused internal controls and continuous improvement efforts.Oversees the business usage of Workiva as the primary tool for reporting ESG-related data. Works with IT to maintain and refine the system to reflect business needs.Undertakes research projects and provides comparative analysis as needed.Monitors and analyzes ESG landscape, including best practices, regulatory developments, accounting metric updates, as well as public opinion and market dynamics, to inform internal strategy and decision-making.Job Specific QualificationsRequiredBachelor's degree in Business/Economics, Government/Political Science/Policy, or Sustainability with at least 7 years of business experience that covers a combination of utility industry experience, deregulated energy markets, and sustainability reportingExcellent written and verbal communication, as well as the ability to communicate effectively at all levels of the organizationHigh comfort with data analysis and presentation.Strong capacity with statistical and quantitative analysis preferredMust be proficient in MSOffice, especially Excel and PowerpointA high level of professionalism and integrity with a strong sense of ownershipCan provide leadership to a team but can also contribute effectively as a team member
DesiredMaster's degreeUnderstanding of key sustainability frameworks and disclosures, including TCFD, SASB, GRI, etc., with a preference for recognized certifications (i.e., GRI, FSA, etc.)Minimum Years of ExperienceEducationCertificationsDisclaimerCertain positions at the Company may require you to have access to Part 810-Controlled Information. Under the law, the Company is limited in who it can share this information with and in certain circumstances it is necessary to obtain specific authorization before the Company can share this information. Accordingly, if the position does require access to this information, you must complete a 10 CFR Part 810 Export Control Compliance Nationality Request Form, a copy of which will be provided to you by Talent Acquisition if an offer is made. If there is a need for specific authorization, due to the time it takes to obtain authorization from the government, we will likely not be able to further proceed with an offer.PSEG is an equal opportunity employer, dedicated to a policy of non-discrimination in employment, including the hiring process, based on any legally protected characteristic. Legally protected characteristics include race, color, religion, national origin, sex, age, marital status, sexual orientation, disability or veteran status or any other characteristic protected by federal, state, or local law in locations where PSEG employs individuals. As an employee of PSEG you should be aware that during storm restoration efforts, you may be required to perform functions outside of your routine duties and on a schedule that may be different from normal operations. For all roles, PSEG’s drug and alcohol testing program includes pre-employment testing, testing for cause, and post-incident/accident testing. For employees in federally regulated roles (including positions covered by USDOT, PHMSA, or NRC regulations), this also includes random testing. Although numerous states throughout the country have legalized marijuana/cannabis products recreationally and/or medically, it is prohibited for employees in federally regulated roles. Employees who are hired or transfer into a federally regulated role are subject to drug and alcohol testing, inclusive of marijuana. Please note that the use of CBD products may result in a positive drug test for THC/Marijuana and such use is not a legitimate medical explanation for such a positive result. PSEG employees must apply for jobs internally through emPower which can be accessed through sharepoint.pseg.com by clicking on the emPower icon, then selecting careers. This site (PSEG Careers and Job Openings) is strictly for candidates who are not currently PSEG employees, with the exception of PSEG employees who do not have company email addresses.PSEG is committed to providing reasonable accommodations to individuals with disabilities. If you have a disability and need assistance applying for a position, please call 973-430-3845 or email accommodations@pseg.com.If you need to request a reasonable accommodation to perform the essential functions of the job, email accommodations@pseg.com. Any information provided regarding a disability will be kept strictly confidential and will not be shared with anyone involved in making a hiring decision.ADDITIONAL EEO/AA INFORMATION (Click link below)Know your Rights: Workplace Discrimination is IllegalPay Transparency Nondiscrimination Provision","['MSOffice', 'Excel', 'Powerpoint', 'data analysis', 'statistical and quantitative analysis', 'Workiva']","['Workiva', 'MSOffice']","['GRI', 'FSA']",,,
3905361950,Business Analyst,"Position Description

Do you have a proven interest in information technology and business and a passion for learning? Are you a go-to problem solver that is motivated to make an impact by providing designing customized business efficiencies for our clients? If so, joining CGI as a Business Analyst could be the ideal opportunity for you.

You will join one of our many teams and work in a highly collaborative, fast-paced environment to provide expertise in designing, developing, and executing solutions to enhance the quality of IT products and services for our clients. At CGI, you can explore your full potential – not confined by borders or pre-defined paths. You’re empowered to tackle problems in your own unique way which is not only valued and respected but encouraged.

Come be part of building one of the largest independent technology and business services firms in the world. As digital transformation continues to accelerate, CGI is at the center of this change—supporting our clients’ digital journeys and offering our professionals exciting career opportunities. Join our team of professionals where you will be working to support our client within the Judicial Sector undertake a public search application modernization.

Your future duties and responsibilities

 A mid-level business analyst that can support the design of various components of a search solution under the guidance of a Senior Business Analyst, SMEs and architects. Requirements analysis experience Familiar with the agile process including writing good features, user stories, acceptance criteria, developing epic roadmaps, and explaining the business goals and intent of features to technical staff such as developers and testers. Analytical and problem-solving skills Strong oral and written communication skills Experience working with JIRA and Confluence. Ability to work in a dynamic environment and can juggle multiple priorities.

Required Qualifications To Be Successful In This Role

 3-5 years of experience with Business Analysis, Requirement Elicitation, writing user stories, and developing agile roadmaps Minimum of 2+ years of agile experience

Desired:

 Prior experience working with the federal government and experience with the judiciary a plus. Prior experience working with unified search solutions of documents across multiple databases.

#CGIFederalJob

CGI is required by law in some jurisdictions to include a reasonable estimate of the compensation range for this role. The determination of this range includes various factors not limited to: skill set level; experience and training; and licensure and certifications. CGI typically does not hire individuals at or near the top of the range for their role. Compensation decisions are dependent on the facts and circumstances of each case. A reasonable estimate of the current range is $74,600 - $143,700.

Insights you can act on

While technology is at the heart of our clients’ digital transformation, we understand that people are at the heart of business success.

When you join CGI, you become a trusted advisor, collaborating with colleagues and clients to bring forward actionable insights that deliver meaningful and sustainable outcomes. We call our employees “members” because they are CGI shareholders and owners and owners who enjoy working and growing together to build a company we are proud of. This has been our Dream since 1976, and it has brought us to where we are today — one of the world’s largest independent providers of IT and business consulting services.

At CGI, we recognize the richness that diversity brings. We strive to create a work culture where all belong and collaborate with clients in building more inclusive communities. As an equal-opportunity employer, we want to empower all our members to succeed and grow. If you require an accommodation at any point during the recruitment process, please let us know. We will be happy to assist.

Ready to become part of our success story? Join CGI — where your ideas and actions make a difference.

Qualified applicants will receive consideration for employment without regard to their race, ethnicity, ancestry, color, sex, religion, creed, age, national origin, citizenship status, disability, pregnancy, medical condition, military and veteran status, marital status, sexual orientation or perceived sexual orientation, gender, gender identity, and gender expression, familial status, political affiliation, genetic information, height, weight, or any other legally protected status or characteristics.

CGI provides reasonable accommodations to qualified individuals with disabilities. If you need an accommodation to apply for a job in the U.S., please email the CGI U.S. Employment Compliance mailbox at US_Employment_Compliance@cgi.com. You will need to reference the Position ID of the position in which you are interested. Your message will be routed to the appropriate recruiter who will assist you. Please note, this email address is only to be used for those individuals who need an accommodation to apply for a job. Emails for any other reason or those that do not include a Position ID will not be returned.

We make it easy to translate military experience and skills! Click here to be directed to our site that is dedicated to veterans and transitioning service members.

All CGI offers of employment in the U.S. are contingent upon the ability to successfully complete a background investigation. Background investigation components can vary dependent upon specific assignment and/or level of US government security clearance held. CGI will consider for employment qualified applicants with arrests and conviction records in accordance with all local regulations and ordinances.

CGI will not discharge or in any other manner discriminate against employees or applicants because they have inquired about, discussed, or disclosed their own pay or the pay of another employee or applicant. However, employees who have access to the compensation information of other employees or applicants as a part of their essential job functions cannot disclose the pay of other employees or applicants to individuals who do not otherwise have access to compensation information, unless the disclosure is (a) in response to a formal complaint or charge, (b) in furtherance of an investigation, proceeding, hearing, or action, including an investigation conducted by the employer, or (c) consistent with CGI’s legal duty to furnish information.

","['JIRA', 'Confluence', 'Agile']","['JIRA', 'Confluence']",[],,,
3901353172,Lead Data Engineer,"• Your role will actively lead the Data Operations Team, in maintaining & operating the data platform capabilities & ensuring smooth and efficient operations.• Has an inclination for cost optimizations, process automations & improvements, study the system to identify gaps & close.• Identifying & Monitoring major Operational KPIs; Assess current operational maturity and advancing to the next level.• You will play a critical role in ensuring the smooth and efficient operations of data management and analytics processes within the organization, overseeing data operations, implementing frameworks & standards, and providing continuous improvement in data[1]related workflows.• Oversee the day-to-day operations including monitoring, data ingestion, regular checks for issues, anomalies, and bottlenecks & issue resolution.• Support the team to take the capabilities of the platforms and put them into an operational practice.• Collaborate with cross-functional teams, including data engineers, data scientists, business analysts, and IT teams, to understand data requirements and ensure data operations meet business needs. • Collaborate with the data engineering team to optimize data workflows and ensure efficient data operations.• Implement monitoring systems and processes to track the performance and observability of data.• Identify bottlenecks, and proactively address performance issues to ensure high availability and responsiveness.• Lead data incident management processes, including data outages, breaches, or data[1]related disruptions.• Evaluate, select, and implement data management tools and infrastructure that support efficient data operations if need be.• Identify opportunities for innovation and promote initiatives to enhance the data platform’s capabilities and efficiency.• Create and maintain comprehensive documentation (Runbooks), including data operation processes, standard operating procedures, and best practices.• Leader who should drive things (taking the lead with minimal / no hand holding). Mentor & monitor the team members.• Stay up to date with emerging cloud technologies and best practices in data management and operations to enhance data capabilities.• Should be familiar with onshore-offshore Ops support model - L1, L2, L3 levels, Pager duty process experience & know-how, Ops KPI''s, SLA''s, handling of critical pagers/alerts, downtimes, experience with monitoring infrastructure tools (APM tools), process of handling an incident / failure / outage incl. communication & escalation path & plan till taking it to a closure.• Ensure Accountability, Adherence to process/SoP's, standards and communication. • Delivery (quality, on-time & velocity), Ensure Ingestion deployments without any bugs/issues.• Keeping runbooks updated | Standardizing documentation & continuous updates it every month.• Having an eye on Prod deployment KPI’s.• Always keep in mind about Cost (AWS/Snowflake) in terms of new deployments or Sunsetting unused services/Objects.• A mindset focused on continuous improvement involves constantly seeking ways to enhance operational processes and outcomes.• Attention to Detail Having a keen eye for detail to identify potential operational inefficiencies, mitigate risks, and maintain quality standards.• Perform quality controls and monitor production Key Performance Indicators (KPIs) to ensure consistent, high-quality output. Qualifications:• 15+ years of experience in Data and Analytics in various roles where you have demonstrated the ability to collect, organize, analyse, and disseminate information.• 5+ years of experience in leading Data Engg Operations Teams; experience in handling and leading teams,• Extensive experience in data engineering operations, data management, or related roles• Experience with data monitoring and performance optimization techniques.• Good knowledge of cloud platforms, AWS and related services for data storage, data processing, and infrastructure provisioning. 
","['data management', 'data analytics', 'data engineering', 'cloud technologies', 'AWS', 'Snowflake', 'APM tools']","['AWS', 'Snowflake', 'APM tools', 'Pager duty']",[],,,
3902302203,"Director, Commercial Operations (capital equipment sales effectiveness, enablement, analytics, excellence) (on-site),","This is where you save and sustain lives 

At Baxter, we are deeply connected by our mission. No matter your role at Baxter, your work makes a positive impact on people around the world. You’ll feel a sense of purpose throughout the organization, as we know our work improves outcomes for millions of patients.

Baxter’s products and therapies are found in almost every hospital worldwide, in clinics and in the home. For over 85 years, we have pioneered significant medical innovations that transform healthcare.

Together, we create a place where we are happy, successful and inspire each other. This is where you can do your best work.

Join us at the intersection of saving and sustaining lives— where your purpose accelerates our mission.

Your Role At Baxter

Our Care and Connectivity Solutions (CCS), a division of our Hospital Systems and Technologies (HST) segment, is comprised of Patient Support Systems (PSS), best known for hospital beds; Global Surgical Solutions (GSS), operating room equipment such as lighting, booms; and Care Communications and Collaboration (CCC), the digital platform that delivers software and information technologies to improve care and deliver actionable insights to caregivers and patients; empower caregivers by connecting every moment of care. The CCS product portfolio generated $1.8B revenue in 2023.

As the Director of Commercial Operations, CCS, you will lead, develop, and manage operations for the Sales Force Effectiveness & Enablement and Sales Operations & Analytics. You will formulate overall operating and strategic plans, business objectives and ensure the effective implementation and execution of strategic plans to achieve. You’ll be exposed to a tremendous number of cross-functional interactions which require significant problem-solving, strategic, and tactical execution abilities, organizational development activities associated with both long-term and short-range initiatives, in addition to the organizational development activities associated with leading a team. You will participate in a wide variety of senior leadership roles and play a significant role in a number of broader corporate functional activities and executive staff interactions. In this highly visible role, create and drive structure of an analytics ecosystem for long cycle capital sales funnel forecasting accuracy ultimately driving sales growth!

What You’ll Be Doing

 Responsible for standardizing and managing the PSS, GSS and CCC S&OP process and demand planning, enabling successful achievement of quarterly results, and building greater customer satisfaction Analyze data gathered to streamline processes or develop alternative methods forecasting, targeting and measuring progress, enhancing accuracy Lead forecasting calls with Sales leaders Drive accurate forecasting, tracking, and reporting of overall progress of sales teams against targets through weekly, quarterly and annual sales plans; ensure weekly implementation of project tracking/forecasting via the CRM system Analyze data provided by Sales Analytics & Operations team to define territories, alignment, quotas, compensation, and metrics to assist our Regional Sales Managers benchmark performance; act as an advisor and partner with sales to deliver accurate sales quotas and variable pay commissions to entire sales team Work with marketing team to streamline product SKU rationalization, pricing configurations and provide guidance from market and margin analysis Partner with finance to use data to share analysis on sales progress Capture the tactical and strategic enterprise goals that provide traceability through the organization and are mapped to metrics that provide ongoing governance Collaborate with key stakeholders to gain buy-in and support for solutions May represent Sales/Sales Operations in Corporate Business Development initiatives Continue to define the sales and downstream marketing requirements for CRM/ knowledge management, field communications, mobile productivity, enhanced sales efficiencies 10% travel

Your Team

As the Director Commercial Operations, CCS, and an individual contributor (no direct reports), you will report directly to the VP, Sales & Market, GSS, PSS and Care Communications. You will work collaboratively in a highly matrixed organization including sales, marketing, sales training, incentive compensation, finance, business transformation, etc.

Your Location:

Working on-site, the role is located at our global corporate headquarters in the greater Chicago, IL area northern suburb of Deerfield. Alternatively, the role can work out of our facility in Mississauga, Canada, Raleigh, NC, or Batesville, IN. Baxter is committed to supporting the needs for flexibility in the workplace. We do so through our flexible workplace policy which includes a minimum of 3 days a week on-site. This policy provides the benefits of connecting and collaborating in-person in support of our Mission.

What You’ll Bring

 Bachelor’s degree or country equivalent Strong data/analytical skills with the ability to use data to make fact-based recommendations; effective strategic planning, forecasting, and program management skills Required commercial excellence or sales function experience within a capital business (long sales cycle) Minimum of 10 years work experience in a related field Minimum of 5 years of leadership/management experience Excels in achieving outstanding performance results through others Ability to connect the dots and deploy critical thinking that considers the multiple factors that need to be considered when devising strategies to drive long-term growth�� Track record in leading projects to successful completion Proven success leading and influencing in a both vertical as well as matrix construct Exceptional communication skills – is concise, persuasive, and communicate with key stakeholders and employees at all levels; delivers presentations with maximum impact Strong user in Salesforce.com and preferably selling; PowerBI Strong experience in the Commercial/Sales function

We understand compensation is an important factor as you consider the next step in your career. At Baxter, we are committed to equitable pay for all our employees, and we strive to be more transparent with our pay practices. The estimated base salary for this position is $184,000 - $276,000 annually. The estimated range is meant to reflect an anticipated salary range for the position. We may pay more or less than the anticipated range based upon market data and other factors, all of which are subject to change. Individual pay is based upon location, skills and expertise, experience, and other relevant factors. This position may also be eligible for discretionary bonuses, and/or long-term incentive. For questions about this, our pay philosophy, and available benefits, please speak to the recruiter if you decide to apply and are selected for an interview.

The successful candidate for this job may be required to verify that he or she has been vaccinated against COVID-19, subject to reasonable accommodations for individuals with medical conditions or religious beliefs that prevent vaccination, and in accordance with applicable law.

Equal Employment Opportunity

Baxter is an equal opportunity employer. Baxter evaluates qualified applicants without regard to race, color, religion, gender, national origin, age, sexual orientation, gender identity or expression, protected veteran status, disability/handicap status or any other legally protected characteristic.

EEO is the Law

EEO is the law - Poster Supplement

Pay Transparency Policy

Reasonable Accommodations

Baxter is committed to working with and providing reasonable accommodations to individuals with disabilities globally. If, because of a medical condition or disability, you need a reasonable accommodation for any part of the application or interview process, please click on the link here and let us know the nature of your request along with your contact information.

Recruitment Fraud Notice

Baxter has discovered incidents of employment scams, where fraudulent parties pose as Baxter employees, recruiters, or other agents, and engage with online job seekers in an attempt to steal personal and/or financial information. To learn how you can protect yourself, review our Recruitment Fraud Notice.

133065

","['Salesforce.com', 'PowerBI', 'data/analytical skills']",['CRM system'],[],,,
3884823184,Data Engineer (SAP ECC To HANA Migration),"Data Engineer (SAP ECC To HANA Migration) (Remote)

Primary Location: Charlotte, North Carolina

V-Soft Consulting is currently hiring for a Data Engineer (SAP ECC To HANA Migration) (Remote) for our premier client.

Education And Experience »

Prior experience working on a SAP ECC to SAP S4 Hana Migration Project.4+ years in an ETL or Data Engineering roles; building and implementing data pipelines and modeling data.Experience with SAP data and data structures.Experience managing Snowflake instances, including data ingestion and modeling.Experience with IBM DataStage is a plus.Very strong skills with SQL with the ability to write efficient queries.Familiarity with Fivetran for replication.

What You’ll Do

Job Responsibilities:

Define, build, test, and implement data pipelines for S/4 and ECC tables into Snowflake.Work across multiple teams, such as project managers, SAP Basis, architecture, and business users.Monitor pipeline performance and cost efficiency.Collaborate with analytics and reporting teams to ensure reporting requirements are met.Perform data analysis required to troubleshoot data related issues and assist in the resolution of data issues.

Interested?

Qualified candidates should send their resumes to srai@vsoftconsulting.com

V-Soft Consulting Group is recognized among the top 100 fastest growing staffing companies in North America, V-Soft Consulting Group is headquartered in Louisville, KY with strategic locations in India, Canada and the U.S. V-Soft is known as an agile, innovative technology services company holding several awards and distinctions and has a wide variety of partnerships across diverse technology stacks.

As a valued V-Soft Consultant, you’re eligible for full benefits (Medical, Dental, Vision), a 401(k) plan, competitive compensation and more. V-Soft is partnered with numerous Fortune 500 companies, exceptionally positioned to advance your career growth.

V-Soft Consulting provides equal employment opportunities to all employees and applicants for employment and prohibits discrimination and harassment of any type without regard to race, color, religion, age, sex, national origin, disability status, genetics, protected veteran status, sexual orientation, gender identity or expression, or any other characteristic protected by federal, state or local laws.

For more information or to view all our open jobs, please visit www.vsoftconsulting.com or call (844) 425-8425.

","['SAP ECC', 'SAP S4 Hana', 'ETL', 'Data Engineering', 'SQL', 'Snowflake', 'IBM DataStage', 'Fivetran']","['Snowflake', 'IBM DataStage', 'Fivetran']",[],,,
3887716629,Senior Staff Data Scientist (Remote),"Company Description

Vericast is a big data company. We receive on average over 100 billion intent signals daily, which assist in generating a deep understanding of a person’s interest and in-market signals across 1,300 interest topics. This is coupled with strong geographic targeting, as over 30 billion location signals are collected daily from over one million retail stores and over 120 million households.

Data Science plays a crucial role in delivering our solutions today and will play a more prominent role in our future. A typical data science project has a solid mathematical foundation, an exploratory dimension, and a data-driven workflow. This is also true at Vericast. Our data science projects have strong foundations on machine learning, data engineering, and modeling. We are building a privacy-centric future of digital advertising by focusing on web content. We are connecting web content to consumer interest and action, ultimately driving which ads are shown on a webpage.

To continue our journey, we are seeking data science experts who are passionate about using cutting edge technology and conceiving innovative methods to solve unique and complex problems. As a Senior Staff Data Scientist at Vericast, your contributions will help us stay at the forefront of the AdTech industry.

Job Description

A Senior Staff Data Scientist is a hands-on expert who is passionate about all aspects of data science and can contribute by designing, conducting, and incorporating analyses of large-scale data from a wide variety of sources. This involves converting ambiguous requirements to concrete solutions for exploring data, designing and/or applying appropriate algorithms, documenting the findings, and incorporating the analysis into end-to-end solutions, systems, and platforms. Effective communication with other job disciplines is required. Contributions are expected at a level of results above and beyond entry-level and mid-level Data Scientists.

Key Duties & Responsibilities

Have a wider impact by providing insights and effective leadership into data science, digital media, and data engineering. This individual will have the hands-on skills to be an individual contributor and the experience for mentoring and leading other data scientists (25%)Act often as a technical lead, determining approach, objectives, requirements, features, milestones, implementation tasks, and tradeoffs of end-to-end large scale data science projects, platforms, and systems (25%)Act as a subject matter expert in data science (ML/AI) algorithms and underlying technologies (programming languages and systems) (15%)Design, conduct, and incorporate analyses of large-scale data from a wide variety of sources (15%)Work within the scrum practices in team projects (10%)Contribute to hiring process by screening higher level candidates, team interviews, manager candidates, i.e., act as a ""Bar Raiser"" (10%)

Qualifications

Education

Bachelor's Degree in a quantitative discipline (Computer Science, Mathematics, Engineering, Statistics) (Required)Master's Degree in a quantitative discipline (Computer Science, Mathematics, Engineering, Statistics) (Desired)Doctorate Degree (Preferred)In lieu of the above education requirements, a combination of experience and education will be considered.

Experience

8 - 10 years Relevant Experience (Required)

Knowledge/Skills/Abilities

Strong analytical skills, with expertise and solid understanding of multiple statistical/analytical machine learning techniques applied at large scale.Technical proficiency in ML algorithms, scalable ML platforms, languages, and tools (Python, Spark, ML/Ops) in a corporate setting is highly desirable.Ability to communicate effectively across multi-disciplinary teams (e.g., data science, engineering and product management, org leadership).Prior experience in applying Data Science in Digital Marketing Technology, Graph Theory, Privacy and Geolocation Data is a plus.

Additional Information

Salary:$160,000-175,000

The ultimate compensation offered for the position will depend upon several factors such as skill level, cost of living, experience, and responsibilities.

Vericast offers a generous total rewards benefits package that includes medical, dental and vision coverage, 401K and flexible PTO. A wide variety of additional benefits like life insurance, employee assistance and pet insurance are also available, not to mention smart and friendly coworkers!

At Vericast, we don’t just accept differences - we celebrate them, we support them, and we thrive on them for the benefit of our employees, our clients, and our community. As an Equal Opportunity employer, Vericast considers applicants for all positions without regard to race, color, creed, religion, national origin or ancestry, sex, sexual orientation, gender identity, age, disability, genetic information, veteran status, or any other classifications protected by law. Applicants who have disabilities may request that accommodations be made in order to complete the selection process by contacting our Talent Acquisition team at talentacquisition@vericast.com. EEO is the law. To review your rights under Equal Employment Opportunity please visit: www.dol.gov/ofccp/regs/compliance/posters/pdf/eeopost.pdf.

","['machine learning', 'data engineering', 'ML algorithms', 'Python', 'Spark', 'ML/Ops', 'Graph Theory']","['Python', 'Spark']",[],,,
3902352279,Senior Business Analyst,"Job Title: Business Analyst Location : Atlanta, GA - HybridDuration : 6 Months to hire 
Examines sets of data and documents to make informed conclusions. Acts as a facilitator within an organization to make internal departments more efficient. Reports data conclusions to a supervisor so appropriate judgment based on data can be made. Identify user needs from user requests and develop strategies by which to meet those needs. Critically evaluate information from multiple sources and clearly indicate quality of final analysis. Communicate complex data in comprehensible ways. Determine, implement, and evaluate business metrics to meet ongoing organizational or customer information needs. Analyze and report on complex data to meet customer needs. 
Skills:Minimum five years of hands-on experience using Microsoft Office Suite, UML, flow charting software, Azure DevOps, project management methodologies, and design tools like Figma.Skilled in organizing information based on reviewing meeting notes, specifications, interviewing clients, architects, and developers Experience designing enterprise web applications. Familiarity with Design Patterns, XML, Microsoft Azure, Angular, .NET, .NET Core, C#, TypeScript and modern SQL and NO SQL databases especially as it related to JSON and JSONB datatypes Experience in researching, planning, and recommending software and systems solution 
Thanks & RegardsArjun ChorgheSenior Recruiter Arjun.Chorghe@Xoriant.com","['UML', 'Azure DevOps', 'Design Patterns', 'XML', 'Microsoft Azure', 'Angular', '.NET', '.NET Core', 'C#', 'TypeScript', 'SQL', 'NO SQL', 'JSON', 'JSONB']","['Microsoft Office Suite', 'Figma', 'Flow charting software']",[],,,
3903472486,Data Scientist,"FUJIFILM Cellular Dynamics, Inc. is searching for a Bioinformatician to contribute to our life science and therapeutic research programs. FCDI is expanding the use of genomics and next generation sequencing throughout our research and development teams. In this role you will be responsible for statistical support to ongoing studies on the behavior and performance of our reprogrammed and differentiated cell lines in both life science and therapeutic settings. As a member of the Data Sciences team, and in this new role, you will develop robust analytical pipelines for analysis of a wide range of next generation sequencing data. Work closely with team members in deploying tools and analysis and apply cutting-edge Next Generation technologies such as RNASeq, whole genome sequencing, epigenetic analysis, proteomics, and others to solve important problems in human health.

FUJIFILM Cellular Dynamics is a leading developer and supplier of human cells used in drug discovery, toxicity testing, stem cell banking, and cell therapy development. We partner with innovators from around the world to combine biologically relevant human cells with the newest technologies to drive advancements in medicine and healthier living. Our technology can be used to create induced pluripotent stem cells (iPSCs) from anyone followed by the powerful capability to develop into virtually any cell type in the human body. Our proprietary manufacturing systems result in inventoried iCell® products and donor-specific Custom Products in the quantity, quality, purity, and reproducibility required for drug and cell therapy development.

 External US 

Essential Responsibilities

 Perform data analysis (s/mi/mRNAseq, whole genome assembly, SNP, BisSeq, ChIPseq) with in-house and externally generated NGS data.  Assist FCDI and Fujifilm scientists in interpreting experimental results.  Manage in-house and publicly available data collections in support of these analyses.  Evaluate publicly available analysis methods for applicability to FCDI research goals.  Organize, script and document analyses to ensure reproducibility.  Ensure data and analysis integrity through self-directed review.  Support ongoing development projects in bioinformatics and data management.  Educate scientific staff on bioinformatics best practices and developments.  Develop new methods of analysis as needed.  Other job functions as assigned. 

Required Skills And Education

 Master’s degree in Bioinformatics, Biostatistics, Computer Science or related field of study, or bachelor’s degree in Bioinformatics, Biostatistics, Computer Science or related field of study + 2 years of relevant experience.  3 years of relevant professional experience in the field of computational biology with demonstrated achievements and progressive responsibilities.  Experience with computational biology tools and methods (BWA, GATK, Trinity, Bioconductor, Soap2, Galaxy, BLAST, others).  Programming experience (Perl, Python, R, bash).  Relational Database Experience (MySQL, MS SQL Server, Oracle, Postgres).  Unix/Linux experience including shell scripting, basic commands, and utilities.  Experience in proteomics, mass spec, and image analysis is considered a plus.  Strong communication skills and being organized.  Able to work at a computer for extended periods of time.  Able to work on-site in Madison, WI two to three days a week. 

EEO/AGENCY NOTES

Fujifilm is an equal opportunity employer to all, regardless of age, ancestry, color, disability (mental and physical), exercising the right to family care and medical leave, gender, gender expression, gender identity, genetic information, marital status, medical condition, military or veteran status, national origin, political affiliation, race, religious creed, sex (includes pregnancy, childbirth, breastfeeding and related medical conditions), and sexual orientation, and any other status protected by federal, state, or local law.

To all agencies: Please, no phone calls or emails to any employee of Fujifilm about this requisition. All resumes submitted by search firms/employment agencies to any employee at Fujifilm via-email, the internet or in any form and/or method will be deemed the sole property of Fujifilm, unless such search firms/employment agencies were engaged by Fujifilm for this requisition and a valid agreement with Fujifilm is in place. In the event a candidate who was submitted outside of the Fujifilm agency engagement process is hired, no fee or payment of any kind will be paid.

hybrid","['BWA', 'GATK', 'Trinity', 'Bioconductor', 'Soap2', 'Galaxy', 'BLAST', 'Perl', 'Python', 'R', 'bash', 'MySQL', 'MS SQL Server', 'Oracle', 'Postgres', 'Unix/Linux', 'shell scripting']","['Next Generation Sequencing', 'RNASeq', 'whole genome sequencing', 'epigenetic analysis', 'proteomics', 'mass spec', 'image analysis']",[],,,
3905329372,CIAM Business Analyst,"Senior Business Systems Analyst 

Are you interested in building capabilities that enable the organization with innovation, speed, agility, scalability and efficiency? The Global Technology team takes great pride in our culture where digital transformation is built into our DNA! When you join our organization at Prudential, you'll unlock an exciting and impactful career – all while growing your skills and advancing your profession at one of the world's leading financial services institutions.

 Your Team 

As a Senior Business Systems Analyst working in a Global Identity & Access Management (IAM) Team you will partner with product owners, tech leads, designers, engineers and delivery professionals to act as the primary interface between Technology and specific business areas, identifying business unit requirements, creating project and process specifications, coordinating with project teams, and ensuring adherence to schedules and budgets to solve sophisticated business problems, deploy innovative products, services and experiences to delight our customers! In addition to applied analytical and technical experience, you will bring excellent problem solving, communication and teamwork skills, along with agile ways of working, strong business insight, an inclusive leadership attitude and a continuous learning focus to all that you do.

 Here is What You Can Expect on a Typical Day 

 Support the Director Business Systems Analyst and Product Owner setting ambitious and clear product vision, and communicating 'the story' effectively to key stakeholders and the rest of the team Beginning to identify opportunities to provide input to the team & coach others with occasional guidance Works on solving extremely complex problems in which analysis of situations or data requires an evaluation of intangible variables  Collaborate with product owners in understanding needs and defining feature stories, tech leads in defining technical design and other team members to understand the system end-to-end and deliver robust solutions that bring about business impact  Work on significant and unique issues where analysis of situations or data requires an evaluation of intangible variables and may impact future concepts, products or technologies  Works on extremely complex problems in which analysis of situations or data requires an evaluation of often complex variables related to technology and/or data. Exercises independent judgment in developing methods, techniques and evaluation criteria for obtaining results. Own the end-to-end product strategy from inception and determine business value once solution enters production  Ensure alignment of product features and stories, i.e., review, give feedback, and prioritize user stories in line with product vision  Understands the vision and owns aspects of the product management/roadmap activities 

Skills

 The Skills & Expertise You Bring  

 Bachelor of Computer Science or Engineering; Analytics or experience in related fields Experience with agile development methodologies and Test-Driven Development (TDD)  Knowledge of business concepts, tools and processes that are needed for making sound decisions in the context of the company's business  Ability to learn new skills and knowledge on an on-going basis through self-initiative and tackling challenges  Excellent problem solving, communication and collaboration skills  Applied experience and/or expertise with several of the following: Project/Product Management: Planning, Progress Monitoring and Status Reporting, including visualization of works; Scaling Agile – Organizing, synchronizing multiple teams setup Estimations, ROI, project life cycle  Effective Communication: Understanding of effective communication concepts, tools and techniques; ability to effectively transmit, receive, and accurately interpret ideas, information, and needs through the application of appropriate communication behaviors. Ability to facilitate dialogue at the right level of detail for all members of the Agile team.  Decision-Making & Critical Thinking : Knowledge of the decision-making process and associated tools and techniques; ability to accurately analyze situations and reach productive decisions based on informed judgment.  Business Acumen: Knowledge of business concepts, tools, and processes that are needed for making sound decisions in the context of the company's business; ability to apply this knowledge appropriately to diverse situations.  Interpersonal Relationships: Knowledge of the techniques and the ability to work with a variety of individuals and groups in a constructive and collaborative manner. Ability to work seamlessly with business partners and software developers alike in a liaison role.  Financial Acumen : Knowledge of understanding of financial concepts, tools and processes and how financial metrics are used to monitor and drive outcomes. Includes understanding of company accounts/metrics (ex: balance sheet, profit/loss, cash flow, budget & forecast).  Analytical Thinking : Knowledge of techniques and tools that promote effective analysis; ability to determine the root cause of organizational problems and create alternative solutions that resolve these problems.","['Agile Development Methodologies', 'Test-Driven Development (TDD)', 'Project Management', 'Product Management', 'Business Analysis', 'Business Process Improvement', 'Decision-Making', 'Critical Thinking', 'Business Acumen', 'Financial Acumen', 'Analytical Thinking', 'Problem Solving', 'Data Analysis', 'Requirements Gathering', 'Stakeholder Management', 'Process Mapping', 'Technical Writing', 'Communication Planning', 'Collaboration', 'Leadership', 'Coaching', 'Mentoring']",[],[],,,
3895584708,"Machine Learning Engineer, E-Commerce","Responsibilities

 TikTok is the leading destination for short-form mobile video. At TikTok, our mission is to inspire creativity and bring joy. TikTok's global headquarters are in Los Angeles and Singapore, and its offices include New York, London, Dublin, Paris, Berlin, Dubai, Jakarta, Seoul, and Tokyo. 

Why Join Us
Creation is the core of TikTok's purpose. Our platform is built to help imaginations thrive. This is doubly true of the teams that make TikTok possible. 
Together, we inspire creativity and bring joy - a mission we all believe in and aim towards achieving every day. 
To us, every challenge, no matter how difficult, is an opportunity; to learn, to innovate, and to grow as one team. Status quo? Never. Courage? Always. 
At TikTok, we create together and grow together. That's how we drive impact - for ourselves, our company, and the communities we serve. 
Join us.

About the Teams

By submitting your application to this position, you will have chance to join one of the R&D teams listed below. 

E-commerce - Recommendation and Marketing 
E-commerce is a new and fast growing business that aims at connecting all customers to excellent sellers and quality products on TikTok Shop, through E-commerce live-streaming, E-commerce short videos, and commodity recommendation. We are a group of applied machine learning engineers and research scientists that focus on E-commerce recommendations. We are responsible for building up and scaling our recommendation system to provide the most stable and best shopping experience for our TikTok users. 

E-commerce - Alliance 
The E-commerce Alliance team aims to serve merchants and creators in the e-commerce platform to meet merchants' business indicators and improve creators' creative efficiency. By cooperating with merchants and creators, we aim to provide high-quality content and a personalized shopping experience for TikTok users, create efficient shopping tools at seller centers, and promote cooperation between merchants and creators.

E-commerce - Search
The Search E-Commerce team is responsible for the search algorithm for TikTok's rapidly growing global e-commerce business. We use state-of-the-art large-scale machine learning technology, the cutting-edge NLP, CV and multi-modal technology to build the industry's top-class search engine to provide the best e-commerce search experience, for more than 1 billion monthly active TikTok users around the world. Our mission is to build a world where ""there is no hard-to-sell good-priced product in the world"".

E-commerce - Search Growth 
The Search Growth E-commerce team is at the forefront of developing the search recommendation algorithm for TikTok's rapidly expanding global e-commerce enterprise. Utilizing cutting-edge machine learning technology, advanced NLP, CV, recommendation, and multi-modal technology, we're shaping a pioneering engine within the industry. Our objective is to deliver the ultimate e-commerce search experience to over 1 billion active TikTok users worldwide. Our mission: to create a world where ""there are no hard-to-sell, overpriced products.""

What You Will Do
- Design and build large-scale machine learning algorithms to deeply optimize e-commerce search engines such as query analysis, retrieval, ranking and correlation calculations, and various business indicators of sorting scenarios, including relevance, click-through rate, conversion rate, creator add/post product rate, etc.
- Build machine learning solutions and algorithm strategies by the analysis and mining of a large number of user queries to empower the merchant side and improve the overall matching ability of the platform
- Support the rapid development of TikTok's e-commerce business, serve millions of buyers and sellers, explore more efficient business models, satisfy users with the best shopping experience, and promote healthy ecological development 

Qualifications

 Qualifications
- Bachelor above degree in computer science or relevant areas.
- 3+ years of experience with a solid foundation in data structure and algorithm design, and be proficient in using one of the programming languages such as Python, Java, C++, R, etc.;
- Familiar with common machine/deep learning, causal inference, and operational optimization algorithms, including classification, regression, clustering methods, as well as mathematical programming and heuristic algorithms;
- Familiar with at least one framework of TensorFlow / PyTorch / MXNet and its training and deployment details,as well as the training acceleration methods such as mixed precision training and distributed training;
- Familiar with big data related frameworks and application, those who are familiar with MR or Spark are preferred

Preferred Qualifications:
- Experience in recommendation systems, online advertising, ranking, search, information retrieval, natural language processing, machine learning, large-scale data mining, or related fields.
- Publications at KDD, NeurlPS, WWW, SIGIR, WSDM, ICML, IJCAI, AAAI, RECSYS and related conferences/journals, or experience in data mining/machine learning competitions such as Kaggle/KDD-cup etc.

TikTok is committed to creating an inclusive space where employees are valued for their skills, experiences, and unique perspectives. Our platform connects people from across the globe and so does our workplace. At TikTok, our mission is to inspire creativity and bring joy. To achieve that goal, we are committed to celebrating our diverse voices and to creating an environment that reflects the many communities we reach. We are passionate about this and hope you are too.

TikTok is committed to providing reasonable accommodations in our recruitment processes for candidates with disabilities, pregnancy, sincerely held religious beliefs or other reasons protected by applicable laws. If you need assistance or a reasonable accommodation, please reach out to us at https://shorturl.at/cdpT2 

Job Information:

【For Pay Transparency】Compensation Description (annually) The base salary range for this position in the selected city is $145000 - $355000 annually.Compensation may vary outside of this range depending on a number of factors, including a candidate’s qualifications, skills, competencies and experience, and location. Base pay is one part of the Total Package that is provided to compensate and recognize employees for their work, and this role may be eligible for additional discretionary bonuses/incentives, and restricted stock units.Our company benefits are designed to convey company culture and values, to create an efficient and inspiring work environment, and to support our employees to give their best in both work and life. We offer the following benefits to eligible employees: We cover 100% premium coverage for employee medical insurance, approximately 75% premium coverage for dependents and offer a Health Savings Account(HSA) with a company match. As well as Dental, Vision, Short/Long term Disability, Basic Life, Voluntary Life and AD&D insurance plans. In addition to Flexible Spending Account(FSA) Options like Health Care, Limited Purpose and Dependent Care. Our time off and leave plans are: 10 paid holidays per year plus 17 days of Paid Personal Time Off (PPTO) (prorated upon hire and increased by tenure) and 10 paid sick days per year as well as 12 weeks of paid Parental leave and 8 weeks of paid Supplemental Disability. We also provide generous benefits like mental and emotional health benefits through our EAP and Lyra. A 401K company match, gym and cellphone service reimbursements. The Company reserves the right to modify or change these benefits programs at any time, with or without notice.","['Python', 'Java', 'C++', 'R', 'TensorFlow', 'PyTorch', 'MXNet', 'MR', 'Spark', 'machine learning', 'deep learning', 'causal inference', 'operational optimization algorithms', 'data structure', 'algorithm design']",[],[],,,
3905300309,Analyst Sr.-Functional (Project Manager/ Business Analyst),"Summary

Experienced Sr. Analyst, proficient in SharePoint application implementation, design, configuration, and support; responsible for gathering and organizing business requirements, analyzing data requirements, performing systems analysis and design activities, and supporting system development, testing, and delivery efforts. This position will be responsible for supporting all phases of the system development life-cycle process for numerous applications including SharePoint, Nintex, Enablon, Cority, and other enterprise applications. Applicants must have excellent communication skills, both verbal and written, and prior experience with project management and delivery of applications. Applicants must have strong project management skills with experience in following recognized project management standards.

Duties And Responsibilities

May include, but are not limited to, the following:

Facilitate and organize meetings with functional users and business managers to document procedures and to gather functional requirementsPerform analysis and design activities for applications to be deliveredAnalyze data needs and create data models for applicationsModifies and/or enhances applications following established methodologyLeverage experience to suggest and support business enhancementsCoordinate quality assurance efforts by creating and executing test plansContinually seeks opportunities to increase customer satisfaction and strengthen client relationshipsAssist in creating user documentation for applicationsDesign and configuration of automated business process workflowCoordinate system signoff and meet all other change management requirementsResearch and resolve help desk issues that relate to the core application.Provide quality assurance support during and after implementationProvide user training for individuals and groupsAssist Technical Architect in design and integration of solutionsManage and work with consultant staffMotivate the team to deliver excellenceAny additional responsibilities or tasks as assigned.Comply with all Company policies and procedures.Fully supports Company goals of continuous improvement and operational excellence at strategic and tactical levels including reviewing area of responsibility for improvement opportunities to initiate projects or communicate ideas to management as well as active participation on project teams.

Education, Experience And Qualifications

College Degree or equivalent experience in Computer Science, Business, or related discipline.Minimum 7 years of experience as a business and/or project analyst with SharePoint applicationsExperience with Health, Safety, and Environmental management systems preferredExperience with Occupational Health management systems preferredMinimum 5 years of experience with delivery of application solutionsProven skills in business analysis, quality assurance, and implementationThorough understanding of SharePoint capabilities and managementExperience with integration of enterprise applicationsStrong Project Management skills. Certification in PMP or equivalent preferred3 or more years of experience with Nintex preferred

PHYSICAL DEMANDS

While performing the duties of this job, the employee is frequently required to sit; stand; walk; use hands to touch, handle, or feel; reach with hands and arms; and talk or hear. The employee is occasionally required to stoop, kneel, or crouch. The employee must regularly lift and/or move up to 10 pounds. Specific vision abilities required by this job include close vision, distance vision, color vision, peripheral vision, depth perception, and ability to adjust focus.

WORK ENVIRONMENT

The noise level in the work environment is usually moderate as normally based in an office. Some of the work may be required in the operating units which can require usage of required PPE including safety glasses, hearing protection, etc. May also result in exposure to outside elements and may require usage of stairs and elevators. 25% travel including air travel or auto travel may occasionally be required.","['SharePoint Application Implementation', 'SharePoint Design', 'SharePoint Configuration', 'SharePoint Support', 'Business Requirements Gathering', 'Data Requirements Analysis', 'Systems Analysis', 'Systems Design', 'System Development', 'System Testing', 'System Delivery', 'Project Management', 'Quality Assurance', 'Data Modeling', 'Application Enhancement', 'Business Process Workflow Design', 'Automated Business Process Workflow Configuration', 'Test Plan Creation', 'Test Plan Execution', 'User Documentation Creation', 'Solution Design', 'Solution Integration', 'User Training', 'Help Desk Issue Resolution', 'Change Management', 'Business Analysis', 'Continuous Improvement', 'Operational Excellence']","['SharePoint', 'Nintex', 'Enablon', 'Cority']",['Project Management Professional'],,,
3905218828,Data Scientist - Transformers - 100% Remote,"Job Title:- Data ScientistLocation - Remote RoleDuration: Long Term Contract
Required: Proficiency with Python, Py Torch, Linux, Docker, Kubernetes, and Jupyter. Expertise in Deep Learning, Transformers, Natural Language Processing, Large Language Models
Preferred: Experience with genomics data, and molecular genetics. Distributed computing tools like Ray, Dask, and Spark.
Note:
We need a Data Scientist with demonstrated expertise in training and evaluating transformers such as BERT and its derivatives.","['Deep Learning', 'Transformers', 'Natural Language Processing', 'Large Language Models']","['Python', 'Py Torch', 'Linux', 'Docker', 'Kubernetes', 'Jupyter', 'Ray', 'Dask', 'Spark']",[],,,
3903807162,"Senior Associate, Data Scientist - Model Risk Office","Center 1 (19052), United States of America, McLean, VirginiaSenior Associate, Data Scientist - Model Risk Office

Data is at the center of everything we do. As a startup, we disrupted the credit card industry by individually personalizing every credit card offer using statistical modeling and the relational database, cutting edge technology in 1988!

Fast-forward a few years, and this little innovation and our passion for data has skyrocketed us to a Fortune 200 company and a leader in the world of data-driven decision-making.

As a Data Scientist at Capital One, you’ll be part of a team that’s leading the next wave of disruption at a whole new scale, using the latest in computing and machine learning technologies and operating across billions of customer records to unlock the big opportunities that help everyday people save money, time and agony in their financial lives.

Role Description

In this role, you will:

 Partner with a cross-functional team of data scientists, software engineers, and product managers to deliver a product customers love  Leverage a broad stack of technologies — Python, Conda, AWS, H2O, Spark, and more — to reveal the insights hidden within huge volumes of numeric and textual data  Build machine learning models through all phases of development, from design through training, evaluation, validation, and implementation  Flex your interpersonal skills to translate the complexity of your work into tangible business goals 

The Ideal Candidate is:

 Customer first. You love the process of analyzing and creating, but also share our passion to do the right thing. You know at the end of the day it’s about making the right decision for our customers.  A leader. You challenge conventional thinking and work with stakeholders to identify and improve the status quo. You're passionate about talent development for your own team and beyond.  Technical. You’re comfortable with open-source languages and are passionate about developing further. You have hands-on experience developing data science solutions using open-source tools and cloud computing platforms.  Statistically-minded. You’ve built models, validated them, and backtested them. You know how to interpret a confusion matrix or a ROC curve. You have experience with clustering, classification, sentiment analysis, time series, and deep learning.  A data guru. “Big data” doesn’t faze you. You have the skills to retrieve, combine, and analyze data from a variety of sources and structures. You know understanding the data is often the key to great data science. 

Basic Qualifications:

 Currently has, or is in the process of obtaining a Bachelor’s Degree plus 2 years of experience in data analytics, or currently has, or is in the process of obtaining Master’s Degree, or currently has, or is in the process of obtaining PhD, with an expectation that required degree will be obtained on or before the scheduled start date  At least 1 year of experience in open source programming languages for large scale data analysis  At least 1 year of experience with machine learning  At least 1 year of experience with relational databases 

Preferred Qualifications:

 Master’s Degree in “STEM” field (Science, Technology, Engineering, or Mathematics), or PhD in “STEM” field (Science, Technology, Engineering, or Mathematics)  Experience working with AWS  At least 2 years’ experience in Python, Scala, or R  At least 2 years’ experience with machine learning  At least 2 years’ experience with SQL 

The minimum and maximum full-time annual salaries for this role are listed below, by location. Please note that this salary information is solely for candidates hired to perform work within one of these locations, and refers to the amount Capital One is willing to pay at the time of this posting. Salaries for part-time roles will be prorated based upon the agreed upon number of hours to be regularly worked.

New York City (Hybrid On-Site): $138,500 - $158,100 for Data Science Masters

Candidates hired to work in other locations will be subject to the pay range associated with that location, and the actual annualized salary amount offered to any candidate at the time of hire will be reflected solely in the candidate’s offer letter.

This role is also eligible to earn performance based incentive compensation, which may include cash bonus(es) and/or long term incentives (LTI). Incentives could be discretionary or non discretionary depending on the plan

 Capital One will consider sponsoring a new qualified applicant for employment authorization for this position. 

Capital One offers a comprehensive, competitive, and inclusive set of health, financial and other benefits that support your total well-being. Learn more at the Capital One Careers website . Eligibility varies based on full or part-time status, exempt or non-exempt status, and management level.

This role is expected to accept applications for a minimum of 5 business days.No agencies please. Capital One is an equal opportunity employer committed to diversity and inclusion in the workplace. All qualified applicants will receive consideration for employment without regard to sex (including pregnancy, childbirth or related medical conditions), race, color, age, national origin, religion, disability, genetic information, marital status, sexual orientation, gender identity, gender reassignment, citizenship, immigration status, protected veteran status, or any other basis prohibited under applicable federal, state or local law. Capital One promotes a drug-free workplace. Capital One will consider for employment qualified applicants with a criminal history in a manner consistent with the requirements of applicable laws regarding criminal background inquiries, including, to the extent applicable, Article 23-A of the New York Correction Law; San Francisco, California Police Code Article 49, Sections 4901-4920; New York City’s Fair Chance Act; Philadelphia’s Fair Criminal Records Screening Act; and other applicable federal, state, and local laws and regulations regarding criminal background inquiries.

If you have visited our website in search of information on employment opportunities or to apply for a position, and you require an accommodation, please contact Capital One Recruiting at 1-800-304-9102 or via email at RecruitingAccommodation@capitalone.com . All information you provide will be kept confidential and will be used only to the extent required to provide needed reasonable accommodations.

For technical support or questions about Capital One's recruiting process, please send an email to Careers@capitalone.com

Capital One does not provide, endorse nor guarantee and is not liable for third-party products, services, educational tools or other information available through this site.

Capital One Financial is made up of several different entities. Please note that any position posted in Canada is for Capital One Canada, any position posted in the United Kingdom is for Capital One Europe and any position posted in the Philippines is for Capital One Philippines Service Corp. (COPSSC).","['Python', 'Conda', 'AWS', 'H2O', 'Spark', 'machine learning', 'open-source languages', 'cloud computing platforms', 'clustering', 'classification', 'sentiment analysis', 'time series', 'deep learning', 'relational databases', 'SQL', 'Scala', 'R']","['AWS', 'H2O', 'Spark', 'Conda']",[],,,
3904938280,Senior Data Analyst,"Job Description:

JOB TITLE: Senior-Data Analyst

JOB LOCATION: 208 S. Akard St. Dallas, TX 75202 [and various unanticipated

locations throughout the U.S.; may work from home]

Senior-Data Analyst needed by AT&T Services, Inc. in Dallas, TX [and various unanticipated locations throughout the U.S.; may work from home] to manage a portfolio of online A/B tests projects throughout the projects’ lifecycles. Collaborate closely with stakeholders and other teams to ensure that the test analytics goals are aligned with broader business objectives. Work amongst cross-functional stakeholders to define and document data requirements for data integration and business intelligence applications. Review project details for upcoming tests and determine if additional preliminary analytical support is needed up front. Use standardized dashboards and build customized analytics dashboards. Monitor test analytics dashboards, primarily in Adobe Analytics. Monitor test analytics dashboards regularly and advise on test duration estimates. Troubleshoot analytics issues that may arise. Conduct analyses on assigned test projects to identify additional insights. Stay up to date with the latest trends and best practices in web analytics and be proactive in identifying new opportunities for data-driven insights. Evaluate and improve analytics processes and tools to improve the quality of data and insights generated. Utilize Adobe Target test platform. Apply knowledge of AB testing and eCommerce optimization. Utilize web analytics tools including Google Analytics and Adobe Analytics including Firehose. Utilize software including Workfront, Power BI, Tableau, Snowflake, and EDM. Utilize Python and other computer programming languages. Apply analytical and problem-solving skills with the ability to uncover insights and make data-driven recommendations.

REQUIREMENTS: Requires a Master’s degree, or foreign equivalent degree, in Computer Engineering, Information Systems, Information Technology Management, Math, Sciences, or Data Analytics and 3 years of experience in the job offered or 3 years of experience in a related occupation utilizing Adobe Target test platform; applying knowledge of AB testing and eCommerce optimization; utilizing web analytics tools including Google Analytics and Adobe Analytics including Firehose; utilizing software including Workfront, Power BI, Tableau, Snowflake, and EDM; utilizing Python and other computer programming languages; and applying analytical and problem-solving skills with the ability to uncover insights and make data-driven recommendations.

Our Senior-Data Analysts earn between $140,000 - $190,900 yearly. Not to mention all the other amazing rewards that working at AT&T offers.

Joining our team comes with amazing perks and benefits:

 Medical/Dental/Vision coverage 401(k) plan Tuition reimbursement program Paid Time Off and Holidays (based on date of hire, at least 23 days of vacation each year and 9 company-designated holidays) Paid Parental Leave Paid Caregiver Leave Additional sick leave beyond what state and local law require may be available but is unprotected Adoption Reimbursement Disability Benefits (short term and long term) Life and Accidental Death Insurance Supplemental benefit programs: critical illness/accident hospital indemnity/group legal Employee Assistance Programs (EAP) Extensive employee wellness programs Employee discounts up to 50% off on eligible AT&T mobility plans and accessories, AT&T internet (and fiber where available) and AT&T phone


Weekly Hours:

40

Time Type:

Regular

Location:

Dallas, Texas

It is the policy of AT&T to provide equal employment opportunity (EEO) to all persons regardless of age, color, national origin, citizenship status, physical or mental disability, race, religion, creed, gender, sex, sexual orientation, gender identity and/or expression, genetic information, marital status, status with regard to public assistance, veteran status, or any other characteristic protected by federal, state or local law. In addition, AT&T will provide reasonable accommodations for qualified individuals with disabilities.","['A/B Testing', 'Data Analysis', 'Data Integration', 'Business Intelligence', 'Web Analytics', 'eCommerce Optimization', 'Data-Driven Insights', 'Analytics Processes', 'Troubleshooting', 'Data Requirements', 'Data Quality', 'Data Visualization', 'Statistical Analysis', 'Problem-Solving', 'Data Mining', 'Predictive Analytics', 'Data Modeling', 'Data Governance', 'Data Architecture', 'Data Warehousing', 'Data Pipeline', 'ETL', 'Data Validation', 'Data Cleansing', 'Data Profiling', 'Data Lineage', 'Metadata Management']","['Adobe Analytics', 'Adobe Target', 'Google Analytics', 'Firehose', 'Workfront', 'Power BI', 'Tableau', 'Snowflake', 'EDM', 'Python']",[],,,
3894876574,"(Senior) Bioinformatics Data Engineer, Translational and Quantitative Sciences Data Engineering","At Genmab, we’re committed to building extra[not]ordinary futures together, by developing antibody products and pioneering, knock-your-socks-off therapies that change the lives of patients and the future of cancer treatment and serious diseases. From our people who are caring, candid, and impact-driven to our business, which is innovative and rooted in science, we believe that being proudly unique, determined to be our best, and authentic is essential to fulfilling our purpose.

The Role

The successful candidate will contribute to the mission of the global data engineering function and be responsible for many aspects of data including creation of data-as-a-product, architecture, access, classification, standards, integration, and pipelines. Although your role will involve a diverse set of data-related responsibilities, your key focus will be on the creation of bioinformatics pipelines to process bulk and single cell genomics and transcriptomics data for the enablement and downstream interpretation of Translational and Quantitative Sciences functions, including Data Science, Translational Medicine, Precision Medicine, and Translational Research. You will have a balance of subject matter expertise in life science data, terminology and processes and technical expertise for hands-on implementation. You will be expected to create workflows to standardize and automate data, connect systems, enable tracking of data, implement triggers and data cataloging. With your experience in the Research domain, you will possess knowledge of diverse assay types such as IHC, flow cytometry, cytokine data, but specialize in genomics and transcriptomics. Your ultimate goal will be to place data at the fingertips of stakeholders and enable science to go faster. You will join an enthusiastic, agile, fast-paced and explorative global data engineering team.

We have a hybrid model that requires being onsite in Princeton, NJ 60% of the time.

Responsibilities

Design, implement and manage ETL data pipelines that process and transform vast amounts of scientific data from public, internal and partner sources into various repositories on a cloud platform (AWS)Incorporate bioinformatic tools and libraries to the processing pipelines for omics assays such as DNASeq, RNASeq, or proteomicsEnhance end-to-end workflows with automation that rapidly accelerate data flow with pipeline management tools such as Step Functions, Airflow, or Databricks WorkflowsImplement and maintain bespoke databases for scientific data (RWE, in-house labs, CRO data) and consumption by analysis applications and AI productsInnovate and advise on the latest technologies and standard methodologies in Data Engineering and Data Management, including recent advancements with GenAI, and latest bioinformatics tools and techniques in RNA sequencing analysisManage relationships and project coordination with external parties such as Contract Research Organizations (CRO) and vendor consultants / contractorsDefine and contribute to data engineering practices for the group, establishing shareable templates and frameworks, determining best usage of specific cloud services and tools, and working with vendors to provision cutting edge tools and technologiesCollaborate with stakeholders to determine best-suited data enablement methods to optimize the interpretation of the data, including creating presentations and leading tutorials on data usage as appropriateApply value-balanced approaches to the development of the data ecosystem and pipeline initiativesProactively communicate data ecosystem and pipeline value propositions to partnering collaborators, specifically around data strategy and management practicesParticipate in GxP validation processes

Requirements

BS/MS in Computer Science, Bioinformatics, or a related field with 5+ years of software engineering experience (8+ years for senior role) or a PhD in Computer Science, Bioinformatics or a related field and 2+ years of software engineering experience (5+ years for senior role)Excellent skills and deep knowledge of ETL pipeline, automation and workflow managements tools such as Airflow, AWS Glue, Amazon Kinesis, AWS Step Functions, and CI/CD is a mustExcellent skills and deep knowledge in Python, Pythonic design and object-oriented programming is a must, including common Python libraries such as pandas. Experience with R a plusExcellent understanding of different bioinformatics tools and databases such as STAR, HISAT2, DESeq2, Seurat and how they’re used on different types of genomic and transcriptomic data such as single cell transcriptomicsSolid understanding of modern data architectures and their implementation offerings including Databricks’ Delta Tables, Athena, Glue, Iceberg, and their applications to Lakehouse and medallion architectureExperience working with clinical data and understanding of GxP compliance and validation processesProficiency with modern software development methodologies such as Agile, source control, project management and issue tracking with JIRAProficiency with container strategies using Docker, Fargate, and ECRProficiency with AWS cloud computing services such as Lambda functions, ECS, Batch and Elastic Load Balancer and other compute frameworks such as Spark, EMR, and Databricks

For US based candidates, the proposed salary band for this position is as follows:

$114,375.00---$190,625.00

The actual salary offer will carefully consider a wide range of factors, including your skills, qualifications, experience, and location. Also, certain positions are eligible for additional forms of compensation, such as bonuses.

About You

You are passionate about our purpose and genuinely care about our mission to transform the lives of patients through innovative cancer treatmentYou bring rigor and excellence to all that you do. You are a fierce believer in our rooted-in-science approach to problem-solvingYou are a generous collaborator who can work in teams with diverse backgroundsYou are determined to do and be your best and take pride in enabling the best work of others on the teamYou are not afraid to grapple with the unknown and be innovativeYou have experience working in a fast-growing, dynamic company (or a strong desire to)You work hard and are not afraid to have a little fun while you do so

Locations

Genmab leverages the effectiveness of an agile working environment, when possible, for the betterment of employee work-life balance. Our offices are designed as open, community-based spaces that work to connect employees while being immersed in our state-of-the-art laboratories. Whether you’re in one of our collaboratively designed office spaces or working remotely, we thrive on connecting with each other to innovate.

About Genmab

Genmab is an international biotechnology company with a core purpose guiding its unstoppable team to strive towards improving the lives of patients through innovative and differentiated antibody therapeutics. For more than 20 years, its passionate, innovative and collaborative team has invented next-generation antibody technology platforms and leveraged translational research and data sciences, which has resulted in a proprietary pipeline including bispecific T-cell engagers, next-generation immune checkpoint modulators, effector function enhanced antibodies and antibody-drug conjugates. To help develop and deliver novel antibody therapies to patients, Genmab has formed 20+ strategic partnerships with biotechnology and pharmaceutical companies. By 2030, Genmab’s vision is to transform the lives of people with cancer and other serious diseases with Knock-Your-Socks-Off (KYSO™) antibody medicines.

Established in 1999, Genmab is headquartered in Copenhagen, Denmark with locations in Utrecht, the Netherlands, Princeton, New Jersey, U.S. and Tokyo, Japan.

Our commitment to diversity, equity, and inclusion

We are committed to fostering workplace diversity at all levels of the company and we believe it is essential for our continued success. No applicant shall be discriminated against or treated unfairly because of their race, color, religion, sex (including pregnancy, gender identity, and sexual orientation), national origin, age, disability, or genetic information. Learn more about our commitments on our website.

Genmab is committed to protecting your personal data and privacy. Please see our privacy policy for handling your data in connection with your application on our website https://www.genmab.com/privacy.

Please note that if you are applying for a position in the Netherlands, Genmab’s policy for all permanently budgeted hires in NL is initially to offer a fixed-term employment contract for a year, if the employee performs well and if the business conditions do not change, renewal for an indefinite term may be considered after the fixed-term employment contract.","['ETL pipeline', 'Automation', 'Workflow management', 'Python', 'Pythonic design', 'Object-oriented programming', 'pandas', 'R', 'STAR', 'HISAT2', 'DESeq2', 'Seurat', ""Databricks' Delta Tables"", 'Athena', 'Glue', 'Iceberg', 'Lakehouse', 'Medallion architecture', 'Agile', 'Source control', 'Project management', 'Issue tracking with JIRA', 'Container strategies using Docker, Fargate, and ECR', 'AWS cloud computing services', 'Lambda functions', 'ECS', 'Batch', 'Elastic Load Balancer', 'Spark', 'EMR', 'Databricks']","['Airflow', 'AWS Glue', 'Amazon Kinesis', 'AWS Step Functions', 'CI/CD', 'JIRA', 'Docker', 'Fargate', 'ECR']",[],,,
3905338394,"Senior Software Engineer, Data Engineering - ThousandEyes","Who We Are

The name ThousandEyes was born from two big ideas: the power to see things not ordinarily possible and the ability to collect insights from a multitude of vantage points. As the world continues its digital transformation and relies more on cloud services and the Internet, the “network,” which is now both public and private, has become a black box our customers cannot see or understand.

Our Internet and cloud intelligence platform delivers the only collectively powered real-time view of the Internet and private networks, cloud, and SaaS platforms, helping enterprises and service providers identify problems before they impact revenue, damage brand reputation, or halt employee productivity.

In August 2020, Cisco Systems completed the acquisition of ThousandEyes, which now forms the ThousandEyes Business Unit within the Cisco Networking Business Group and is the Network Assurance solution for Cisco across the Cisco Networking Cloud and Cisco Security Cloud.

About The Role

We are looking for a Senior Data Engineer superhero who is passionate about building next generation Analytics infrastructures and products. You will work directly with our data infrastructure, datasets and analytics tools that are used by Product, Engineering, Marketing, Sales, Finance and Customer Success teams every day.

What You’ll Do

You will contribute to the efforts to build an enterprise-wide ML and AI data platform that will be used across Cisco to power network assurance initiatives across the company. In addition you will participate on a variety of exciting projects that range from designing robust and fully automated data pipelines to building ML-based applications for improving company-wide productivity and the ThousandEyes product. You have a passion for designing, implementing and operating stable, scalable and efficient solutions that move and analyze large data volumes quickly. You are also a self-starter who is comfortable with ambiguity, pays close attention to detail and can work in a fast-paced environment.

In the Data Engineering team we are excited about the impact data can have in our business, product and our customers' experience – we hope you share our enthusiasm!

Qualifications

 BS/MS with quantitative focus (e.g. Economics, Computer Science, Mathematics, Physics, Statistics) or equivalent practical experience  5+ years of experience in data engineering, software engineering, or other related roles  3+ years experience operating databases (e.g. Redshift, MySQL, MongoDB) and advanced query authoring & tuning  3+ years of dimensional data modeling & schema design in data warehouses  3+ years of experience developing and operating large scale big data technologies (e.g. Apache Spark, Presto, HDFS, Apache Kafka, Apache Druid)  Experience with ETL tooling (e.g. Airflow)  Expertise in Python  Experience designing, implementing and maintaining production grade data pipelines  Knowledge of cloud-based production grade data architectures (e.g. AWS EC2, EMR, Glue, S3, Redshift)  An eye for automation and instrumentation in all data-related aspects  Work experience in an interdisciplinary / cross-functional field 

 Preferred Qualifications 

 Working experience in SaaS companies  Strong cross-functional and interpersonal skills with demonstrated ability to communicate technical content to general audiences  Entrepreneurial in nature - able to keep moving initiatives forward in ambiguous situations 

Cisco values the perspectives and skills that emerge from employees with diverse backgrounds. That's why Cisco is expanding the boundaries of discovering top talent by not only focusing on candidates with educational degrees and experience but also placing more emphasis on unlocking potential. We believe that everyone has something to offer and that diverse teams are better equipped to solve problems, innovate, and create a positive impact.

We encourage you to apply even if you do not believe you meet every single qualification . Not all strong candidates will meet every single qualification. Research shows that people from underrepresented groups are more prone to experiencing imposter syndrome and doubting the strength of their candidacy. We urge you not to prematurely exclude yourself and to apply if you're interested in this work.

Cisco is an Affirmative Action and Equal Opportunity Employer and all qualified applicants will receive consideration for employment without regard to race, color, religion, gender, sexual orientation, national origin, genetic information, age, disability, veteran status, or any other legally protected basis. Cisco will consider for employment, on a case by case basis, qualified applicants with arrest and conviction records.

Us – Compensation Range – Message To Applicants

150,900 USD - 222,200 USD

 Message to applicants applying to work in the U.S.: 

When available, the salary range posted for this position reflects the projected hiring range for new hire, full-time salaries in U.S. locations, not including equity or benefits. For non-sales roles the hiring ranges reflect base salary only; employees are also eligible to receive annual bonuses. Hiring ranges for sales positions include base and incentive compensation target. Individual pay is determined by the candidate's hiring location and additional factors, including but not limited to skillset, experience, and relevant education, certifications, or training. Applicants may not be eligible for the full salary range based on their U.S. hiring location. The recruiter can share more details about compensation for the role in your location during the hiring process.

U.S. employees have access to quality medical, dental and vision insurance, a 401(k) plan with a Cisco matching contribution, short and long-term disability coverage, basic life insurance and numerous wellbeing offerings. Employees receive up to twelve paid holidays per calendar year, which includes one floating holiday, plus a day off for their birthday. Employees accrue up to 20 days of Paid Time Off (PTO) each year and have access to paid time away to deal with critical or emergency issues without tapping into their PTO. We offer additional paid time to volunteer and give back to the community. Employees are also able to purchase company stock through our Employee Stock Purchase Program.

Employees on sales plans earn performance-based incentive pay on top of their base salary, which is split between quota and non-quota components. For quota-based incentive pay, Cisco pays at the standard rate of 1% of incentive target for each 1% revenue attainment against the quota up to 100%. Once performance exceeds 100% quota attainment, incentive rates may increase up to five times the standard rate with no cap on incentive compensation. For non-quota-based sales performance elements such as strategic sales objectives, Cisco may pay up to 125% of target. Cisco sales plans do not have a minimum threshold of performance for sales incentive compensation to be paid.","['Python', 'Apache Spark', 'Presto', 'HDFS', 'Apache Kafka', 'Apache Druid', 'Redshift', 'MySQL', 'MongoDB', 'ETL tooling', 'Airflow', 'AWS EC2', 'EMR', 'Glue', 'S3']",['Airflow'],[],,,
3901356982,Business Analyst I,"You could be the one who changes everything for our 28 million members. Centene is transforming the health of our communities, one person at a time. As a diversified, national organization, you’ll have access to competitive benefits including a fresh perspective on workplace flexibility.

Position Purpose Perform various analysis and interpretation to link business needs and objectives for assigned function

Support business initiatives through data analysis, identification of implementation barriers and user acceptance testing of new systemsIdentify and analyze user requirements, procedures, and problems to improve existing processesPerform detailed analysis on assigned projects, recommend potential business solutions and assist with implementation

Education/Experience Bachelor’s degree in related field or equivalent experience. 0-2 years of business process analysis or data analysis experience. Advanced knowledge of Microsoft Applications, including Excel and Access preferred. Project management experience preferred.

Benefits And Payment Configuration

Compliance Coding/Prepay Compliance (Payment Integrity) Bachelor’s degree in related field or equivalent experience. 0-2 years of business process analysis (i.e. documenting business process, gathering requirements) or claims payment/analysis experience. Advanced knowledge of Microsoft Applications, including Excel and Access preferred.

Provider Data Bachelor’s degree in related field or equivalent experience. 0-2 years of business process analysis (documenting business process, gathering requirements) experience in healthcare industry and/or working in a data driven environment. Advanced knowledge of Microsoft Applications, including Excel, Project, and Visio preferred. Knowledge of data migration, software enhancement/planning, and Agile preferred.

Member & Provider Solutions Bachelor’s degree in related field or equivalent experience. 0-2 years of business process analysis (i.e. documenting business process, gathering requirements) experience in healthcare industry and/or customer service or enrollment functions. Advanced knowledge of Microsoft Applications, including Excel and Visio preferred. Knowledge of data integration, software enhancements/planning and Agile preferred. Experience managing projects with a high reliance on technology preferred.Pay Range $25.97 - $46.68 per hour

Centene offers a comprehensive benefits package including competitive pay, health insurance, 401K and stock purchase plans, tuition reimbursement, paid time off plus holidays, and a flexible approach to work with remote, hybrid, field or office work schedules. Actual pay will be adjusted based on an individual's skills, experience, education, and other job-related factors permitted by law. Total compensation may also include additional forms of incentives.

Centene is an equal opportunity employer that is committed to diversity, and values the ways in which we are different. All qualified applicants will receive consideration for employment without regard to race, color, religion, sex, sexual orientation, gender identity, national origin, disability, veteran status, or other characteristic protected by applicable law.","['Data Analysis', 'Business Process Analysis', 'User Acceptance Testing', 'Process Improvement', 'Project Management', 'Business Solutions', 'Compliance Coding', 'Payment Integrity', 'Data Migration', 'Software Enhancement', 'Agile', 'Data Integration', 'Data Driven Environment', 'Claims Payment', 'Claims Analysis']","['Microsoft Excel', 'Microsoft Access', 'Microsoft Visio', 'Microsoft Project']",[],,,
3902357112,Machine Learning Team Lead,"Please note, this is an Individual Contributor (IC) role.
Robbie AI is seeking a highly skilled and motivated Machine Learning Team Leader with expertise in computer vision to join our dynamic team. As the team leader, you will play a pivotal role in designing, building, and deploying cutting-edge self-learning applications focused on body pose movement, facial expression recognition, basic emotions detection, gender detection, and more. For this, being fluent in reading and writing papers associated with state-of-the-art computer vision and ANN/RNN architectures is desirable.
Responsibilities:Project Leadership:Manage and lead ML in-house teams projects like external labelers and outsourcing of R&DDemonstrate expertise in building Computer Vision projects from scratch, focusing on real-time processing rather than relying solely on off-the-shelf models.Data Preprocessing and Architecture:Design and develop efficient code for preprocessing and storing image-based datasets using custom-built ANN architectures.Utilize your skills to translate literature into practical, real-world products.State-of-the-Art Models Implementation:Demonstrate a strong ability to read and implement cutting-edge deep learning models from research papers related to body pose movement, face detection, basic emotions detection, gender and age detection, and face recognition.Any experience with LLM and ViT Transformers applied to computer vision is very positiveBuild a robust framework to seamlessly apply these models to live video camera feedsTraining and Deployment:Develop and streamline model training and deployment processes, focusing on automation and efficiency.Optimize deep neural networks and associated preprocessing/postprocessing code to ensure smooth operation on servers, edge devices, and specific hardware.Project Management:Utilize your project management skills to guide the ML team towards achieving goals and delivering successful outcomes.Foster a collaborative and innovative environment, promoting knowledge sharing and continuous learning.
Required Qualifications:Proven experience using data science tools, including proficient Python scripting, numpy, scipy, matplotlib, scikit-learn, jupyter notebooks, bash scripting, and working in a Linux environment.Demonstrated ability to manage a team of at least 5 engineers, ensuring effective collaboration and successful project outcomes.Experience working with custom hardware platforms such as Jetson/ARM.Proficiency in deploying and delivering highly optimized inference models at a production level.Strong programming skills in Python3, Bash, Git, and experience with popular deep learning frameworks such as PyTorch or TensorFlow.Solid knowledge of libraries and frameworks like Numpy, OpenCV, CUDA, and TensorRT.Familiarity with C/C++ programming languages for optimizing performance.Desirable experience with Inference servers like Nvidia Triton, KubeML, and other pipeline frameworks.Previous experience working in teams following SCRUM/Kanban methodologies.Excellent communication skills in English, enabling effective collaboration and reporting.Desirable exposure to scientific papers, demonstrating an ability to stay informed about the latest advancements in the field.
Desired Qualifications:Experience working with Google Cloud Platform or Azure services, particularly storage services and on-demand virtual machines.Proficiency in using Make and Makefiles to create targets and streamline build processes.Familiarity with CI/CD (Continuous Integration/Continuous Deployment) tools such as GitLab Jobs, GitHub Actions, and Travis, to automate software testing and deployment workflows.Expertise in encoding/decoding h265 video feeds and knowledge of codecs and transports like HSL (HTTP Live Streaming).Strong sense of teamwork and the ability to collaborate effectively with colleagues from diverse backgrounds.Leadership skills to motivate and empower a team of developers, fostering their growth and improving their capabilities.","['Python', 'numpy', 'scipy', 'matplotlib', 'scikit-learn', 'bash scripting', 'Linux', 'PyTorch', 'TensorFlow', 'OpenCV', 'CUDA', 'TensorRT', 'C/C++', 'Git', 'ANN', 'RNN', 'deep learning', 'computer vision']","['jupyter notebooks', 'Jetson/ARM', 'Nvidia Triton', 'KubeML', 'GitLab Jobs', 'GitHub Actions', 'Travis']",[],,,
3901387962,Machine Learning Engineer - GenAI,"We are one of the leading tech investment firms globally, with a track record of investing in some of the most valuable companies in the world.
Right now, we are helping our early stage (Pre-Seed -> Series B) portfolio companies grow their machine learning engineering teams.
A generative AI portfolio company is looking to hire a number of machine learning engineers of varied experience levels as their sales increase and they confirm product-market fit.
While being good at what you do are table stakes, we believe the following will make you successful in a startup:
Optimistic individuals are persistent, determined, and unwilling to give up in the face of adversity. They keep working towards a goal or objective despite setbacks or failures. Optimism often involves a combination of perseverance, resilience, and determination.Growth-oriented individuals embrace challenges, persist in the face of setbacks, and see effort as a key to success. They are willing to take risks and push themselves outside of their comfort zones. Growth-oriented individuals are curious, see learning as a lifelong process, and embrace feedback. They are willing to try new things, and are not afraid to change direction if something isn’t working.Effective individuals collaborate well, work consistently and purposefully towards achieving their goals, efficiently manage their time, and are self-motivated. They are able to identify problems, analyze them critically, and develop effective solutions.
We are looking for candidates who have at least 2 years of professional experience. They are unable to sponsor visas of any kind currently. 
If you are interested in working at an early stage company, please apply to learn more.",[],[],[],,,
3904392573,Business Systems Analyst,"Immediate and fully remote opportunity for a Business Systems Analyst to join industry leading company in the Hospitality sector.

Responsibilities

Gather and refine requirements for Hotel's next generation Property Management System (PMS) and the integration with a newly developed Tax Fee Surcharge engine (TFS) Coordinate the documentation, analysis, and validation of functional requirements, in partnership with Property product and business stakeholders Work with multiple Technology workstreams to ensure project objectives are being met and the projects are completed on time and on budget Effectively communicate and participate in cross-functional teams and successfully identify risks and issues to manage expectations and to mitigate identified risks to delivery commitments 

Requirements

Three (3) years of professional work experience in Technology or a related field Two (2) years of Hotel experience, preferably in Front Office/Hotel Operations Knowledge of Property Management systems 

Nice To Haves

Four (4) + years of professional work experience in Technology or related field Three (3) + of Hotel experience, preferably in Front Office/Hotel Operations Two (2) + years experience as a Business Analyst Knowledge of tax & fee calculation rules for hospitality for US domestic and international markets Knowledge of the Agile Methodology and prominent tools such as Jira and Confluence 

Why IDR?

20+ Years of Proven Industry Experience in 4 major markets Employee Stock Ownership Program Dedicated Engagement Manager who is committed to you and your success Medical, Dental, Vision, and Life Insurance ClearlyRated’s Best of Staffing® Client and Talent Award winner 10 years in a row","['Business Analysis', 'Requirements Gathering', 'Functional Requirements', 'Validation', 'Project Management', 'Risk Management', 'Stakeholder Management', 'Cross-functional Team Collaboration', 'Agile Methodology']","['Jira', 'Confluence']",[],,,
