job_id,company_name,title,description,max_salary,pay_period,location,company_id,views,med_salary,min_salary,formatted_work_type,applies,original_listed_time,remote_allowed,job_posting_url,application_url,application_type,expiry,closed_time,formatted_experience_level,skills_desc,listed_time,posting_domain,sponsored,work_type,currency,compensation_type,normalized_salary,zip_code,fips,technical_skills,soft_skills,tools,certifications,experience,education,annotator,review_status,comments
3891074946,SullivanCotter,Business Systems Analyst,"ABOUT US AND ABOUT YOUSullivanCotter partners with health care and other not-for-profit organizations to understand what drives performance and improve outcomes through the development and implementation of integrated workforce strategies. Using our time-tested methodologies and industry-leading research and information, we provide data-driven insights, expertise, and solutions to help organizations align business strategy and performance objectives – enabling our clients to deliver on their mission, vision, and values.
JOB SUMMARYThe Business Systems Analyst-Intermediate-PNA collaborates across the PNA (Provider Needs Assessment) Consulting and IT business units. The associate is expected to become a PNA expert in defining and measuring the supply of healthcare providers in a defined geography. This role supports all related Quality Control protocols. It interfaces with the Consulting PNA Project Manager to support them in defining the research requirements for each Client Engagement. Working with the Product Owner and Senior BSA, the associate is expected to help define the application requirements needed to efficiently manage their work. The job also supports IT with User Acceptance Testing (UAT) and performs Integration testing on PROD deployments. The Associate BSA role thereby offers exposure to both Consulting and IT career opportunities. 
PRIMARY ACCOUNTABILITIESDevelop and manage the provider database for PNA clients, encompassing tasks such as structuring new engagements, uploading data files, initiating engagement rollovers, and managing engagement status based on PNA Project Team instructions and defined scopeCreate a systematic approach for researching provider data and prepare research instructions for each engagementEstablish and oversee a series of data ""cleaning"" protocols, involving manual cleanup through ""R,"" Application Quality Checks, and QueriesPrepare work definitions for Offshore Research and Call Verification Teams, specifying scope, instructions, and timelines for deliverablesCalculate Stark service areas, generate Stark maps, and develop Stark presentation materials for clientsCollaborate with the PNA Team to develop Instructional Guides and TutorialsManage the PNA Landing Page, Security Permissions, and Assignments according to PNA Project Manager's directivesParticipate in weekly PNA Team Client Touchpoint MeetingsContribute as a member of the PNA Clinician Nexus Agile Team in various meetings and Scrum ceremonies, including Standup, Development, Retro, and PlanningDevelop a comprehensive understanding of PNA supply formulas and algorithmsProvide input and suggestions for enhancing the PNA ApplicationParticipate in the development of User Stories, document Bugs, and perform UAT as directed by the Product Owner/Senior BSADemonstrate proficiency in the PNA applicationSupport the PNA consulting team in client implementations and configurationDetermine operational objectives, gather information, and evaluate output requirementsWork closely with the Product Owner to analyze, define, model, and document system requirementsIdentify project milestones, phases, and elements, ensuring the team adheres to timelines and budget constraintsEnsure end-user (PNA Team) proficiency with the PNA application Design and execute test plans, scenarios, scripts, and procedures based on business requirements.Participate in product and report releasesExercise independent judgment and take the lead role on enterprise-level projects with minimal direction from a director or engagement manager
KNOWLEDGE, SKILLS AND ABILITIESBachelor’s degree in data analytics, mathematics, statistics, management information systems or a related field2+ years of experience with gathering systems’ requirements and analyzing data (Some relevant experience is highly preferred.) Solid technical knowledge and experience working with Microsoft Office products with advanced Excel skills required (VLOOKUP, pivot tables, linking, etc.)Strong analytical and critical thinking skillsExperience with technology and work flows to automate processes in the database application to improve efficienciesExcellent written and oral communication and interpersonal skillsAbility to present ideas in a business-friendly and user-friendly language and respond to the business team inquiriesSelf-starter with demonstrated ability to successfully assist with complex project deliverables in a very driven and dynamic organization.Demonstrated ownership of assigned tasks and dedication and perseverance to get the job done.Flexibility, adaptability, and the ability to work under tight deadlines and prioritize assignments or changing needsConfidence and ability to work independentlyExceptional employee service orientationStrong attention to detailHigh level of self-motivationPreferred QualificationsKnowledge of the health care industry Experience with Other Software Applications (a Plus) - such as SQL, Tableau, R, Power BI, Python, etc.Exposure or training in Agile (a Plus)Certificate or experience with Azure DevOps (a Plus)
BENEFITS AND PERKS Competitive total compensation package Medical and dental coverage at no premium cost for employees401(k) and profit sharing retirement plansFlexible spending accountGenerous paid time off (PTO)Federal and company holidaysGender neutral parental leave Bereavement and pet leaveContinuing education and professional accreditation sponsorshipLife and AD&D insuranceShort- and long-term disabilityEmployee assistance programMental health support programAdditional perks
Reflected below is the base salary range offered for this position. Actual salaries may vary depending on factors including but not limited to academic achievements, skills and experience. The range listed is just one component of the compensation package offered to candidates.$61,200 - $94,500
SullivanCotter Holdings (Clinician Nexus, SCH Services, SullivanCotter) is an Equal Employment Opportunity/Affirmative Action employer, and all qualified applicants will receive consideration for employment without regard to race, color, religion, sex, age, national origin, protected veteran status, disability status, sexual orientation, gender identity or expression, marital status, genetic information, or any other characteristic protected by law or marital status.",94500,YEARLY,United States,123499,8,,61200,Full-time,,1.71286E+12,1,https://www.linkedin.com/jobs/view/3891074946/?trk=jobs_biz_prem_srch,https://workforcenow.adp.com/mascsr/default/mdf/recruitment/recruitment.html?cid=7ad3398c-57a1-4ace-b31b-dd2ee184d67e&ccId=19000101_000001&jobId=506520&lang=en_US,OffsiteApply,1.71546E+12,,Associate,,1.71286E+12,,0,FULL_TIME,USD,BASE_SALARY,77850,,,,,,,,,,,
3887101270,Aequor,Business Analyst,"Location: Remote
Job Description: Top Skills: Minimum of 5 years experience in Product Management delivering successful and innovative products Leadership and communication. Proven ability to work collaboratively with technical and non-technical team members, including the executive-level Proficient in JIRA Experience in Figma, Adobe Xd Experience with data infrastructure/platform/backend/data engineering 
RoleThe primary focus of this role will be shepherding new programs and features from start to finish by partnering closely with end users, Engineers, and Executive Stakeholders. The ideal candidate will have a strong background in Product Management (Product Owner, Business Analyst, etc.), User Experience & User Research, Computer Science, or related fields, with demonstrated experience shipping new products from conception to launch.
You will support the development of the Client's Data Commons by applying Product Management best practices to delight your customers in the most efficient way possible. You will leverage design thinking while collaborating cross-functionally to improve the problem areas (data search, data consumption, etc.) of your program's customers. Ultimately, you will have both tactical and strategic responsibilities, using your willingness to roll up your sleeves to achieve the company's objectives.
What you'll do Deeply understand core problem spaces, data use cases, pain points, and processes within the Research space Develop an overarching multi-year enterprise-level roadmap with associated milestones and objectives that inform and align product stakeholders (IT, Executives, etc.) Deeply understand the Data Platform's architecture and technology to drive from current to expected future state in a timely manner Act as Agile Product Owner for your remit, breaking down epics into consumable user stories/tasks, continuously grooming the backlog, and partnering with other Product Managers to prioritize against all platform feature development Partner with the development team to understand technical constraints, and level of effort, remove blockers, and guide feature development to completion Utilize user research and user experience best practices to iteratively develop delightful mockups/prototypes that are consumable by end users and engineers alike Balance tradeoffs nimbly across experience, top/bottom line, regulatory risk, and concurrent programs Establish working relationships with project Stakeholders to gather input, review milestones, and provide progress reports Partner with internal stakeholders to socialize and gather feedback on new prototypes and features Present readouts to the department and the broader organization to evangelize and socialize the platforms' capabilities (current and future state) Utilize product metrics and OKRs to make informed decisions and align quarterly goals with the department/company goals Explore new data platform use cases and inform product strategy and roadmap for data, search, and AI/Client features Strive to for continuous self-improvement as a Product Manager, sharing best practices with the team regularly 
You'll Love This Job If You Love working on internal platforms Love advancing science for patient benefit Love being an expert in the behind-the-scenes platform/data engineering/infrastructure Love digging into the problem space and using case details Thrive in environments of high complexity and high impact Thrive in working with technical teams and leadership 
Minimum Qualifications: Minimum of 5 years experience in Product Management delivering successful and innovative products Academic background (bachelor's degree) or equivalent work experience in computer science, data science, statistics, economics, or engineering Experience with data infrastructure/platform/backend/data engineering Experience working with agile development teams Experience defining product requirements and using data and metrics to determine outcomes 
Preferred Qualifications: Multiple years of pharmaceutical and/or biotech industry experience Strong customer empathy, with an ability to transform complex data and customer insights into a prioritized roadmap Leadership and communication. Proven ability to work collaboratively with technical and non-technical team members, including the executive-level Strong communication and partnership skills – this will be an extremely cross-functional role, with more than a handful of stakeholder teams Entrepreneurial spirit and growth mindset Data Engineering experience is a plus",70.83,HOURLY,United States,87599,633,,70.83,Contract,254,1.71267E+12,1,https://www.linkedin.com/jobs/view/3887101270/?trk=jobs_biz_prem_srch,,ComplexOnsiteApply,1.71526E+12,,Mid-Senior level,,1.71267E+12,,0,CONTRACT,USD,BASE_SALARY,147326.4,,,,,,,,,,,
3903434413,ApTask,Data Engineer,"Job Title: Data Engineer Job Location: Wilmington, DEExperience : 8 to 10 Years  Job Description:Mandatry Skill: AWS ,python
knowledge To ensure successful initiation, planning, execution, control and completion of the project by guiding team members on technical aspects, conducting reviews of technical documents and artefacts.Lead project development, production support and maintenance activities.Fill and ensure timesheets are completed, as is the invoicing process, on or before the deadline. Lead the customer interface for the project on an everyday basis, proactively addressing any issues before they are escalated. Create functional and technical specification documents. Track open tickets/ incidents in queue and allocate tickets to resources and ensure that the tickets are closed within the deadlines.Ensure analysts adhere to SLA/KPI/OLA. Ensure that all in the delivery team, including self, are constantly thinking of ways to do things faster, better or in a more economic manner. Lead and ensure project is in compliance with Software Quality Processes and within timelines. Review functional and technical specification documents. Serve as the single point of contact for the team to the project stakeholders.Promote team work, motivate, mentor and develop subordinates. Provide application production support as per process/RACI (Responsible, Accountable, Consulted and Informed) Matrix.


",,,"Wilmington, DE",2934678,123,,,Contract,,1.71345E+12,,https://www.linkedin.com/jobs/view/3903434413/?trk=jobs_biz_prem_srch,,ComplexOnsiteApply,1.71604E+12,1.71345E+12,,,1.71345E+12,,0,CONTRACT,,,,19801,10003,,,,,,,,,
3902357366,Soni,Technical Product Analyst,"Our client is hiring a contract technical product manager experienced driving product lifecycle for consumer-facing web + mobile with ecommerce and self-service experiences across multiple brands driving customer engagement and satisfaction. This role can be remote anywhere in the US, preferably on the east coast in the NYC metro area. 
Requirements:4+ years of product management working with functional + technical teams on web/mobile products with retail functionality + API connectivityGood understanding of AgileWorking in JiraStrong communication skills -- someone outgoing with personable personality
Compensation: $125,000Salary is based on a range of factors that include relevant experience, knowledge, skills, other job-related qualifications.",,,New York City Metropolitan Area,10599076,2,,,Full-time,,1.71354E+12,1,https://www.linkedin.com/jobs/view/3902357366/?trk=jobs_biz_prem_srch,https://www.soniresources.com/careers/#/jobs/9977,OffsiteApply,1.71613E+12,,Associate,,1.71354E+12,,0,FULL_TIME,,,,,,,,,,,,,,
3902348430,CBTS,Sr. Business Analyst - SAP,"CBTS is in search of a Sr. Business Analyst. This candidate will be working in the SAP FICO space and must have a strong background and strong knowledge in both IT and Financial Systems. There is a hybrid work requirement, so the candidate must be local to the Cincinnati area.
The IT Business Analyst will be responsible for working with internal and external stakeholders to identify and document detailed requirements associated with business and IT initiatives, leading technical projects, defining test scenarios and use cases, testing technical deliverables, researching technical solution options, and providing support/consultation to assigned business areas to ensure IT and business alignment.
DutiesWork with internal and external customers to gather, organize, and document stakeholder requirements for projects and application enhancements. Deliver SAP configuration support within all Finance-related modules including General Ledger, Accounts Payable, Accounts Receivable, Fixed Assets, Cost Center Accounting, Profit Center Accounting, and Internal Orders.Develop and maintain a strong SAP user community through end-user training, support, and knowledge sharing to keep solution aligned with the business.Perform stakeholder, impact, and gap analysis.Facilitate requirements gathering sessions and project status meetings.Develop business cases and scope for proposed projects. Construct and manage detailed project plans, work breakdown structures, and master test plans.Create and execute test scenarios.Coordinate quality acceptance testing and user acceptance testing.Develop and execute training plans for current application changes and new application releases.Create and manage change requests and software enhancement requests.Assist in troubleshooting post-implementation issues for projects.Manage POC (proof of concept), RFP (request for proposal), and RFQ (request for proposal) process.Facilitate root cause analysis and solution development activities; analyze and quantify the potential value of the solution options.Provide support and consulting services for various technology systems. Function as the liaison between IT and the business to ensure the successful delivery of projects and application enhancements, timely identification and resolution of technology-related issues, delivery of quality IT services, and strategic alignment between IT and the business.Cultivate and manage relationships with vendors to ensure expectations are clearly communicated, project deliverables are provided in a timely manner, quality standards are met, and SLA are adhered to. Review, evaluate, and develop recommendations for enhancements and support of applications.Identify opportunities for process improvement, cost reduction, and automation within IT and the various lines of business. Conduct research, analyze data, and develop insights to assist in project planning and decision-making.Work with programming resources to ensure system enhancements follow the appropriate IT guidelines, meet or exceed user requirements, and are completed on time.Prepare technical reports by collecting, analyzing, and summarizing information and trends.Run ad-hoc reports using SQL queries, SAP tools, or other reporting tools.
REQUIRED: Familiarity with all types of technical documentation (business requirement documents, process maps, system diagrams, user experience, uses cases, user stories, test plans, test cases, etc.)Excellent communication and presentation skills; able to effectively convey information to stakeholders at all levels of the organization. Familiarity with project management tools, methodologies, and best practicesStrong interpersonal skills with the ability to work independently or as part of a team.Ability to multi-task, effectively prioritize work, and manage multiple assignments concurrently. Strong analytical and problem-solving skills with attention to detail.Ability to direct and prioritize the workload of a team.Strong planning and organization skills.Passion for customer service, efficiency, effectiveness, precision, and quality.Team player with a willingness to assist others and share expertise.Able to work flexible hours; expected to work nights and weekends as needed.Ability to travel between offices, as required. EDUCATION AND EXPERIENCE:Legally eligible to work in the United States.Bachelor’s degree preferred – Computer Science, Information Systems, Information Technology, or other technology related discipline (equivalent experience acceptable)3+ years of relevant business analysis experience.Experience with SAP S4 required.3-5 years of experience with SAP FI (GL, AP, AR, FA), CO (CCA, PCA, Internal Orders)Experience with SAC Analytics and SAC Planning preferred.Focused experience working directly with Finance and Accounting departments.2+ years of relevant project management experience preferred.1-3 years of working with ERP applications preferred.Experience with large software implementations and systems integrations.Exposure to various project methodologies (Agile, Waterfall, or hybrid of both).Experience creating test plans and facilitating user acceptance testing.Experience constructing business cases and providing technology support. Focused experience working directly with external vendors.",,,"Cincinnati, OH",1122072,1,,,Full-time,,1.71353E+12,,https://www.linkedin.com/jobs/view/3902348430/?trk=jobs_biz_prem_srch,,ComplexOnsiteApply,1.71613E+12,,Mid-Senior level,,1.71353E+12,,0,FULL_TIME,,,,45202,39061,,,,,,,,,
3888994430,TikTok,Data Engineer - USDS,"Responsibilities

 About TikTok U.S. Data Security
TikTok is the leading destination for short-form mobile video. Our mission is to inspire creativity and bring joy. U.S. Data Security (“USDS”) is a subsidiary of TikTok in the U.S. This new, security-first division was created to bring heightened focus and governance to our data protection policies and content assurance protocols to keep U.S. users safe. Our focus is on providing oversight and protection of the TikTok platform and U.S. user data, so millions of Americans can continue turning to TikTok to learn something new, earn a living, express themselves creatively, or be entertained. The teams within USDS that deliver on this commitment daily span across Trust & Safety, Security & Privacy, Engineering, User & Product Ops, Corporate Functions and more.

Why Join Us
Creation is the core of TikTok's purpose. Our platform is built to help imaginations thrive. This is doubly true of the teams that make TikTok possible. 
Together, we inspire creativity and bring joy - a mission we all believe in and aim towards achieving every day. 
To us, every challenge, no matter how difficult, is an opportunity; to learn, to innovate, and to grow as one team. Status quo? Never. Courage? Always. 
At TikTok, we create together and grow together. That's how we drive impact - for ourselves, our company, and the communities we serve. 
Join us.

Team Intro
Our User Operations team is focused on bringing a world-class experience to our users, and in doing so we are partnering with the Global Business Solutions Research and Insights team. The Analysts/Insights Partner global community under the Research and Insights (R&I) teams across the globe, is a thriving and critical resource for TikTok's Global Business Solutions team providing custom analysis of consumer behavior through 1P content data hosted on data tables spread across different teams/owners. We are looking for a Data Engineer with the skills and curiosity to see the human being behind the swipes, views, clicks and likes and build the data infrastructure to organize and access this data in a privacy compliant, aggregated and anonymized way, so Research and Insights' Analysts can query it to draw consumer insights for our clients.

In order to enhance collaboration and cross-functional partnerships, among other things, at this time, our organization follows a hybrid work schedule that requires employees to work in the office 3 days a week, or as directed by their manager/department. We regularly review our hybrid work model, and the specific requirements may change at any time.

Responsibilities
- Collaborate with cross-functional teams, including analysts, and software engineers, to understand data requirements and develop scalable solutions
- Design, build, and maintain efficient and reliable data pipelines from our data lake to our data marts, ensuring data quality and integrity
- Define metrics and create / maintain dashboards for measuring and reporting key performance indicators 
- Build and manage data inventories and data flow mappings by collecting and aggregating datasets from multiple data source systems
- Implement data governance and security measures to protect sensitive information and comply with industry regulations
- Monitor and optimize the performance of data infrastructure, troubleshoot issues, and propose enhancements to ensure maximum efficiency and reliability
- Stay up to date with emerging technologies and trends in data engineering and make recommendations for their implementation when relevant. 
- Contribute to developing and maintaining documentation for data pipelines, processes, and systems 

Qualifications

 Minimum Qualifications
- Bachelor’s degree in computer science, Engineering, or a related field.
- Proficiency in programming languages such as Python, SQL, and experience with ETL tools
- Proficiency working with multiple large and linked databases
- Strong understanding of data modeling and database design principles.
- Experience with big data technologies such as PostgreSQL databases. Familiarity with data governance, privacy, and security practices. 
- Proficiency in writing and communicating in Mandarin, due to cross functional partnerships with Mandarin speaking colleagues

Preferred Qualifications
- 3 years of experience operating within a data engineer facet or a related field. 
- Excellent problem-solving skills and ability to work independently and in a team environment. 
- Strong communication and interpersonal skills, with the ability to effectively collaborate with cross-functional teams and present technical concepts to non-technical stakeholders.


D&I Statement
TikTok is committed to creating an inclusive space where employees are valued for their skills, experiences, and unique perspectives. Our platform connects people from across the globe and so does our workplace. At TikTok, our mission is to inspire creativity and bring joy. To achieve that goal, we are committed to celebrating our diverse voices and to creating an environment that reflects the many communities we reach. We are passionate about this and hope you are too.

Accommodation Statement
TikTok is committed to providing reasonable accommodations in our recruitment processes for candidates with disabilities, pregnancy, sincerely held religious beliefs or other reasons protected by applicable laws. If you need assistance or a reasonable accommodation, please reach out to us at https://shorturl.at/ktJP6

Data Security Statement
This role requires the ability to work with and support systems designed to protect sensitive data and information. As such, this role will be subject to strict national security-related screening. 

Job Information:

【For Pay Transparency】Compensation Description (annually) The base salary range for this position in the selected city is $108300 - $168800 annually.Compensation may vary outside of this range depending on a number of factors, including a candidate’s qualifications, skills, competencies and experience, and location. Base pay is one part of the Total Package that is provided to compensate and recognize employees for their work, and this role may be eligible for additional discretionary bonuses/incentives, and restricted stock units.Our company benefits are designed to convey company culture and values, to create an efficient and inspiring work environment, and to support our employees to give their best in both work and life. We offer the following benefits to eligible employees: We cover 100% premium coverage for employee medical insurance, approximately 75% premium coverage for dependents and offer a Health Savings Account(HSA) with a company match. As well as Dental, Vision, Short/Long term Disability, Basic Life, Voluntary Life and AD&D insurance plans. In addition to Flexible Spending Account(FSA) Options like Health Care, Limited Purpose and Dependent Care. Our time off and leave plans are: 10 paid holidays per year plus 17 days of Paid Personal Time Off (PPTO) (prorated upon hire and increased by tenure) and 10 paid sick days per year as well as 12 weeks of paid Parental leave and 8 weeks of paid Supplemental Disability. We also provide generous benefits like mental and emotional health benefits through our EAP and Lyra. A 401K company match, gym and cellphone service reimbursements. The Company reserves the right to modify or change these benefits programs at any time, with or without notice.",168800,YEARLY,"Los Angeles, CA",33246798,43,,108300,Full-time,8,1.71264E+12,,https://www.linkedin.com/jobs/view/3888994430/?trk=jobs_biz_prem_srch,https://careers.tiktok.com/position/7354151635679201573/detail?spread=5MWH5CQ,OffsiteApply,1.71523E+12,,,,1.71264E+12,careers.tiktok.com,0,FULL_TIME,USD,BASE_SALARY,138550,90001,6037,,,,,,,,,
3906253680,"Securitas Security Services USA, Inc.",Business Analyst,"JOB SUMMARY: 

Securitas is currently seeking a Business Analyst (BA) to partner with business departments to gather business requirements, define & document business processes, participate in process design, business process optimization and support all phases of software development. The BA must have proven experience coordinating detailed business, operational requirements with corresponding audit controls and implementing process solutions. Ability to work well in a dynamic environment, think creatively, work independently, and handle multiple tasks simultaneously.

ESSENTIAL FUNCTIONS: 

 The functions listed describe the business purpose of this job or position. Specific duties or tasks may vary and be documented separately. An associate might or might not be required to perform all functions listed. Additional duties may be assigned, and functions may be modified, according to business necessity. All assigned duties or tasks are deemed to be part of the essential functions, unless such duties or tasks are unrelated to the functions listed, in which case they are deemed to be other (non-essential) functions. Associates are held accountable for successful job performance. Job performance standards may be documented separately, and may include functions, objectives, duties, or tasks not specifically listed herein. In performing functions, duties or tasks, associates are required to know and follow safe work practices, and to be aware of company policies and procedures related to job safety, including safety rules and regulations. Associates are required to notify superiors upon becoming aware of unsafe working conditions. All functions, duties or tasks are to be carried out in an honest, ethical, and professional manner, and to be performed in conformance with applicable company policies and procedures. In the event of uncertainty or lack of knowledge of company policies and procedures, associates are required to request clarification or explanations from superiors or authorized company representatives. Works closely with department managers and users to define and analyze business and operational problems, process improvement opportunities and requirements. Evaluates methods of improving efficiency and cost-effectiveness of business and operational processes. Organizes and leads team meetings as required, publishes minutes, action items and issues tracking through closure. Quickly evolves into the Subject Matter Expert (SME) understands and grasps both the operational, functional aspects and end-to-end handoffs. May assist in developing training materials, handouts, and desktop procedures. Maintains up-to-date knowledge by attending education workshops, reviewing product releases, attending vendor user conferences and training. Works closely with department managers and Project Management Office to plan, launch and deploy timely deliverables based on roadmap within the BA role. Organizes and manages application features, business process inventory and backlog to meet deadlines based on overall strategic vision and roadmap.

MINIMUM QUALIFICATIONS AT ENTRY:

Additional qualifications may be specified and receive preference, depending upon the nature of the position.

 3-5 years supporting mid to large scale ERP software (Financials PTP, ITC, RTR), HCM software (HCM CoreHR, Ben, Payroll, OTL, ORC, OLC), Workforce Management software, SaaS preferred. 2-5 years working on an Agile environment in a fast-paced environment.

EDUCATION/EXPERIENCE: 

 Bachelor's degree and/or equivalent experience required. 3-5 years of progressively responsible experience in professional business systems analysis.

COMPETENCIES: (as demonstrated through experience, training, and/or testing):

 Strong organizational, planning and time management skills. Strong problem solving, critical thinking and conflict resolutions skills. Strong English communication skills, both written and oral. Ability to work efficiently with peers, end users, and 3rd party vendors.

WORKING CONDITIONS AND PHYSICAL/MENTAL DEMANDS:

With or without reasonable accommodation, requires the physical and mental capacity to perform effectively all essential functions. In addition to other demands, the demands of the job include:

 Maintaining composure in dealing with executives, clients, prospects, and staff, in group settings and in situations requiring high performance and results. Must undergo and meet company standards for background and reference checks, controlled substance testing, and behavioral selection survey. Handling and being exposed to sensitive and confidential information. Required ability to handle multiple tasks concurrently. Ability to work off hours as required Occasional travel Occasional lifting and/or moving up to 10 pounds.

EOE/M/F/Vet/Disabilities

About Us

Securitas employees come from all walks of life, bringing with them a variety of distinctive skills and perspectives. United through our common purpose, we provide the security needed to safeguard our clients' assets and people. Our core values - Integrity, Vigilance and Helpfulness - are represented by the three red dots in the Securitas logo. If you live by these values, we're looking for you to join the Securitas team.

About The Team

Our Company Mission:

Securitas' mission is to protect homes, workplaces, and communities by providing the security services they need to protect their assets, safeguard their people, and maintain their ability to generate profits.

Our Values:

Securitas' core values - Integrity, Vigilance and Helpfulness - are the foundation for our employees to build trust with customers, colleagues, and the surrounding community.

Integrity:

Securitas employees are honest and trusted by customers to safeguard their premises and valuables. We don't compromise on integrity and create an open forum for our employees and customers to voice opinions, report improprieties, and share information.

Vigilance:

Seeing, hearing, and evaluating. A Securitas employee is always attentive and often notices things that others don't. Their vigilance is necessary in order to be aware of potential risks or incidents that may take place on our customers' premises.

Helpfulness:

As part of an on-going effort to ensure safety, Securitas employees are always ready to help if an incident occurs that requires intervention regardless of whether or not it is directly related to their job.",,,"Charlotte, NC",307494,4,,,Full-time,,1.71357E+12,,https://www.linkedin.com/jobs/view/3906253680/?trk=jobs_biz_prem_srch,https://click.appcast.io/track/j8iw5gv-org?cs=4c&jg=4pxv&bid=lUf2CslKyPxm6i440ZgUYA==,OffsiteApply,1.71616E+12,,Mid-Senior level,,1.71357E+12,click.appcast.io,0,FULL_TIME,,,,28202,37119,,,,,,,,,
3903875936,Fidelity Investments,Data Engineer- AWS (Python/ Airflow/ RDS),"2087611

Job Description

We are currently sourcing for a Data Engineer to work in Fidelity’s Workplace Investing in Durham, NC.

The Team

Our Data Engineering team is dedicated to developing an infrastructure that will change the way reporting is done across various products and reports. We focus on building an Analytics Repository, a centralized platform designed to support personalized core and common reporting experiences.

We are looking for a passionate, self-motivated Data Engineer with strong programming fundamentals, to help transform the analytics landscape!

The Expertise You Have

Bachelor’s degree or higher in a technology related field (e.g., Engineering, Computer Science, etc.)Experience with relational SQL and NoSQL databases, including DynamoDB, RDS Postgres and Oracle.Experience with data pipeline and workflow management technologies such as: Air Flow, ControlM etc.Cloud abilities specifically in AWS EC2, S3 and IAM.Proficiency in Python for at least one yearProficiency with CI/CD tools (Jenkins preferred)Ability to work with a variety of individuals and groups, in a constructive and collaborative manner and build and maintain effective relationships.Full-stack development experience across distributed applications and servicesExperience implementing the Software Development Lifecycle in an agile environment.


Certifications

Company Overview

Fidelity Investments is a privately held company with a mission to strengthen the financial well-being of our clients. We help people invest and plan for their future. We assist companies and non-profit organizations in delivering benefits to their employees. And we provide institutions and independent advisors with investment and technology solutions to help invest their own clients’ money.

Join Us

At Fidelity, you’ll find endless opportunities to build a meaningful career that positively impacts peoples’ lives, including yours. You can take advantage of flexible benefits that support you through every stage of your career, empowering you to thrive at work and at home. Honored with a Glassdoor Employees’ Choice Award, we have been recognized by our employees as a top 10 Best Place to Work in 2024. And you don’t need a finance background to succeed at Fidelity—we offer a range of opportunities for learning so you can build the career you’ve always imagined.

Fidelity's working model blends the best of working offsite with maximizing time together in person to meet associate and business needs. Currently, most hybrid roles require associates to work onsite all business days of one assigned week per four-week period (beginning in September 2024, the requirement will be two full assigned weeks).

At Fidelity, we value honesty, integrity, and the safety of our associates and customers within a heavily regulated industry. Certain roles may require candidates to go through a preliminary credit check during the screening process. Candidates who are presented with a Fidelity offer will need to go through a background investigation, detailed in this document, and may be asked to provide additional documentation as requested. This investigation includes but is not limited to a criminal, civil litigations and regulatory review, employment, education, and credit review (role dependent). These investigations will account for 7 years or more of history, depending on the role. Where permitted by federal or state law, Fidelity will also conduct a pre-employment drug screen, which will review for the following substances: Amphetamines, THC (marijuana), cocaine, opiates, phencyclidine.

We invite you to Find Your Fidelity at fidelitycareers.com.

Fidelity Investments is an equal opportunity employer. We believe that the most effective way to attract, develop and retain a diverse workforce is to build an enduring culture of inclusion and belonging.

Fidelity will reasonably accommodate applicants with disabilities who need adjustments to participate in the application or interview process. To initiate a request for an accommodation, contact the HR Accommodation Team by sending an email to accommodations@fmr.com, or by calling 800-835-5099, prompt 2, option 3.",,,"Durham, NC",1307,9,,,Full-time,1,1.7134E+12,,https://www.linkedin.com/jobs/view/3903875936/?trk=jobs_biz_prem_srch,https://FMRLLC.contacthr.com/136725781,OffsiteApply,1.71609E+12,,,,1.7135E+12,FMRLLC.contacthr.com,0,FULL_TIME,,,,27701,37063,,,,,,,,,
3902780924,Capital One,"Senior Machine Learning Engineer (Python, PySpark, SQL)","Center 1 (19052), United States of America, McLean, VirginiaSenior Machine Learning Engineer (Python, PySpark, SQL)

As a Capital One Machine Learning Engineer (MLE), you'll be part of an Agile team dedicated to productionizing machine learning applications and systems at scale. You’ll participate in the detailed technical design, development, and implementation of machine learning applications using existing and emerging technology platforms. You’ll focus on machine learning architectural design, develop and review model and application code, and ensure high availability and performance of our machine learning applications. You'll have the opportunity to continuously learn and apply the latest innovations and best practices in machine learning engineering.

What you’ll do in the role: 

 The MLE role overlaps with many disciplines, such as Ops, Modeling, and Data Engineering. In this role, you'll be expected to perform many ML engineering activities, including one or more of the following:  Design, build, and/or deliver ML models and components that solve real-world business problems, while working in collaboration with the Product and Data Science teams.  Inform your ML infrastructure decisions using your understanding of ML modeling techniques and issues, including choice of model, data, and feature selection, model training, hyperparameter tuning, dimensionality, bias/variance, and validation).  Solve complex problems by writing and testing application code, developing and validating ML models, and automating tests and deployment.  Collaborate as part of a cross-functional Agile team to create and enhance software that enables state-of-the-art big data and ML applications.  Retrain, maintain, and monitor models in production.  Leverage or build cloud-based architectures, technologies, and/or platforms to deliver optimized ML models at scale.  Construct optimized data pipelines to feed ML models.  Leverage continuous integration and continuous deployment best practices, including test automation and monitoring, to ensure successful deployment of ML models and application code.  Ensure all code is well-managed to reduce vulnerabilities, models are well-governed from a risk perspective, and the ML follows best practices in Responsible and Explainable AI.  Use programming languages like Python, Scala, or Java. 

Basic Qualifications:

 Bachelor’s degree  At least 4 years of experience programming with Python, Scala, or Java (Internship experience does not apply)  At least 3 years of experience designing and building data-intensive solutions using distributed computing  At least 2 years of on-the-job experience with an industry recognized ML frameworks (scikit-learn, PyTorch, Dask, Spark, or TensorFlow)  At least 1 year of experience productionizing, monitoring, and maintaining models 

Preferred Qualifications:

 1+ years of experience building, scaling, and optimizing ML systems  1+ years of experience with data gathering and preparation for ML models  2+ years of experience with building models  2+ years of experience developing performant, resilient, and maintainable code  Experience developing and deploying ML solutions in a public cloud such as AWS, Azure, or Google Cloud Platform  Master's or doctoral degree in computer science, electrical engineering, mathematics, or a similar field  3+ years of experience with distributed file systems or multi-node database paradigms  Contributed to open source ML software  3+ years of experience building production-ready data pipelines that feed ML models  Experience designing, implementing, and scaling complex data pipelines for ML models and evaluating their performance 

At this time, Capital One will not sponsor a new applicant for employment authorization for this position.

The minimum and maximum full-time annual salaries for this role are listed below, by location. Please note that this salary information is solely for candidates hired to perform work within one of these locations, and refers to the amount Capital One is willing to pay at the time of this posting. Salaries for part-time roles will be prorated based upon the agreed upon number of hours to be regularly worked.

New York City (Hybrid On-Site): $165,100 - $188,500 for Senior Machine Learning Engineer

Candidates hired to work in other locations will be subject to the pay range associated with that location, and the actual annualized salary amount offered to any candidate at the time of hire will be reflected solely in the candidate’s offer letter.

This role is also eligible to earn performance based incentive compensation, which may include cash bonus(es) and/or long term incentives (LTI). Incentives could be discretionary or non discretionary depending on the plan.

Capital One offers a comprehensive, competitive, and inclusive set of health, financial and other benefits that support your total well-being. Learn more at the Capital One Careers website . Eligibility varies based on full or part-time status, exempt or non-exempt status, and management level.

This role is expected to accept applications for a minimum of 5 business days.No agencies please. Capital One is an equal opportunity employer committed to diversity and inclusion in the workplace. All qualified applicants will receive consideration for employment without regard to sex (including pregnancy, childbirth or related medical conditions), race, color, age, national origin, religion, disability, genetic information, marital status, sexual orientation, gender identity, gender reassignment, citizenship, immigration status, protected veteran status, or any other basis prohibited under applicable federal, state or local law. Capital One promotes a drug-free workplace. Capital One will consider for employment qualified applicants with a criminal history in a manner consistent with the requirements of applicable laws regarding criminal background inquiries, including, to the extent applicable, Article 23-A of the New York Correction Law; San Francisco, California Police Code Article 49, Sections 4901-4920; New York City’s Fair Chance Act; Philadelphia’s Fair Criminal Records Screening Act; and other applicable federal, state, and local laws and regulations regarding criminal background inquiries.

If you have visited our website in search of information on employment opportunities or to apply for a position, and you require an accommodation, please contact Capital One Recruiting at 1-800-304-9102 or via email at RecruitingAccommodation@capitalone.com . All information you provide will be kept confidential and will be used only to the extent required to provide needed reasonable accommodations.

For technical support or questions about Capital One's recruiting process, please send an email to Careers@capitalone.com

Capital One does not provide, endorse nor guarantee and is not liable for third-party products, services, educational tools or other information available through this site.

Capital One Financial is made up of several different entities. Please note that any position posted in Canada is for Capital One Canada, any position posted in the United Kingdom is for Capital One Europe and any position posted in the Philippines is for Capital One Philippines Service Corp. (COPSSC).",,,"McLean, VA",1419,4,,,Full-time,,1.7134E+12,,https://www.linkedin.com/jobs/view/3902780924/?trk=jobs_biz_prem_srch,https://dsp.prng.co/GPYPxyb,OffsiteApply,1.716E+12,,Mid-Senior level,,1.7134E+12,dsp.prng.co,0,FULL_TIME,,,,22101,51059,,,,,,,,,
3902829691,Aquent,Jr. Technical Business Analyst,"Jr. Technical Business AnalystRemote role - must work EST hoursPay: $38-40/ hourly as W2, full benefits offered.Length of contract: Through the end of 2024, possibility to extend into 2025.The target hiring compensation range for this role is $38-40 / hourly as a W2 employee.
Compensation is based on several factors including, but not limited to education, relevant work experience, relevant certifications, and location. Additional benefits offered may include; medical health insurance and dental insurance, life insurance, and eligibility to participate in a 401k plan with company match.
This is a great role joining an established team within a major financial organization that supports Document and Content Management.

Role Summary/Purpose:This client drives results with their retail and payments partners while also delivering leading customer experiences.Within their Marketing Organization, their Document and Content Management Team oversees the creation, updating, maintenance and governance of various content and communications.
This candidate will use a proprietary Marketing Technology (an in-house system you will be trained on) to create, update and deliver customer required communications.Reporting to the team Leader, this contractor will be responsible for accurately creating, updating, and creating various types of customer required communications.The contractor will be an expert dealing with cardholder content, legal templates, document formats, and delivery across all marketing channels.
Top skills needed: Impeccable attention to detailGreat communication among your team membersSome technical / project management skills are idealSome knowledge of XMLBeginner level JavaScriptSome InDesign skills are nice to haveSome SaaS skills / familiarityExperience using Workfront (files and/or projects will be assigned using this tool)

Essential Responsibilities:• Create, update and test regulatory-required cardholder documents using relevant Martech• Consistently maintain a 99.9 accuracy level for templates, content blocks, and documents• Able to program manage the tactical execution of multiple online and printed templates for internal clients using Workfront to obtain required approvals and to release files to requestors.• Ensure content, templates and documents meet client requirements, brand standards, channel requirements, legal and regulatory guidelines.• Liaise with key business partners to support activities pertaining to interpretation of specifications for new builds, release scheduling, deployments, installations and configurations for applications and related platforms, including databases.• Create or modify XML, Schema Definitions (XSD) as needed to create and/or update content blocks, templates, and documents.

Ideal Qualifications/Requirements:• 2+ years of JavaScript experience• 2+ years of XML experience• 2+ years of XSD and Data Model experience• 2+ years of Program Management, preferably Agile experience

Desired Characteristics:• Bachelor’s Degree• Master’s degree preferred (not mandatory)• Analytical thinking• Prior work experience supporting Marketing functions• Prior work experience in Financial Services• Oracle database experience• Experience working in and navigating a highly regulated business• Strong problem solving, analysis and reporting skills

About Aquent:Aquent connects the best talent in marketing, creative, and design with the world's biggest brands.
Our eligible talent has access to amazing benefits like subsidized health, vision, and dental plans, paid sick leave, and retirement plans with a match. We also offer free online training through Aquent Gymnasium.
Aquent is an equal-opportunity employer. We evaluate qualified applicants without regard to race, color, religion, sex, sexual orientation, gender identity, national origin, disability, veteran status, and other legally protected characteristics. We're about creating an inclusive environment—one where different backgrounds, experiences, and perspectives are valued, and everyone can contribute, grow their careers, and thrive.",40,HOURLY,Atlanta Metropolitan Area,4433,121,,38,Full-time,52,1.71355E+12,1,https://www.linkedin.com/jobs/view/3902829691/?trk=jobs_biz_prem_srch,,ComplexOnsiteApply,1.71615E+12,,Associate,,1.71355E+12,,0,FULL_TIME,USD,BASE_SALARY,81120,,,,,,,,,,,
3895272957,GE Vernova,Global Quality Process Development & Data Analytics Leader,"Job Description Summary

Grid Solutions Quality Process Development & Data Analytics Leader will be responsible for Grid Solutions’ quality process development and drive development of digital quality and data analytics.

Job Description

About us

Grid Solutions, a GE Renewable Energy business, serves customers globally with over 12,000 employees. We provide power utilities and industries worldwide with equipment, systems, and services to bring power reliably and efficiently from the point of generation to end power consumers. We are focused on addressing the challenges of the energy transition by enabling the safe and reliable connection of renewable and distributed energy resources to the grid. For more about GE’s Grid Solutions, visit https://www.gegridsolutions.com

Essential Responsibilities

Grid level Quality process management, including Non Conformity (NC) management, Advanced Product Quality Planning (APQP) process development., Failure Mode and Effects Analysis (FMEA) process dev., Root Cause Analysis (RCA) process & competence development, and supplier quality process development.Data Analytics approach for quality with needed process & tools evolutionDigital quality road-map ownerChange management & continuous improvement adapted to the evolving business needsDrive continuous improvement of quality processes & tools with lean mindset based on identified performance gaps and product & service evolutionProvide leadership, support, and technical guidance to the GRID leadership team to assure Grid Solutions quality process developmentWork collaboratively inside and outside GE to identify and leverage best practices to update quality strategy delivering on improvements of Grid Solutions competitive levelLeadership of HQ Quality EHS team in line with GE leadership values Qualifications

Required Qualifications

Master's Degree from an accredited university or college in Engineering.Minimum of 7 years of quality leadership experience with senior leadership experience in quality management in projects and/or manufacturing and engineering

Desired Characteristics

Experienced data analytics leader with knowledge of digital quality strategy and systems’ developmentValue based multicultural Leadership with focus on development of high performing teams and evolution of organizational capabilitiesStrong interpersonal skills & communicationFast oriented and influential in multifaceted stakeholder managementTeamwork orientedAbility of effective cross-functional collaboration with all levels of the organizationHigh energy, self-drivenStructured and well organizedStrong oral and written communication skillsLean mindset and experience of Built-in-quality lean approach

Additional Information

GE offers a great work environment, professional development, challenging careers, and competitive compensation. GE is an Equal Opportunity Employer. Employment decisions are made without regard to race, color, religion, national or ethnic origin, sex, sexual orientation, gender identity or expression, age, disability, protected veteran status or other characteristics protected by law.

GE will only employ those who are legally authorized to work in the United States for this opening. Any offer of employment is conditioned upon the successful completion of a drug screen (as applicable).

Relocation Assistance Provided: No",,,"Clearwater, FL",82315716,3,,,Full-time,,1.71287E+12,,https://www.linkedin.com/jobs/view/3895272957/?trk=jobs_biz_prem_srch,https://jobs.gecareers.com/vernova/global/en/job/GE11GLOBALR3760916EXTERNALENGLOBAL/Global-Quality-Process-Development-Data-Analytics-Leader?utm_source=linkedin&utm_medium=phenom-feeds,OffsiteApply,1.71546E+12,,Director,,1.71287E+12,jobs.gecareers.com,0,FULL_TIME,,,,33755,,,,,,,,,,
3903824576,National Indemnity Company,Business Analyst - Azure Cloud,"Company

NICO National Indemnity Company

As a member of the Berkshire Hathaway group of insurance companies, we offer outstanding opportunities for professionals interested in working with a successful company. We offer unparalleled financial strength, stability and “large company” benefits, in addition to an exciting, friendly, “small company” atmosphere.

Business Analyst - Azure Cloud

Want to work for a company with unparalleled financial strength and stability that also offers “large company” benefits with an exciting, friendly, and “small company” atmosphere? As a member of the Berkshire Hathaway Group of Insurance Companies you will find that as well as outstanding opportunities for professionals looking to grow in their careers.

National Indemnity Company is focused on a digital transformation to deliver modern, innovative business solutions that are adaptable and resilient for our agents, insureds, claimants, and employees. We are seeking a Business Analyst for our Azure Platform team motivated to take on challenges in a growing and dynamic environment as we invest in a cloud adoption program.

The Azure Cloud Business Analyst will work with Product Owners, stakeholders, and subject matter experts to identify platform needs and determine functional requirements while working within a cross-functional team focused on delivering capabilities for business outcomes.

Candidate should have an understanding and experience working within an Azure Cloud environment. Experience in Agile methodologies is a core requirement, and the candidate must be detail oriented with ability to effectively communicate with all levels of management across IT departments.

This position will be with National Indemnity Company in Omaha, NE with a hybrid 50% in the office work environment. This position is not eligible for employer visa sponsorship. /

What will you do?

Creates, updates, and maintains user stories for development work within the product.Communicates technical and business specifications, operational impact, and continuous improvement of our products.Creates and maintains business and product artifacts, including requirements, business case documentation, scope documentation, process flows, and business rules and proceduresCollaborates with Product Owners and QA to identify and write test cases from the user story acceptance criteria to ensure requirements are met. Assists in creation of and may execute test plans for usage in the testing process and regression testing mechanism.Participates in Pre-Planning Meetings, Sprint Planning, Release Planning, User Story Writing Sessions and Demo Meetings

What are we looking for?

Bachelor’s degree in business or related field or equivalentMinimum 2 years related work experience (Minimum 3+ Years for Senior Level)2+ years professional experience as a Business Analyst, Business Team Manager, Project Manager, or Scrum MasterKnowledge of Agile methodologies (Scrum, Kanban, etc.)Knowledge of software development practices and proceduresExperience working in application lifecycle management tools such as Azure DevOps, JIRA, or Rally

Who would excel in this role?

Cloud native services (Azure, AWS, GCP)Experience implementing and maintaining governance processesExperience with business analysis or project managementFamiliarity with continuous delivery and continuous integrationInsurance industry and product knowledge

We want you to be involved! We offer Employee Resource Groups for volunteering, connecting with others, social gatherings, and professional development as well as companywide surveys to hear from our employees.

We care about your health and wellbeing! Our Wellness program is integrated into the Company culture with an online wellness portal that offers a year-round, one-stop-shop to manage and track all areas of health, onsite fitness center, an Employee Relations team ready to assist you and more.

Benefits, Perks and more! We offer retirement and savings plan with immediate enrollment with 100% employer match up to 5%, Medical, Dental and Vision for employees and eligible dependents, dedicated Learning & Development program for employees to grow personally and professionally, upfront Educational Reimbursement program, subsidized downtown parking, competitive time off policies including parental leave, an Employee Assistance program and much more!

A comprehensive benefits package is available for regular, full-time employees, including health, vision, dental, life and disability insurance as well as a 401(k) with company match. We also proudly offer 100% upfront tuition reimbursement to regular, full-time employees, to further your education. Our Omaha office boasts a complimentary state-of-the-art, on-site gym, a robust wellness program, low-cost downtown parking, and numerous volunteer and networking opportunities with other emerging professionals.

",,,"Omaha, NE",1367563,3,,,Full-time,,1.71347E+12,,https://www.linkedin.com/jobs/view/3903824576/?trk=jobs_biz_prem_srch,https://nationalindemnity.wd5.myworkdayjobs.com/NICO/job/Omaha-NE/Business-Analyst---Azure-Cloud_R12730/apply,OffsiteApply,1.71607E+12,,Mid-Senior level,,1.71348E+12,nationalindemnity.wd5.myworkdayjobs.com,0,FULL_TIME,,,,68102,31055,,,,,,,,,
3901950783,Qualibar,Business Intelligence Developer,"Role: Business Intelligence DeveloperLocation: Atlanta, GA 30336(Hybrid)Duration: Full TimePay: $100,000 - $120,000/yr.

Description:Experience Skill Matrix : Power BI Developer (10+Years of experience) SQL Server Integration Services (SSIS) SQL Server Reporting Services (SSRS) Creating Power BI Reports and Dashboard Data Modelling using Power BI Data sources such as excel, flat files, databases, Cloud data sources Create Complex Measure and Column Able to suggest/generate business KPIs in reporting tool Microsoft SQL Technical Expertise BI Developer with 10+years of experience, working as part of a BI/Reporting project team and contributing primarily to development and support activities using relevant tools. Role demands good understanding of creating SSRS/Power BI Reports and Dashboard The candidate should have good working experience in Data Modelling using Power BI. Being able to work with multiple data sources such as excel, flat files, databases, Cloud data sources etc. Should be able to create Complex Measure and Column Should have good understanding of Dax Calculation Should be able to suggest/generate business KPIs in reporting tool. Strong expertise in backend database development (i.e., Microsoft SQL) Ability to work on performance enhancements for reporting solution
.",,,"Atlanta, GA",75652254,6,,,Full-time,,1.71348E+12,,https://www.linkedin.com/jobs/view/3901950783/?trk=jobs_biz_prem_srch,,ComplexOnsiteApply,1.71607E+12,,,,1.71348E+12,,0,FULL_TIME,,,,30303,13121,,,,,,,,,
3898174637,Experis,Talent Management Consultant / Data Analyst,"Our client, Pharmaceutical Industry is seeking a Data Analyst to join their team. As a Data Analyst, you will be part of the supporting Talent Team. The ideal candidate will have Proficient project management skills, Excellent planning and organization skills, Ability to deal with ambiguity and a fast-paced business culture.

Job Title: Data Analyst for Talent Management 

Location: Princeton, NJ 

What’s the Job?

The Talent Management Consultant will work with other members of the Talent team and is responsible for participating in the implementation of Talent Management initiatives launched throughout the organization. Specializing in talent data science, analysis, and insights.

Role Duties Include But Are Not Limited To

 Talent management data analysis, reporting and insights across talent practices. Assist with validation projects, content and criterion, in whatever capacity needed. Assist with Talent data auditing, coding for NLP/machine learning initiatives and measures. Specifically, but not limited to, manager performance coaching documentation quality. Assist with the coordination of talent practice process documentation and control points. Assist with the implementation of mentoring practices and coordination of professional development data. Assist the Talent Management Team as needed with consultation and collaboration with internal stakeholders to ensure that Talent solutions align with organizational priorities and needs. Assist with talent process documentation, job aids, training materials, and other change management tools and resources. Assist with project specific communications and broader Talent Management messaging to ensure that the organization is aware of Talent Management practices and initiatives. Assist with the coordination of executive assessments as needed. Assist with orienting new 360 participants, launching cohorts, monitoring progress, partnering with participants, and making decisions related to timing. Partner with subject matter experts throughout the business to design and finalize skills associated with varied jobs throughout Otsuka. Assist with Veeva submissions for all applicable job aids and training materials. Assist with post-training survey design and analyses, and results report outs. Potentially assist with survey content proposals and Workday/Qualtrics integration. Provide support for additional, varied Talent Management project implementations and other duties as assigned.


Required Experience And Skills

 Four-year Degree in Social Science, preferred Sociology, Psychology, Anthropology Minimum of 3 years’ related work experience Strong data programming, analytic, and reporting skills. Experience working in Excel and PowerPoint, intermediate level. Ability to do basic graphic design in Word/PowerPoint Professional level communication skills, written and verbal. Handle confidential information with professionalism and integrity. Ability to interact independently with internal and external stakeholders. Demonstrated ability to work effectively both independently and collaboratively as part of a team. Proficient project management skills Excellent planning and organization skills Ability to deal with ambiguity and a fast-paced business culture.


If this is a role that interests you and you’d like to learn more, click apply now and a recruiter will be in touch with you to discuss this great opportunity. We look forward to speaking with you!

About ManpowerGroup, Parent Company of:Manpower, Experis, Talent Solutions, and Jefferson Wells

ManpowerGroup® (NYSE: MAN), the leading global workforce solutions company, helps organizations transform in a fast-changing world of work by sourcing, assessing, developing, and managing the talent that enables them to win. We develop innovative solutions for hundreds of thousands of organizations every year, providing them with skilled talent while finding meaningful, sustainable employment for millions of people across a wide range of industries and skills. Our expert family of brands –  Manpower, Experis, Talent Solutions, and Jefferson Wells  – creates substantial value for candidates and clients across more than 75 countries and territories and has done so for over 70 years. We are recognized consistently for our diversity - as a best place to work for Women, Inclusion, Equality and Disability and in 2022 ManpowerGroup was named one of the World's Most Ethical Companies for the 13th year - all confirming our position as the brand of choice for in-demand talent.

",,,"Princeton, NJ",2203697,45,,,Contract,11,1.71314E+12,,https://www.linkedin.com/jobs/view/3898174637/?trk=jobs_biz_prem_srch,https://click.appcast.io/track/j6pa04m?cs=jj7&sjg=6cfq,OffsiteApply,1.71581E+12,,Mid-Senior level,,1.71322E+12,click.appcast.io,0,CONTRACT,,,,8540,34021,,,,,,,,,
3895200298,Kavaliro,Information Technology Business Analyst,"NO CORP-CORP; NO 3rd PARTY EMPLOYERS; NO CPT/OPT
Technical Business Analyst12+ months - $60-$65/hrLocation: Charlotte, NC (hybrid)
DescriptionWe are seeking a Senior Business Analyst (SBA) to be engaged in the buildout and implementation of a commercial and financial system. This role will have key responsibilities in the data integration from the legacy systems to the new systems. Post implementation this role will support, maintain, and enhance the Applications working with the business and IT. The SBA would be responsible for day-to-day support/answering questions related to financial applications along with documenting requirements, configuring, testing, and deploying bug fixes or enhancements.
Responsibilities include: Engaged in the buildout and implementation of the financial systems. This role will have key responsibilities in the data integration from the legacy commercial and financial systems to the new systems. Work with and support/maintain an ERP, financial consolidation and reporting applications including but not limited to application configuration, troubleshooting of complex incidents and development of new features. Develop hands on knowledge of the ERP, financial consolidation, and reporting applications to investigate issues, identify root causes, recommend, and drive resolutions.Able to demonstrate a strong finance background and proficiency in the development, integration, and support of core finance systems and reporting services. Provide daily support to stakeholders on new requests or incidents related to the financial applications.Proactively communicate and collaborate with business system owners and end users to analyze information needs and functional requirements.Perform and review system configurations to ensure the configuration of the functional modules align with the designed business processes and perform updates as required. Act as the liaison between Finance, Operational business units, Technology teams and Vendors.Proactively identify areas for improvement regarding the financial applications and existing or new business processes.Facilitate the collection of business requirements, understand, analyze and translate them into system requirements, configurations and customizations.
CompetenciesStrong knowledge of core ERP enabled business cycles, specifically related to accounting functionProven background in the development and support of ETL’s and Reporting services along with deep experience work with data and financial application integrations.Capable of working in a fast-paced environment with tight deadlines; able to work effectively in ambiguous or changing situations; ability to manage time effectively.Strong analytical skills, including a thorough understanding of how to interpret customer business needs and translate them into application and operational requirements.Ability to identify problems and deal with situations and issues proactively.Demonstrate a critical and creative mindset with all new requests received from stakeholders. Excellent verbal and written communication skills and the ability to interact professionally and affectively with executives, managers, and subject matter experts.Strong attention to detail with the ability to work in a conscientious, consistent, and thorough manner.Advanced knowledge of Microsoft Office Suite, specifically Excel.Functional experience with IFS, SAP Concur, and OneStream would be considered an asset.
Qualifications5 years of professional experience in translating tech for non-tech stakeholdersCloud functionalityFinance, Accounting, or related degree would be considered a strong asset.Computer Science experience with formal training in the areas of ERP systems would be considered an asset.Experience integrating financial data into a reporting data mart and developing financial reporting is considered an asset.",65,YEARLY,Charlotte Metro,1070686,2,,60,Contract,,1.71286E+12,,https://www.linkedin.com/jobs/view/3895200298/?trk=jobs_biz_prem_srch,,ComplexOnsiteApply,1.71545E+12,,Mid-Senior level,,1.71286E+12,,0,CONTRACT,USD,BASE_SALARY,62.5,,,,,,,,,,,
3891072418,Eliassen Group,Systems/Data Analyst - SQL/ETL,"Our industry-leading financial services client is seeking a Systems/Data Analyst with strong SQL and ETL. Hybrid role, must be able to work in Durham NC.
Due to client requirement, applicants must be willing and able to work on a w2 basis. For our w2 consultants, we offer a great benefits package that includes Medical, Dental, and Vision benefits, 401k with company matching, and life insurance. 
Job Requirements:7-8 years of systems analysis experienceExtensive experience working directly with business and detailing their requirementsStrong SQL and Data skillsETL experience (Informatica or Snaplogic)Can connect with the developers / QA directly and ensure they can understand what the requirements areGood Communication skillsWorked in an agile teamFinancial domain experience would be very advantageous
Skills, experience, and other compensable factors will be considered when determining pay rate. The pay range provided in this posting reflects a W2 hourly rate; other employment options may be available that may result in pay outside of the provided range.  W2 employees of Eliassen Group who are regularly scheduled to work 30 or more hours per week are eligible for the following benefits: medical (choice of 3 plans), dental, vision, pre-tax accounts, other voluntary benefits including life and disability insurance, 401(k) with match, and sick time if required by law in the worked-in state/locality. 
Please be advised- If anyone reaches out to you about an open position connected with Eliassen Group, please confirm that they have an Eliassen.com email address and never provide personal or financial information to anyone who is not clearly associated with Eliassen Group. If you have any indication of fraudulent activity, please contact InfoSec@eliassen.com.
Job ID: 383882",65,HOURLY,"Durham, NC",13816,13,,55,Contract,3,1.71286E+12,,https://www.linkedin.com/jobs/view/3891072418/?trk=jobs_biz_prem_srch,,ComplexOnsiteApply,1.71545E+12,,Mid-Senior level,,1.71286E+12,,0,CONTRACT,USD,BASE_SALARY,124800,27701,37063,,,,,,,,,
3905218828,Prodware Solutions,Data Scientist - Transformers - 100% Remote,"Job Title:- Data ScientistLocation - Remote RoleDuration: Long Term Contract
Required: Proficiency with Python, Py Torch, Linux, Docker, Kubernetes, and Jupyter. Expertise in Deep Learning, Transformers, Natural Language Processing, Large Language Models
Preferred: Experience with genomics data, and molecular genetics. Distributed computing tools like Ray, Dask, and Spark.
Note:
We need a Data Scientist with demonstrated expertise in training and evaluating transformers such as BERT and its derivatives.",,,United States,2045626,148,,,Contract,50,1.71346E+12,1,https://www.linkedin.com/jobs/view/3905218828/?trk=jobs_biz_prem_srch,,ComplexOnsiteApply,1.71605E+12,,Mid-Senior level,,1.71346E+12,,0,CONTRACT,,,,,,,,,,,,,,
3891088945,"Teaching Strategies, LLC",Principal Machine Learning Engineer (Remote),"Be a Part of our Team!

Join a working family that is dedicated to the mission of the work we do!

Teaching Strategies is an innovative edtech organization focused on connecting teachers, children, and families. As front runners in the early childhood education market, we build dynamic, top-quality digital products that integrate all of the essential elements of a high-quality solution: curriculum, assessment, professional development, and family engagement. We are building a team of results-oriented individuals who will thrive in a collaborative, work-hard/play-hard culture. We pride ourselves on the impact we have on the early childhood field through supporting teachers who are doing the most important work there is, teaching children to become creative, confident thinkers.

Position Overview

We are seeking a highly skilled Principal Machine Learning Engineer to join our team and contribute to the company's AI/ML initiatives. Working in close partnership with our AI/ML development team (the VP of Data and AI/ML and the VP of Product Management) you will be responsible for deploying ML and AI solutions by leveraging your expertise in machine learning, Airflow, Spark, Kubernetes and Sagemaker. Your primary focus will be on deploying production quality AI/ML solutions to be consumed by our front-end. This person will be an individual contributor that can navigate between design/architecture and executing the design.

Specific Roles & Responsibilities

Own the machine learning operations and deployment for all ML and AI solutionsDevelop frameworks for capturing the feedback loop dataAutomate monitoring of model performance and user behaviorInfluence the tooling, frameworks, and ML practices with the AI/ML teamAid in the data collection for AI/ML development and validationPartner with Product Management on prioritization and requirementOccasional domestic travel required for in-person team, department, and company meetings

Qualifications

AWS tools and solutions including Sagemaker, Redshift, AthenaExperience with Machine learning libraries such as PyTorchHands-on experience with designing, developing and deploying workflows with ML models with feedback loops; Uses Bitbucket workflows and has experience with CI/CDDeep experience in at least two of the following languages: PySpark/Spark, Python, CWorking knowledge of AI/ML algorithms. Large language models (LLMs), Retrieval-augmented generation (RAN), Clustering algorithms (such as K-Means), Binary classifiers (such as XGBoost)High level of self-starter, learning, and initiative behaviors Preferred:Background as a software engineer and experience as a data scientistFeatures Stores

Why Teaching Strategies

At Teaching Strategies, our solutions and services are only as strong as the teams that create them. By bringing passion, dedication, and creativity to your job every day, there's no telling what you can do and where you can go! We provide a competitive compensation and benefits package, flexible work schedules, opportunities to engage with co-workers, access to career advancement and professional development opportunities, and the chance to make a difference in the communities we serve.

Let's open the door to your career at Teaching Strategies!

Some additional benefits & perks while working with Teaching Strategies

Teaching Strategies offers our employees a robust suite of benefits and other perks which include:

Competitive compensation package, including Employee Equity Appreciation ProgramHealth insurance benefits401k with employer match100% remote work environmentUnlimited paid time off (which includes paid holidays and Winter Break)Paid parental leaveTuition assistance and Professional development and growth opportunities100% paid life, short and long term disability insurancePre-tax medical and dependent care flexible spending accounts (FSA)Voluntary life and critical illness insurance

Teaching Strategies, LLC is committed to creating a diverse workplace and is proud to be an equal opportunity employer of Minorities, all Genders, Protected Veterans, and Individuals with Disabilities.",,,"Bethesda, MD",56801,3,,,Full-time,,1.71287E+12,1,https://www.linkedin.com/jobs/view/3891088945/?trk=jobs_biz_prem_srch,https://teachingstrategies.applicantpool.com/jobs/1092261,OffsiteApply,1.71546E+12,,Mid-Senior level,,1.71287E+12,teachingstrategies.applicantpool.com,0,FULL_TIME,,,,20814,24031,,,,,,,,,
3902340711,Randstad Digital,Data Analyst,"Contract/Contract to HireHybrid Work Model - 3 days/on-site per week - Monday - Fri 8a-5p.Coupa experienceFinancial data experienceSomeone who is comfortable working with ambiguity. - This just means that the work environment will require this person to do research to solve problems and not need their hand held.Must currently be located in one of the following areas for hybrid work environment:Chicago, ILSeattle, WAAustin, TXEmeryville & Glendale, CADenver, COAtlanta, GANJMaryland
Responsibilities:Enters data from multiple stakeholders into hosting systems in accordance with establishedschedule and policies.Supports store enquiries related to equipment procurement.Resolves support questions concerning data input, updating and maintenance.Coordinates with vendors to develop and maintain seamless invoicing processes.Onboards new vendors and provides orientation to WFM data requirements.Performs timely remediation of identified account code and budget discrepancies.Works with key stakeholders on training of cost accuracy tools.Performs site maintenance as required.Works closely with team members, suppliers, and partners to understand process-related issuesand develop effective solutions.Mentors less experienced specialists as required.
Skills:Advanced knowledge of Excel and the Microsoft Office suite.Working knowledge of hosting and downstream systems including, but not limited to Coupa,Workday, Procore, and Verisae.Ability to identify and correct moderately complex data integrity issues.Ability to prepare moderately complex data and related reports.Ability to research and solve moderately difficult problems involving data integrity, data reportingand data management systems.Ability to perform business math.Able to effectively present information and respond to questions in on-on-one interaction, meeting/ group participation / presentation situations involving Team Members, store and facilityleadership, regional leadership, and national / global leadership.Models’ excellent customer service skills.Work priorities are set according to pre-determined deadlines.Applies knowledge and experience to organize and complete assignments.Solves problems using well-understood methods and technologies, refers complex or sensitiveissues to higher levels.Works on assignments that are semi-routine or moderately complex in nature, recognizing the needfor occasional deviation from standard practice.Follows standard data and situational analysis practices and procedures.Evaluates and resolves issues using knowledge of what information to collect and where to find it.Understands the WFM organizational structure, associated hierarchy, and approval levels.Understands the types and timing of various departmental deadlines and events.Understands how the specialist role contributes to and facilitates Team Member, team, leader, andbusiness success.
Education & Experience:High school diploma and 2-4 years’ relevant experience.Associate degree, technical college or some college course work preferred.",25,HOURLY,"Atlanta, GA",98396104,1,,21,Contract,,1.71353E+12,,https://www.linkedin.com/jobs/view/3902340711/?trk=jobs_biz_prem_srch,,ComplexOnsiteApply,1.71612E+12,,Associate,,1.71353E+12,,0,CONTRACT,USD,BASE_SALARY,47840,30303,13121,,,,,,,,,
3904406917,Netradyne,AI Engineer - Deep Learning,"At Netradyne, our team is committed to delivering solutions to our customers that advance their market leadership. Our focus is to continuously drive innovation while delivering meaningful actionable data. The Netradyne Driveri® Vision-Based Driver Recognition Safety Program significantly advances the technology category through the application of Artificial Intelligence, Machine Learning, and Edge Computing. The foundations of Driveri® are equally focused on providing comprehensive performance insights, highlighting positive activity, and significantly reducing the resources needed to address risk. Netradyne draws from a diverse team of innovators, technologists, and customer advocates to create an experience where customer success continues to motivate what is next.

Netradyne is committed to building a world-class team of technologists and industry experts to deliver products that improve safety, increase productivity, and optimize collaboration within organizations. With growth exceeding 4x year over year, our solution is quickly being recognized as a significant disruptive technology – that has put ‘legacy’ providers in a “spin” cycle trying to catch up. Our team is growing, and we need forward-thinking, uncompromising, competitive team members to continue to facilitate our growth.

AI Engineer - Deep Learning

We are looking for a highly independent and self-driven Senior Research Engineer who is passionate about pushing the boundaries of deep learning research, to join our fast-growing technology team. This person should be able to work autonomously, think creatively, and explore new ideas and approaches to tackle complex problems in the field. You will have an opportunity to work with very large-scale real-world driving data. Netradyne analyzes over 100 million miles of driving data every month, covering over 1.25 million miles of US roads. This role provides a unique opportunity to work with cutting-edge technology and tackle complex problems in the field of deep learning using vast real-world datasets. The Deep Learning Research Engineer will have the chance to make a significant impact on road safety and advance the field of deep learning research. If you are driven by curiosity and have a passion for innovation, we encourage you to apply.

Responsibilities

Develop and implement deep learning algorithms to extract valuable insights from large-scale real-world vision data.Design and commercialize algorithms characterizing driving behavior.Innovate and develop proof-of-concept solutions showcasing novel capabilities.


Requirements

Ph.D. in Computer Science, Electrical Engineering, or a related field with publications in top conferences (CVPR/NeurIPs/ICML/ICLR).Strong background in deep learning, machine learning, and computer vision.Excellent programming skills – Python.Proficiency in PyTorch or TensorFlow.Experience with training large models with huge datasets.Ability to take abstract product concepts and turn them into reality.Location: San Diego, CA - Hybrid


Desired Skills

Experience with image, video, and time-series data.Experience with road scene understanding (objects, lanes, interactions, signs, etc.).Experience with person/driver scene understanding (pose, distracted, eye status etc.).Experience with Predictive analytics.


Other Essential Abilities and Skills: 

Strong analytical and problem-solving skills.Excellent verbal and written communication skills.Energetic or passionate about AI.Ability to work independently and as part of a team.


Economic Package Includes:

Salary $145,000- $180,000Company Paid Health Care, Dental, and Vision CoverageIncluding Coverage for your partner and dependentsThree Health Care Plan OptionsFSA and HSA OptionsGenerous PTO and Sick Leave401(K) Disability and Life Insurance Benefits$50 phone stipend per pay period

San Diego Pay Range

$145,000—$180,000 USD

We are committed to an inclusive and diverse team. Netradyne is an equal-opportunity employer. We do not discriminate based on race, color, ethnicity, ancestry, national origin, religion, sex, gender, gender identity, gender expression, sexual orientation, age, disability, veteran status, genetic information, marital status, or any legally protected status.

If there is a match between your experiences/skills and the Company's needs, we will contact you directly.

Netradyne is an equal-opportunity employer.

Applicants only - Recruiting agencies do not contact.

California Consumer Privacy Act Notice

This notice applies if you are a resident of California (“California Consumer”) and have provided Personal Information to Netradyne that is subject to the California Consumer Privacy Act (“CCPA”). We typically collect Personal Information in the capacity of a service provider to our clients, who are responsible for providing notice to their employees and contractors and complying with CCPA requirements.

During the past 12 months, we have collected the following categories of Personal Information: (a) identifiers; (b) biometric information (see our Biometric Data Privacy Policy for more information); (c) Internet or other electronic network activity information; (d) geolocation data; (e) Audio, electronic, visual, thermal, olfactory, or similar information; (f) professional or employment-related information (from job applicants and from clients regarding their employees and contractors); and (g) education information (from job applicants). We will not discriminate against any person that exercises any rights under the CCPA.

We have collected this Personal Information for the business purposes and commercial purposes described in this Policy, including to provide the Services to our clients, process job applications, and for marketing and promotion.

The sources of such Personal Information are you, our clients and our service providers. We have shared this information this only with our clients (if you are an employee or contractor of them) or our service providers.

If you are a California Consumer, you have the following rights under the CCPA:

You have the right to request:The categories and specific pieces of your Personal Information that we’ve collected;The categories of sources from which we collected your Personal Information;The business or commercial purposes for which we collected or sold your Personal Information; andThe categories of third parties with which we shared your Personal Information.You can submit a request to us for the following additional information:The categories of third parties to whom we’ve sold Personal Information, and the category or categories of Personal Information sold to each; andThe categories of third parties to whom we’ve disclosed Personal Information, and the category or categories of Personal Information disclosed to each.You can request that we delete the Personal Information we have collected about you, except for situations when that information is necessary for us to: provide you with a product or service that you requested; perform a contract we entered into with you; maintain the functionality or security of our systems; comply with or exercise rights provided by the law; or use the information internally in ways that are compatible with the context in which you provided the information to us, or that are reasonably aligned with your expectations based on your relationship with us.You have the right to request that we not sell your Personal Information. However, we do not offer this opt-out as we do not sell your Personal Information as that term is defined under the CCPA.

You can make a request under the CCPA by e-mailing us at privacy@netradyne.com We may request additional information from you to verify your identify. You may also designate an authorized agent to submit a request on your behalf. To do so, we will require either (1) a valid power of attorney, or (2) signed written permission from you. In the event your authorized agent is relying on signed written permission, we may also need to verify your identity and/or contact you directly to confirm permission to proceed with the request.

As noted above, if your request concerns Personal Information collected in our capacity as a service provider to a client, we are not responsible for responding to the request and may send the request to the client for a response.

Governing law

This Services are provided in the United States, and are located and targeted to persons in the United States and our policies are directed at compliance with those laws. If you are uncertain whether this Policy conflicts with the applicable local privacy laws where you are located, you should not submit your Personal Information to Netradyne.",,,"San Diego, CA",6622341,20,,,Full-time,3,1.71331E+12,,https://www.linkedin.com/jobs/view/3904406917/?trk=jobs_biz_prem_srch,https://www.netradyne.com/company/careers?gh_jid=4410312005&gh_src=a1fb2f4c5us,OffsiteApply,1.716E+12,,Entry level,,1.7134E+12,www.netradyne.com,0,FULL_TIME,,,,92101,6073,,,,,,,,,
3902343179,ATC,Data Analyst-IL,"Job Title: Entry Level Business Analyst / Product Owner U.S. Citizens and those authorized to work in the U.S. are encouraged to apply. We are able to sponsor at this time.We are a US equal employment opportunity employer. Job Description:Entry Level expertise in gathering, analyzing, and documenting business requirements. If you do not have experience as a Business Analyst or Product Owner, you will be put through a training & Internship program.Experience in Requirement Gathering, Agile methodology, writing user stories, and building and planning roadmaps.Experience in preparing functional and detailed system design documentsDemonstrate expertise with SDLC methodologyAbility to communicate effectively across multiple levels of the organization, including with leadership.Demonstrated leadership, initiative, analytical skills, and sound business acumen, including the ability to understand and analyze recommendationsExperience with all phases of testing (i.e., system, integration, user acceptance), including creating use cases, test conditions, and review of output.Must be able to adjust and work effectively in a dynamic, changing environmentOther:Master’s Degree.We sponsor H1B or related work visas for eligible candidates on F1/OPT/CPT.We offer health insurance 100% paid.We follow equal employment opportunity.",,,"Illinois, United States",2736308,4,,,Full-time,2,1.71353E+12,,https://www.linkedin.com/jobs/view/3902343179/?trk=jobs_biz_prem_srch,,SimpleOnsiteApply,1.71612E+12,,Entry level,,1.71353E+12,,0,FULL_TIME,,,,,,,,,,,,,,
3904957834,Coders Data,Data Analyst,"Actively participates in projects in assigned area of responsibility; develops and manages project specific scopes, schedules, and budgets.Coordinates communications with other agency departments, divisions, and outside agencies on behalf of the Chief Engineer and the department.Documents, analyzes, and develops recommendations on how to improve business processes. Participates in the development of readiness and change management activities.Coordinates division budget development and quarterly financial reporting.",,,New York City Metropolitan Area,14508644,10,,,Full-time,3,1.71345E+12,1,https://www.linkedin.com/jobs/view/3904957834/?trk=jobs_biz_prem_srch,,ComplexOnsiteApply,1.71605E+12,,Entry level,,1.71345E+12,,0,FULL_TIME,,,,,,,,,,,,,,
3905213935,Prodware Solutions,100% Remote - Data Scientist - Transformers,"We have a 12+ Months contract opportunity for a Data Scientist (Transformers) with our client in Johnston, IA.
This will be a 100% remote opportunity. 
Must have strong experience with Transformers
Need to be 8+ year's of work experience. 
We need a Data Scientist with demonstrated expertise in training and evaluating transformers such as BERT and its derivatives.
Required: Proficiency with Python, pyTorch, Linux, Docker, Kubernetes, Jupyter. Expertise in Deep Learning, Transformers, Natural Language Processing, Large Language Models
Preferred: Experience with genomics data, molecular genetics. Distributed computing tools like Ray, Dask, Spark",,,"Johnston, IA",2045626,50,,,Contract,11,1.71346E+12,1,https://www.linkedin.com/jobs/view/3905213935/?trk=jobs_biz_prem_srch,,ComplexOnsiteApply,1.71605E+12,,Mid-Senior level,,1.71346E+12,,0,CONTRACT,,,,50131,19153,,,,,,,,,
3885822305,Oshkosh Corporation,"Director, Data Engineering","At Oshkosh, we build, serve and protect people and communities around the world by designing and manufacturing some of the toughest specialty trucks and access equipment. We employ over 17,000 team members all united by a common purpose. Our engineering and product innovation help keep soldiers and firefighters safe, is critical in building and keeping communities clean and helps people do their jobs every day.

The Director of Data Engineering plays a critical role in the enterprise Advanced Analytics organization and is responsible for creating and executing the data strategy as well as leading and mentoring a team of skilled Data Engineers. This team plays a crucial part in managing the data infrastructure, creating data assets and data products across the company, ensuring data quality and governance, while facilitating data-driven decision-making in partnership with analytics, data science team, business leaders and other internal and external stakeholders.

Key responsibilities:

Leadership and Team Management:Lead and manage a geo-distributed teams of data engineers, data architects, and ETL (Extract, Transform, Load) specialists. Provide guidance, mentorship, and professional development opportunities to team members. Foster a collaborative and high-performance work culture within the data engineering team. Take ideas and concepts, and visualize them in ways such that they are communicated effectively and compellingly for internal leaders, partners and customersData Architecture and Infrastructure:Define and implement the data architecture and infrastructure strategy. Oversee the design and development of data pipelines, data warehouses, and data lakes. Ensure scalability, reliability, and performance of data systems. Data Quality and Governance:Establish and enforce data quality standards and data governance practices. Implement data validation and cleansing processes to maintain high-quality data. Ensure compliance with data privacy and security regulations. Data Integration and ETL:Manage the development of ETL processes to extract, transform, and load data from various sources. Integrate data from diverse systems and sources into a centralized repository. Optimize data integration workflows for efficiency and accuracy. Technology Stack Management:Evaluate and select data engineering tools and technologies. Keep up-to-date with industry trends and best practices. Manage relationships with vendors and third-party service providers (Databricks, Microsoft). Data Collaboration:Collaborate with data science and Analytics Leaders, and business stakeholders to understand data requirements. Ensure that data is accessible to those who need it for analysis and reporting. Budget and Resource Management:Develop and manage the data engineering budget. Allocate resources effectively to meet project and organizational goals. 
Experiences necessary for success:

Bachelor’s degree in data science, mathematics, economics, statistics, engineering or information managementDemonstrated experience in Data Management/Reporting/ETL Development tool sets and knowledge and hands-on experience in rolling out to an enterprise organizationDemonstrated experience with various project management methodologies, including Agile methodologies and supporting techniquesExperience and proficiency with various technology packages related to AI/ML and BI domainsExperience building and leading a large team (including managed services – onshore and offshore) in the development and rapid delivery of platform capabilitiesProven track record of recruiting and retaining strong talent. Experience in working with external vendors and developing SOW’s to explore funding opportunities through those partnershipsMust demonstrate an ability to establish relationships and build rapport to influence colleagues at all levels, uncover business or technical issues, and facilitate their resolution. Must be able to present information concisely and clearly to all levels of management, including financial, technical, and executive level audiences. Takes initiative to complete critical tasks in a team setting; effortlessly navigates the inter-departmental structures to achieve success. Challenges the status quo to generate new ideas, is open to challenges, and implements unique solutions; focuses on the best outcome for the companyHas a comprehensive knowledge base in his or her technical field and continually augments the team’s experiences and skills with the latest training, technologies, and techniques. Experience with Cloud data platforms. Azure Cloud experience a strong plus. A history of embracing and incubating emerging technology and open-source productsFlexible and adaptable to changing priorities


Skills and competencies necessary for success:

Strong leadership and team management skillsClarity of thoughtAbility to influenceStrong listening and communication skillsFinancial and business acumenCustomer obsessionExcellent problem-solving and analytical abilitiesKnowledge of data privacy and security regulationsStrong programming skills (Python, Java, Scala)Data engineering tools and technologies (e.g., SQL, data warehouses, ETL tools)Big data technology, pipeline and orchestration (e.g.: Hadoop, Spark, Kafka)


The following qualifications are desired, but not necessarily essential:

Experience working in a portfolio company with multi-business units; preferably a manufacturing company. Experience with Microsoft AzureKnowledge of digital concepts and ways of doing things and successful track record of leveraging them to enable proactive decision making and the use of data to make better and faster decisions. MBA and/or PhD


Oshkosh is committed to working with and offering reasonable accommodations to job applicants with disabilities. If you need assistance or an accommodation due to a disability for any part of the recruitment process, please contact our reception desk by phone at +1 (920) 502.3009 or our talent acquisition team by email corporatetalentacquisition@oshkoshcorp.com.

Oshkosh Corporation is an Equal Opportunity and Affirmative Action Employer. This company will provide equal opportunity to all individuals without regard to race, color, religion, sex, sexual orientation, gender identity, national origin, disability, or veteran status. Information collected regarding categories as provided by law will in no way affect the decision regarding an employment application.

Oshkosh Corporation will not discharge or in any manner discriminate against employees or applicants because they have inquired about, discussed, or disclosed their own pay or the pay of another employee or applicant. However, employees who have access to the compensation information of other employees or applicants as a part of their essential job functions cannot disclose the pay of other employees or applicants to individuals who do not otherwise have access to compensation information, unless the disclosure is (a) in response to a formal complaint or charge, (b) in furtherance of an investigation, proceeding, hearing, or action, including an investigation conducted by the employer, or (c) consistent with Oshkosh Corporation's legal duty to furnish information.

Certain positions with Oshkosh Corporation require access to controlled goods and technologies subject to the International Traffic in Arms Regulations or the Export Administration Regulations. Applicants for these positions may need to be ""U.S. Persons,"" as defined in these regulations. Generally, a ""U.S. Person"" is a U.S. citizen, lawful permanent resident, or an individual who has been admitted as a refugee or granted asylum.",,,"Oshkosh, WI",165353,9,,,Full-time,,1.71237E+12,,https://www.linkedin.com/jobs/view/3885822305/?trk=jobs_biz_prem_srch,https://oshkoshcorporation.wd5.myworkdayjobs.com/en-US/Oshkosh/job/Oshkosh-Wisconsin-United-States/Director--Data-Engineering_R25208,OffsiteApply,1.71496E+12,,Director,,1.71237E+12,oshkoshcorporation.wd5.myworkdayjobs.com,0,FULL_TIME,,,,54901,55139,,,,,,,,,
3903846556,C2FO,Engineering Manager - Data Engineering,"Pollen, Inc. (D/B/A C2FO), seeks an Engineering Manager – Data Engineering for Leawood, KS, with option to telecommute, work from anywhere within the U.S.

More than a mission, C2FO is a movement that is disrupting the financial world and changing the way businesses gain access to the working capital they need to grow. Here, everyone is an employee-owner which means we’re all invested in our work and our team members. We’re a company of team players and self-starters, finding new and innovative ways to get things done. If you’re excited to learn, grow and leave your mark on our fast-growing organization, C2FO may be the place for you.

Headquartered in Kansas City, USA, C2FO has more than 650 employees worldwide, with operations throughout North America, Europe, India, Asia Pacific, and Australia. C2FO is the world’s largest on-demand working capital platform. Our mission is to ensure every business has the capital needed to thrive and we have delivered more than $275 billion in funding to businesses since our founding. How do we do this? By providing fast, flexible and equitable access to low-cost capital through our easy-to-use platform.

We provide technology with a human touch, giving our customers the direct support they need and ensuring our team members have the tools, resources and work environment they need to deliver on our promise to customers. With the C2FO platform, businesses worldwide have more working capital to fuel their growth, create jobs and develop new products.

Responsibilities

The Engineering Manager – Data Engineering is an independent manager of a data engineering team. They are expected to manage team members with different skill sets from their own and communicate expectations clearly to all team members. They will be responsible for technical leadership and mentorship for the engineers who report to them, helping them to improve their technical skills. They are expected to work with stakeholders across C2FO from engineering, product, data science, business intelligence and more to coordinate efforts on projects with wide-reaching impacts on the company. As a technical leader, they must ensure they are tracking the team’s efficiency and quality of deliverables and regularly adjusting processes and timelines to ensure high-quality delivery. In addition to managing data engineers and collaborating with stakeholders across the company, the Data Engineering Manager will also have the final say on technical decisions involving our data warehouse platform. As such, this leader must be highly knowledgeable about the current state of the art in the cloud data warehouse space, including the transition from ETL to ELT, management of cloud data infrastructure, and performance considerations of columnar, MPP data warehouses.

Requirements

Bachelor’s degree in Computer Science or a closely related field.Five years’ progressive experience which must include experience in building and maintaining enterprise-scale ETL (or ELT) pipelines using tools such as SSIS, DBT, or Talend (or similar)Demonstrated knowledge of the following:Data warehousing best practices such as Kimball Methodology or more modern ELT approachesBest practices for maintaining a cloud-based, columnar, MPP database such as Redshift or Snowflake, andSSIS, DBT (Data Build Tool), AWS Redshift (or other MPP data store)

Commitment to Diversity and Inclusion. As an Equal Opportunity Employer, we not only value diversity and equality, but we also empower our team members to bring their authentic selves to work every day. Our goal is to create a workplace that reflects the communities we serve and our global, multicultural clients. We recognize the power of inclusion, emphasizing that each team member was chosen for their unique ability to contribute to the overall success of our mission. 

 

We do not discriminate based on race, religion, color, sex, gender identity, sexual orientation, age, non-disqualifying physical or mental disability, national origin, veteran status or any other basis covered by appropriate law. All employment decisions are based on qualifications, merit, and business needs.

",,,Kansas City Metropolitan Area,1555109,4,,,Full-time,,1.71348E+12,,https://www.linkedin.com/jobs/view/3903846556/?trk=jobs_biz_prem_srch,https://jobs.dayforcehcm.com/en-US/c2fo/CANDIDATEPORTAL/jobs/373?source=LinkedIn,OffsiteApply,1.71607E+12,,Mid-Senior level,,1.71348E+12,jobs.dayforcehcm.com,0,FULL_TIME,,,,,,,,,,,,,,
3899522047,Synechron,Sr. Data Engineer _ NYC,"We are looking for Sr. Data Engineer in New York City, NY.

Roles & Responsibilities:Design and develop robust, scalable software solutions for acquiring, analyzing, and cleansing time series dataEnhance existing systems to improve performance, add functionalities, and integrate new technologies to enable easy access to time series data and metadata for both end users and systemsImplement algorithms for time series analysis, trend detection, and anomaly detection.Lead engineers responsible for daily support and project based development of risk management systems.Lead and mentor junior engineers and team members, fostering an environment of innovation and continuous improvement.Implement best practices in software development, including DevOpsCollaborate with cross-functional teams to align system development with the company's strategic goalsUphold and advocate for high standards in code quality, testing, and maintainability. 
Job Requirements:10+ years of experience in IT with more than 5 years in financial projects (preferably in the area of Market Risk / Trading Domain / Banking Domain)Expertise in Python and C# or Java with automated testingStrong experience in SQL and database programming (preferably MS SQL Server)Good understanding of ETL/ELT and DWH concepts with hands on experience using ETL/ELT tools;Strong testing and troubleshooting skillsExperience with Git, Jira, Confluence, Jenkins, and other DevOps toolsFunctional expertise in time series management including fitting curves and vol surfacesExperience with Databricks Delta lake, Delta live tables, PySpark, and SnowflakeHands-on experience with SSIS & SSRSGood communication and presentation skills 
We can offer you:A highly competitive compensation and benefits packageA multinational organization with 48 offices in 19 countries and the possibility to work abroad.Laptop and a mobile phone10 days of paid annual leave (plus sick leave and national holidays)Maternity & Paternity leave plansA comprehensive insurance plan including: medical, dental, vision, life insurance, and long-/short-term disability (plans vary by region)Retirement savings plansA higher education certification policyCommuter benefits (varies by region)Extensive training opportunities, focused on skills, substantive knowledge, and personal development.On-demand Udemy for Business for all Synechron employees with free access to more than 5000 curated coursesCoaching opportunities with experienced colleagues from our Financial Innovation Labs (FinLabs) and Center of Excellences (CoE) groupsCutting edge projects at the world’s leading tier-one banks, financial institutions and insurance firms.A flat and approachable organizationA truly diverse, fun-loving and global work culture 
SYNECHRON’S DIVERSITY & INCLUSION STATEMENTDiversity & Inclusion are fundamental to our culture, and Synechron is proud to be an equal opportunity workplace and is an affirmative action employer. Our Diversity, Equity, and Inclusion (DEI) initiative ‘Same Difference’ is committed to fostering an inclusive culture – promoting equality, diversity and an environment that is respectful to all. We strongly believe that a diverse workforce helps build stronger, successful businesses as a global company. We encourage applicants from across diverse backgrounds, race, ethnicities, religion, age, marital status, gender, sexual orientations, or disabilities to apply. We empower our global workforce by offering flexible workplace arrangements, mentoring, internal mobility, learning and development programs, and more.All employment decisions at Synechron are based on business needs, job requirements and individual qualifications, without regard to the applicant’s gender, gender identity, sexual orientation, race, ethnicity, disabled or veteran status, or any other characteristic protected by law.",135000,YEARLY,New York City Metropolitan Area,15506,106,,125000,Full-time,57,1.71328E+12,,https://www.linkedin.com/jobs/view/3899522047/?trk=jobs_biz_prem_srch,,ComplexOnsiteApply,1.71587E+12,,Mid-Senior level,,1.71328E+12,,0,FULL_TIME,USD,BASE_SALARY,130000,,,,,,,,,,,
3904978968,Cornerstone Building Brands,Data Analyst,"We are seeking a skilled Data Analyst to join our team. As a Data Analyst, you will play a pivotal role in ensuring the integrity, quality, and usability of our data assets. You will be responsible for collecting, cleansing, and preparing data to create a solid foundation for analysis and decision-making. The ideal candidate will have a strong understanding of data cleansing techniques, proficiency in data manipulation tools, and a passion for transforming raw data into actionable insights. Responsibilities:  Collaborate with cross-functional teams to understand data requirements and objectives. Collect, cleanse, and validate data from various sources to ensure accuracy and consistency. Develop and implement data cleaning processes to identify and resolve errors, duplicates, and inconsistencies in datasets. Create and maintain data dictionaries, documentation, and metadata to facilitate data understanding and usage. Design and execute data transformation and normalization processes to prepare raw data for analysis. Design, standardize, and maintain data hierarchy for business functions within the team. Perform exploratory data analysis to identify trends, patterns, and outliers in the data. Develop and maintain automated data cleansing pipelines to streamline the data preparation process. Provide insights and recommendations to improve data quality, integrity, and usability. Stay updated on emerging trends, best practices, and technologies in data cleansing and data management. QualificationsQualifications: Bachelor’s degree required in computer science, Statistics, Mathematics, or related field. Proven experience (2 years) as a Data Analyst, Data Engineer, or similar role, with a focus on data cleansing and preparation. Competencies: Strong analytical and problem-solving skills with the ability to translate business requirements into technical solutions. Proficiency in Power Query (M Language, DAX) for data transformation and cleansing within Microsoft Excel and Power BI environments. Proficiency in SQL and data manipulation tools (e.g., Python and R). Experience with data visualization tools (e.g., Tableau, Power BI) is a plus. Experience with ERP systems, particularly JDE (JD Edwards), and familiarity with its data structures and modules for sales orders related tables. Experience working with large-scale datasets and data warehousing technologies (e.g., iSeries IBM). Attention to detail and a commitment to data accuracy and quality. Excellent communication and collaboration skills with the ability to work effectively in a team environment. Additional InformationWhy work for Cornerstone Building Brands?The US base salary range for this full-time position is $85,000 to $95,000 + medical, dental, vision benefits starting day 1 + 401k and PTO. Our salary ranges are determined by role, level, and location. Individual pay is determined by work location and additional factors, including job-related skills, experience, and relevant education or training. Your recruiter can share more about the specific salary range for your preferred location during the hiring process. (Full-time is defined as regularly working 30+ hours per week.)Our teams are at the heart of our purpose to positively contribute to the communities where we live, work and play. Full-time* team members receive** medical, dental and vision benefits starting day 1. Other benefits include PTO, paid holidays, FSA, life insurance, LTD, STD, 401k, EAP, discount programs, tuition reimbursement, training, and professional development. You can also join one of our Employee Resource Groups which help support our commitment to providing a diverse and inclusive work environment.*Full-time is defined as regularly working 30+ hours per week. **Union programs may vary depending on the collective bargaining agreement.All your information will be kept confidential according to EEO guidelines",95000,YEARLY,"Kearney, MO",19158808,85,,85000,Full-time,,1.71346E+12,1,https://www.linkedin.com/jobs/view/3904978968/?trk=jobs_biz_prem_srch,https://jobs.smartrecruiters.com/CornerstoneBuildingBrands1/3743990004114397-data-analyst,ComplexOnsiteApply,1.71605E+12,1.71346E+12,Associate,,1.71346E+12,,0,FULL_TIME,USD,BASE_SALARY,90000,64060,29047,,,,,,,,,
3902840602,Brighton Jones,Data Engineer,"Are you ready to make a positive impact on clients, colleagues, and the global community? Do you value commitment, curiosity, continuous growth, compassion, community, and collaboration?

Join us at Brighton Jones; our purpose is to make the world a better place through our clients living richer lives. We are the largest RIA in the Pacific Northwest, headquartered in Seattle, with offices nationwide. From the very start, we have been an award-winning organization, from countless Best Places to Work awards — including Seattle Business Magazine's Best Companies to Work for 15 years in a row — to national and regional Community Impact awards, we pride ourselves in our culture and giving back to our community. We are industry leaders and pioneers in financial wellbeing with a focus on helping our clients align their wealth, passions, and purpose so they can pursue a happier, healthier, and more fulfilling life.

Our team-based, client-centric approach has fueled our growth over the last 20+ years, and we’re now 250 teammates strong and growing, serving more than 4,000 clients, and advising on over $19 billion+ in assets. Every teammate has a path to ownership in the firm. We're looking for driven individuals who bring a ""How can I help?"" attitude to their work and are passionate about contributing to and celebrating the success of both clients and colleagues. Join our #OneTeam and be part of an industry leader committed to creating an incredible culture where every teammate can thrive.

Position Overview: We are looking for a Data Engineer with 2-5 years of experience who possesses a strong technical skill set, particularly in working with Salesforce and Marketo datasets. The ideal candidate will be proficient in data integration tools like Fivetran/Mulesoft, cloud-based data platforms such as Snowflake, and have experience with AWS services. This individual will play a key role in designing and optimizing databases, performing data analysis and validation, and supporting various data-related initiatives across the organization.

Take our Values in Action Self-Assessment to see how our values align!

Your Role:

Design, develop, and maintain data pipelines to ingest, transform, and load datasets (e.g. Salesforce, Marketo) into our data warehouse.Work closely with cross-functional teams to gather requirements, define data models, and implement solutions that meet business needs.Collaborate with Business Intelligence analyst and business stakeholders to understand data requirements and translate them into technical specifications.Perform basic data analysis to identify trends, patterns, and anomalies, and provide insights to support decision-making processes.Conduct data validation and ensure data accuracy, completeness, and integrity through quality assurance checks and validation processes.Optimize database performance and scalability by fine-tuning queries, indexing strategies, and schema design.Monitor and troubleshoot data pipeline issues, resolve data integration errors, and ensure data pipelines are running smoothly.Stay current with emerging technologies, best practices, and trends in data engineering and cloud computing.


Your Experience:

Bachelor's degree in Computer Science, Information Technology, or a related field.2-5 years of experience as a data engineer or in a similar role, preferably in a fast-paced environment.Hands-on experience working with Salesforce and Marketo datasets.Proficiency in data integration tools like Fivetran/Mulesoft and cloud-based data platforms such as Snowflake.Familiarity with AWS services, such as S3, Redshift, Glue, and Athena.Strong database and schema design skills, with knowledge of relational and non-relational databases.Strong attention to detail and a commitment to data quality and integrity.Effective communication skills with the ability to collaborate with cross-functional teams and communicate technical concepts to non-technical stakeholders.This role is an in-office, full-time, and exempt position. We are a work from office culture with lots of flexibility.


Compensation:

Pay: $110,000 - $140,000 per yearBenefits: Our benefits package includes, but is not limited to, health care benefits (medical/dental/vision), retirement benefits, paid time off (PTO), holiday flex-days, summer flex-days, company-paid holidays, parental leave, transportation benefits, unlimited volunteer time off, professional, and personal wellbeing stipend, and other fringe benefits. Everyone in the organization has a clear path to ownership.


Our Company

Our #OneTeam feels a sense of connection, pride, and ownership with our mission, vision, values, and objectives. We are committed to building a business where 100% of our team members genuinely love where they work and are supported by their colleagues. We do this through building authentic relationships with one another, supporting each other to continuously learn and grow, working hard while having lots of fun, and giving back to our community.

We are a team founded on equity and respect, and we’re on a mission to help our clients, teammates, and global community thrive. Brighton Jones is committed to building a team comprised of diverse backgrounds, ideas, and experiences. We actively foster a compassionate and inclusive culture, one in which all members of the greater Brighton Jones family feel safe to express their unique identities and empowered to reach their full potential.

To the right individual, we offer very competitive compensation, benefits package, and rewarding career opportunities. If you’ve been reading this job description thinking to yourself, this is the place for me, include in your cover letter why you’re excited to join our growing #OneTeam and be sure to describe how the opportunity aligns with your career objectives.

Brighton Jones provides equal employment opportunities (EEO) to all employees and applicants for employment without regard to race, color, religion, gender, sexual orientation, gender identity or expression, national origin, age, genetic information, disability, veteran status, or caste. In addition to federal law requirements, Brighton Jones complies with applicable state and local laws governing nondiscrimination in employment in every location in which the company has offices. This policy applies to all terms and conditions of employment, including recruiting, hiring, placement, promotion, termination, layoff, recall, transfer, leaves of absence, compensation and training.

What To Expect In The Hiring Process

 Values in Action Self-Assessment - at Brighton Jones we don’t just talk about our values, we live by them! We’ve operationalized our values into behaviors and part of the application process includes completing a brief self-assessment on our Values in Action. Initial Interview - this 30-min chat with a recruiter or hiring manager gives us a chance to learn about your background and goals and share more about the role and company. Role Alignment - next you’ll meet with the hiring manager and a peer (virtual or in-person) to dive deeper into the role, responsibilities, and your transferrable experiences. Full Loop - you’ll meet the team in two, back-to-back interviews with team members you’re likely to work with. During these conversations, we’ll be listening for examples of your technical skills as well as how core values show up in your experience. There may also be a writing sample, role play, hiring, or technical assessment depending on the position. Personal Reference Calls - in this final step in the hiring process, you will be asked to arrange 1-2 personal reference calls with past managers of our choosing. What’s Next - interviewing is time consuming and stressful, and we appreciate you taking the time to get to know us. Whatever the final decision, we’ll let you know our decision as quickly as we can. If this role isn’t a good fit, we invite you to stay connected and apply again.",140000,YEARLY,"Seattle, WA",79634,7,,110000,Full-time,1,1.71356E+12,,https://www.linkedin.com/jobs/view/3902840602/?trk=jobs_biz_prem_srch,https://jobs.lever.co/brightonjones/985ec3c4-2d6a-43ae-b725-f701ba5714d3/apply,OffsiteApply,1.71615E+12,,Entry level,,1.71356E+12,jobs.lever.co,0,FULL_TIME,USD,BASE_SALARY,125000,98101,53033,,,,,,,,,
3903801406,PDSSOFT INC.,Business Analyst,"Business Analyst
Location: Denver,CO
Duration: 12 Months
Job Description:This position is responsible for analyzing the most complex business operations and recommending solutions to align individual business functions with organizatio goals. This position is considered a subject matter expert in financial and business analysisWork with business stakeholders and financial planners, analyze funding requirements and recommend solutions to achieve financial objectiveUnderstand the structure, funding, policies, and operations of an organization, and recommend solutions to improve general business process planning.Create operating expense and capital forecasts based on operating plans.Serve as consultant to management to provide decision support for initiatives, policies and procedures. Compile, analyze, interpret, and present complex data related to current and future operation.Create reports, charts, graphs and presentations to aid in proposing new strategies for successful business changes.Develop project burn reporting for Agency clients based on proposal estimates identifying phases and elements, personnel requirements, andPrepares variance explanations.Analyze multiple data sources to assess trends and develop actionable insights and recommendations to management, via understanding of ch business model and the information available for analysis.",,,"Denver, CO",33146581,1,,,Contract,,1.71347E+12,,https://www.linkedin.com/jobs/view/3903801406/?trk=jobs_biz_prem_srch,,ComplexOnsiteApply,1.71606E+12,,,,1.71347E+12,,0,CONTRACT,,,,80202,8031,,,,,,,,,
3901962508,Vertiv,Business Analyst,"Job Description

Vertiv is looking for a Business Analyst in Anderson, SC to support our Configure One (C1) tool. This person will work with internal resources & collaborate with other functional teams to implement new products in C1, this includes product logic, attributes & inputs needed to create accurate configurations, quotes and all relevant information related to the product, perform constant maintenance on the product, including cost & price data provided by the Global Offering manager. Performs customer support and troubleshooting assistance for end-users. Prospective candidates must be able to document implementation data & troubleshooting in a clear and concise manner. The candidate must possess excellent customer service and communication skills and have the technical aptitude to master a complex, web-based software application. Experience with web development and/or scripting languages (HTML, JavaScript) would prove very beneficial.

This position requires strong collaboration across the Busbar LOB, including Americas, EMEA and APAC regions, where the busbar product lines need C1 implementation. This will require an understanding of the local product requirements, offering and attributes (cost, price, currency, etc.)

Responsibilities

 Implement new product lines into C1 according to offering manager/engineer specifications.  Maintain all the information up to date for all configurations, including and not limited to cost & Price data.  Create all the necessary outputs related to the product, including quotes, tech submittals, BOM, Drawings.  Provide user training and troubleshooting support to C1 users.  Coordinate and support Go Live events for new products in C1.  Product Maintenance in C1 that may include new versions, improvements, or data updates.  Write operational documentation as well as research, design, write, and test plans. 

Qualifications

 Bachelor’s Degree Preferred  5+ Years of experience maintaining ERP Systems  Experience with HTML, Javascript, ERP, CPQ, and CRM systems. C1 Preferred.  Strong working knowledge of Microsoft Office including MS Access, Excel, Outlook, Word 

PHYSICAL & ENVIRONMENTAL DEMANDS

 No special physical demands 

Time Travel Required

 10% 

The successful candidate will embrace Vertiv’s Core Principals & Behaviors to help execute our Strategic Priorities. 

OUR CORE PRINCIPALS: Safety. Integrity. Respect. Teamwork. Diversity & Inclusion.

OUR STRATEGIC PRIORITIES

 Customer Focus  Operational Excellence  High-Performance Culture  Innovation  Financial Strength 

OUR BEHAVIORS

 Own It  Act With Urgency  Foster a Customer-First Mindset  Think Big and Execute  Lead by Example  Drive Continuous Improvement  Learn and Seek Out Development 

At Vertiv, we offer the stability of a global leader in a growing industry and the opportunity of a startup. We design, manufacture and service the mission-critical infrastructure technologies for vital applications in data centers, communication networks and commercial and industrial environments. With 27,000 people and more than $5.5 billion in sales, a strong customer base and global reach in nearly 70 countries, our move to establish a standalone business enables us to deliver greater value to our customers and create new opportunities for our people.

Vertiv is an Equal Opportunity/Affirmative Action employer. We promote equal opportunities for all with respect to hiring, terms of employment, mobility, training, compensation, and occupational health, without discrimination as to age, race, color, religion, creed, sex, pregnancy status (including childbirth, breastfeeding, or related medical conditions), marital status, sexual orientation, gender identity / expression (including transgender status or sexual stereotypes), genetic information, citizenship status, national origin, protected veteran status, political affiliation, or disability. If you have a disability and are having difficulty accessing or using this website to apply for a position, you can request help by sending an email to  help.join@vertivco.com . If you are interested in applying or learning more about this role, please visit the company’s career page located on Vertiv.com/Careers

Work Authorization

No calls or agencies please. Vertiv will only employ those who are legally authorized to work in the United States. This is not a position for which sponsorship will be provided. Individuals with temporary visas such as E, F-1, H-1, H-2, L, B, J, or TN or who need sponsorship for work authorization now or in the future, are not eligible for hire.",,,"Anderson, SC",10699418,14,,,Full-time,,1.7134E+12,,https://www.linkedin.com/jobs/view/3901962508/?trk=jobs_biz_prem_srch,https://egup.fa.us2.oraclecloud.com/hcmUI/CandidateExperience/en/job/20242281/?utm_medium=jobshare,OffsiteApply,1.71607E+12,,Mid-Senior level,,1.71348E+12,egup.fa.us2.oraclecloud.com,0,FULL_TIME,,,,29621,45007,,,,,,,,,
3902754992,Michael Page,IT Business Analyst,"We seek an IT BA with expertise in broker dealer concepts & proficiency in ibroker dealer systems, such as Broadridge Impact and/or Bloomberg. This role involves overseeing the creation and approval of core project documentation including business requirements, functional requirements, technical specifications, user acceptance testing.Client DetailsA Wealth Management Firm known for its extensive range of financial products and services, including asset management, risk management, and advisory services.DescriptionStay updated on regulatory requirements such as TRACE and FR2004 reporting.Evaluate broker-dealer's capabilities, systems (Broadridge Impact/Bloomberg), and processes to identify gaps for onboarding requirements.Create a detailed onboarding plan and timeline for new market participants, outlining necessary steps and milestones.Coordinate with regulatory bodies to understand application processes, reporting requirements, and ongoing obligations.Assist in gathering information and submitting documentation required for broker-dealer's onboarding process. It is imperative that this candidate have experience in the broker dealer space, utilizing Broadridge Impact or Bloomberg.ProfileAt least 5 years of experience in a similar business analyst or market operations role, ideally within a broker-dealer or financial institution.A comprehensive understanding of financial markets, regulatory requirements, and onboarding processes.Proven track record in successfully onboarding and supporting new market participants.Strong analytical and problem-solving abilities, capable of interpreting complex data and extracting meaningful insights.Outstanding communication and stakeholder management skills, able to effectively convey technical information to non-technical audiences.Proficiency in data analysis tools such as Excel, SQL, and business intelligence software.Prior experience in process improvement initiatives and project management.


 
It is imperative that this candidate have experience in the broker dealer space, utilizing Broadridge Impact or Bloomberg.
 

 








 
 


 

 








 
 


Job OfferThis position offers great pay and benefits! Apply today using the link and your resume will be reviewed within 24 hours!  
MPI does not discriminate on the basis of race, color, religion, sex, sexual orientation, gender identity or expression, national origin, age, disability, veteran status, marital status, or based on an individual's status in any group or class protected by applicable federal, state or local law. MPI encourages applications from minorities, women, the disabled, protected veterans and all other qualified applicants.",90,HOURLY,"New York, NY",3476,54,,80,Full-time,10,1.71339E+12,,https://www.linkedin.com/jobs/view/3902754992/?trk=jobs_biz_prem_srch,https://www.aplitrak.com/?adid=bGF1cmVuYW5uZXR0YS40MzAxMy4xNTUwQHBhZ2V1c2EuYXBsaXRyYWsuY29t,OffsiteApply,1.7146E+12,,Mid-Senior level,,1.71339E+12,www.aplitrak.com,0,FULL_TIME,USD,BASE_SALARY,176800,10001,36061,,,,,,,,,
3903813458,AspiringIT,PeopleSoft FSCM - Business Analyst,"Job DescriptionUnderstands business objectives and problems, identifies alternative solutions, performs studies and cost/benefit analysis of alternatives. Analyzes user requirements, procedures, and problems to automate processing or to improve existing computer system: Confers with personnel of organizational units involved to analyze current operational procedures, identify problems, and learn specific input and output requirements, such as forms of data input, how data is to be; summarized, and formats for reports. Writes detailed description of user needs, program functions, and steps required to develop or modify computer program. Reviews computer system capabilities, specifications, and scheduling limitations to determine if requested program or program change is possible within existing system.
Additional job details and special considerationsTexas Health and Human Services Commission requires the services of a PeopleSoft Financials Business Analyst. This PeopleSoft FSCM 9.2 business analyst role is ideal for a candidate with a strong business analyst background and deep understanding of business processes. Prior experience in a techno-functional role is not required, and a focus on business acumen is preferred. The Business Analyst will be part of a dedicated CAPPS Financials upgrade project team.The Business Analyst must have a solid understanding of both the PeopleSoft General Ledger and Commitment Accounting modules and fund accounting in government. In addition, they must be able to serve as a backup on one or more of the Accounts Payable, Purchasing, or Asset Management modules.The core duties include requirement analysis, conducting review meetings with subject matter experts (SMEs), documenting complex system requirements, processes, test scenarios, test scripts, and training, performing hands-on testing, and supporting multiple test cycles.Must demonstrate and excel in communicating and working with a diverse team with collaboration tools competently in a remote work environment. Also, must be able to estimate work, set deadlines, and communicate effectively.
Required Skills:Experience as a Business Analyst on PeopleSoft Financials and Supply Chain Management (FSCM) on implementation or upgrade projects.Experience as a Business Analyst with PeopleSoft FSCM 9.2 General Ledger and Commitment Accounting.Experience as a Business Analyst in identifying requirements and creating formal functional documents for key business stakeholders and SMEs.Experience as a Business Analyst in conducting formal work sessions and functional analysis presentations.Experience in performing hands-on end-to-end system integration and external interface testing.(at least 4) Experience with Microsoft O365 applications (Word, Excel, PowerPoint, Visio)(at least 2) Experience with MS Team and Channel communication with a large team(at least 2) Experience with MS Team and Channel communication with a large teamExperience working with the Comptroller of Public Accounts (CPA) CAPPS FinancialsExperience with PeopleSoft FSCM 9.2 eProcurement, Strategic Sourcing, Supplier ContractsExperience with PeopleSoft Approval Workflow Engine (AWE)Experience with SharePointExperience with JiraExperience working with the Scrum framework.Experience with STAT
",,,"Austin, TX",89780395,8,,,Contract,,1.71347E+12,1,https://www.linkedin.com/jobs/view/3903813458/?trk=jobs_biz_prem_srch,,ComplexOnsiteApply,1.71606E+12,,,,1.71347E+12,,0,CONTRACT,,,,78701,48453,,,,,,,,,
3889417419,Talentify.io,Data Analyst - Remote,"Employer Industry: Healthcare Services

Why Consider This Job Opportunity

 Salary up to $137,800 annually Opportunity for career advancement and growth within the organization Work remotely from anywhere within the U.S. Comprehensive benefits package, incentive and recognition programs, equity stock purchase, and 401k contribution Clear direction on what it takes to succeed in your role and development for other roles

What To Expect (Job Responsibilities)

 Build analytical tools and lead process automation opportunities through various programming languages such as SQL and R Provide consulting services to external clients to understand and improve pharmacy benefit insights Use medical and pharmacy claims data to identify and solve a range of problems within the pharmacy benefit Query from relational databases and summarize information in a meaningful way Prioritize and organize work to meet client deadlines

What Is Required (Qualifications)

 3+ years of analytical experience 3+ years of statistical software experience with SAS, SQL, and R 1+ years of pharmacy claims & enrollment data experience

How To Stand Out (Preferred Qualifications)

 Experience with data visualization tools such as Tableau or Power BI Healthcare informatics and/or medical claims experience Ability to communicate and present data to stakeholders Intermediate level Microsoft Office Suite knowledge (Word, Excel, Outlook)

#HealthcareServices #CareerOpportunity #CompetitivePay #RemoteWork #ProfessionalGrowth

At Talentify, we prioritize candidate privacy and champion equal-opportunity employment. Central to our mission is our partnership with companies that share this commitment. We aim to foster a fair, transparent, and secure hiring environment for all. If you encounter any employer not adhering to these principles, please bring it to our attention immediately.

Talentify is not the EOR (Employer of Record) for this position. Our role in this specific opportunity is to connect outstanding candidates with a top-tier employer.

Talentify helps candidates around the world to discover and stay focused on the jobs they want until they can complete a full application in the hiring company career page/ATS.",,YEARLY,United States,2204084,6,137800,,Full-time,,1.71262E+12,1,https://www.linkedin.com/jobs/view/3889417419/?trk=jobs_biz_prem_srch,https://tfy.io/jo/q4xjz2r?utm_campaign=booc-linkedin&tdd=dDEsaDEsamxkbnZwLHI0LGVwcm82NjE0ZjU4NjZkMzFhMTE3MjI4NTgy&utm_medium=Xml&personalized=true&utm_source=linkedin,OffsiteApply,1.71525E+12,,Entry level,,1.71265E+12,tfy.io,0,FULL_TIME,USD,BASE_SALARY,137800,,,,,,,,,,,
3887885935,NetApp,ServiceNow Technical Business Systems Analyst,"About NetApp

We’re forward-thinking technology people with heart. We make our own rules, drive our own opportunities, and try to approach every challenge with fresh eyes. Of course, we can’t do it alone. We know when to ask for help, collaborate with others, and partner with smart people. We embrace diversity and openness because it’s in our DNA. We push limits and reward great ideas. What is your great idea?

""At NetApp, we fully embrace and advance a diverse, inclusive global workforce with a culture of belonging that leverages the backgrounds and perspectives of all employees, customers, partners, and communities to foster a higher performing organization."" -George Kurian, CEO

Job Summary

NetApp Business Systems Analysts work as part of a team that supports and enhances NetApp’s world-wide business processes and systems. You will utilize your strong technical competencies and functional ServiceNow platform expertise to identify, evaluate and develop systems and procedures that meet business user requirements. To do this successfully you will work closely with cross-function teams to understand business needs, and IT development to provide automated solutions. An ability to understand business process issues and communicate technical solutions to the internal client is essential to your success in this role. Project management skills and a customer service orientation is key.

Essential Functions:

Business Systems Analysts focus primary on the IT Operations Management, IT Asset Management, Enterprise DevOps, Infrastructure as a Service (IaaS), Software Asset Management and Hardware Asset Management business processes and systems. This role is a techno-functional hands-on role that requires a full end to end delivery and ownership. Specific areas of responsibility of the Business Systems Analysts teams include:

Business Functional Knowledge:

Collaborate with business users to define processes that meet business needs.Ensure processes are scalable and flexible to meet future business need.Design processes that can be implemented with minimal disruption to supporting systems, and that are cost effective.Anticipate the needs of stakeholders affected by process change.Ensure that proposed changes represent the best overall fit for the organization.


Business Requirements Definition and Technical Team Coordination:

Develop and define IT requirements to support process and system changes.Lead the functional and technical design sessions to identify gaps and opportunities.Create detailed functional design documents for conversions, interfaces, and reports.Coordinate with IT development teams to manage the development process and resolve issues.Prepare and execute testing plans to ensure high quality results.


Support and Technical Sustaining Operations:

Monitor implemented systems and processes to ensure high performance.Manage support requests to ensure timely and thorough resolution of issues.Engage with vendor service support groups to bring resolution to system performance or other processing issues.Serve as a resource to superusers for education on technical system functionality.


Project Management:

Develop implementation and project plans.Monitor and drive resolution of issues.Document and communicate status updates to team members and Management.Estimate resource requirement and determine IT impacted groups. Develop project roadmap with the key stakeholders. Manage stakeholders’ expectations and relationships.


Job Requirements

Strong oral and written communication skills; including process documentation.Strong analytical, problem-solving, negotiation, task and project management, and organizational skills.Strong working knowledge of the ServiceNow platform, tools, processes, with heavy focus on IT Operations Management, IT Asset Management, Hardware Asset Management, Software Asset Management, CMDB and Enterprise DevOps, IaaS, . Experience working with IT development staff on complex projects.Strong understanding of engineering principles and practices.Strong analysis, project management, and reporting capabilities.Strong technical background with advanced personal computer skills including: MicroSoft Project, Visio, Word, and Access.Ability to work collaboratively within a team environment of other business systems analysts, cross functional peers, and highly technical resources to drive projects successfully. Ability to evaluate, define and prioritize projects.Ability to handle multiple tasks concurrently.


Education

A minimum of 5 years of experience is required; 6 to 8 years of experience is preferred.A Bachelor of Arts or Science Degree required; Information Technology, or related technical field is desirable. ServiceNow Certified in both SAM and HAMDemonstrated ability to have completed multiple, moderately complex technical tasks. A proven hands-on experience in ServiceNow, CMDB, Discovery, DevOps, IaaS, and Cloud implementations.A strong project management background. 


Equal Opportunity Employer:

NetApp is firmly committed to Equal Employment Opportunity (EEO) and to compliance with all federal, state and local laws that prohibit employment discrimination based on age, race, color, gender, sexual orientation, gender identity, national origin, religion, disability or genetic information, pregnancy, protected veteran status, and any other protected classification.

USA and Canada Residents Only:

The base salary hiring wage range for this position which the Company reasonably and in good faith expects to pay for the position in the specified geographic areas or locations, is $103,320 - $145,200 . Final compensation will be dependent on various factors relevant to the position and candidate such as geographical location, candidate qualifications, certifications, relevant job-related work experience, education, skillset and other relevant business and organizational factors, consistent with applicable law. In addition, the position may include some of the following comprehensive benefits such Medical, Dental, Vision, Life, 401(K), Paid Time off (PTO), sick time, leave of absence as per the FMLA and other relevant leave laws, Company bonus/commission, employee stock purchase plan, and/or restricted stocks (RSU’s).",,,"Triangle, NC",2105,12,,,Full-time,2,1.71237E+12,,https://www.linkedin.com/jobs/view/3887885935/?trk=jobs_biz_prem_srch,https://dsp.prng.co/Y8WmFSb?jobPipeline=LinkedInJobPostings&target=linkedin&utm_source=linkedin,OffsiteApply,1.71497E+12,,Mid-Senior level,,1.71237E+12,dsp.prng.co,0,FULL_TIME,,,,,,,,,,,,,,
3894946919,McKesson,Senior Director – Enterprise Data Engineering,"McKesson is an impact-driven, Fortune 10 company that touches virtually every aspect of healthcare. We are known for delivering insights, products, and services that make quality care more accessible and affordable. Here, we focus on the health, happiness, and well-being of you and those we serve – we care. What you do at McKesson matters. We foster a culture where you can grow, make an impact, and are empowered to bring new ideas. Together, we thrive as we shape the future of health for patients, our communities, and our people. If you want to be part of tomorrow’s health today, we want to hear from you.

Every single McKesson employee contributes to our mission—by joining McKesson you act as a catalyst in a chain of events that helps millions of people all over the globe. Talented, compassionate people are the future of our company—and of healthcare. At McKesson, you’ll collaborate on the products and solutions that help us carry out our mission to improve lives and advance healthcare. Working here is your opportunity to shape an industry that’s vital to us all.

Wherever you contribute here at McKesson, you will have the ability to make a real impact in the lives of others.

Position Summary:

We are seeking a passionate and results-oriented senior leader to join our team to build data foundations and tools to craft the future. The candidate will spearhead our Data engineering service offerings under Data, Analytics, and AI Enterprise Services department. The candidate should possess substantial technical expertise in constructing data engineering and analytics platforms from scratch, both in cloud and on-premises environments.

This individual should be well-versed in modern practices related to Data, Cloud, Advanced Analytics, and Data Engineering. The candidate will design and implement scalable, extensible, and highly available data pipelines on large volume data sets, that will enable actionable insights, strategy and ML workloads across enterprise. The ideal candidate will have a track record of successfully implementing and managing large-scale global initiatives, as well as leading global teams. Additionally, they should be adept at driving technology imperatives such as Standardization, Cost Optimization, and Strategic Alignment.

Responsibilities:

Enterprise Data Engineering Delivery:

Oversee the design, development, and management of scalable and reliable data engineering solutions that support data products deployment for use in advanced analytics, data science, and AI initiatives. Ensure platforms are capable of handling complex data workflows and high-volume data processing. Guide the technical vision and strategy for an accurate, scalable, usable, and reliable data platform and infrastructure.

Service Leadership:

Manage a team of service leads, fostering a culture of collaboration, innovation, and excellence aligned to McKesson’s ICARE and ILEAD values. Provide mentorship and guidance to team members to ensure professional development and growth. Hire and retain top data engineering talent, set performance expectations, conduct regular assessments, and foster a collaborative and innovative work environment.

Strategic Leadership in Data Engineering:

Contribute to development of comprehensive enterprise data strategy that aligns with McKesson’s business objectives, emphasizing the strategic use of data as a key asset in driving business outcomes. Lead engineering practices and standards workstream.

Innovation in Data Technologies and Practices:

Lead the adoption of cutting-edge data technologies and methodologies to enhance data accessibility, quality, and insights. This also involves selecting appropriate technologies, tools, and platforms to ensure efficient data flow, data integration, and data governance. Lead PoC studies to bring and operationalize new features and capabilities.

Cross-Functional Collaboration and Integration:

Foster strong collaboration with business units, IT, and analytics teams to ensure data engineering practices meet evolving business needs. Develop and delivery data solutions backed by strong cross functional collaboration.

Governance, Compliance, and Data Security:

Implement engineering solutions to support robust data governance policies and practices to ensure data quality, compliance with global data protection regulations (e.g., GDPR, CCPA), and the security of sensitive and proprietary information. Ensure quality of enterprise data assets is maintained and enhanced by implementation of modern, automated processes.

Vendor and Stakeholder Management:

Manage relationships with technology vendors and partners to ensure the company has access to the best tools and services.

Minimum Requirements

Typically requires 13+ years of professional experience and 6+ years of diversified leadership, planning, communication, organization, and people motivation skills (or equivalent experience).

Critical Skills

12+ years of experience in a technology role; proven experience in a leadership role, preferably in a large, complex organization.8+ years Data Engineering, Emerging Technology, and Platform Design experience4+ years Leading large data / technical teams – Data Engineering, Solution Architects, and Business Intelligence Engineers, encouraging a culture of innovation, collaboration, and continuous improvement.Hands-on experience building and delivering Enterprise Data SolutionsExtensive market knowledge and experience with cutting edge Data, Analytics, Data Science, ML and AI technologiesExtensive professional experience with ETL, BI & Data AnalyticsExtensive professional experience with Big Data systems, data pipelines and data processingDeep expertise in Data Architecture, Data Modeling, and task estimations.Familiarity with data privacy standards, methodologies, and best practicesPractical hands-on experience with data technologies and Cloud Platform like Hadoop, Hive, Redshift, Big Query, Snowflake, Databricks, GCP and Azure.Expertise in Python, Unix Shell scripting and Dependency driven job schedulers.Expertise in Data visualization tools such as Power BI, Tableau and Looker is a plusAbility to understand API Specs, identify relevant API calls, extract data and implement data pipelines & SQL friendly data structures.


Additional Skills

Deep understanding of modern data technologies, data architecture principles, and AI/machine learning applications.Excellent communication and interpersonal skills, with the ability to engage and influence with technical teams, business leaders, and external partners.Strategic thinker with a strong analytical mindset and problem-solving abilities.Proven track record of overseeing a portfolio of multiple projects and experience leading large scale global transformation program at a company with global footprint.Strong change manager. Comfortable with change, especially that which arises through transformation. Able to lead a team effectively through times of change.Extensive experience with data engineering technologies, business intelligence tools, designing, reporting and delivering analytic solutions, data management and warehousing, and the strategic use of informationPositive and flexible attitude to enable adjusting to different needs in an ever-changing environmentExperience with data in the drug supply chain and commercial domain within healthcare, pharma is a plusStrong leadership, organizational and interpersonal skills; comfortable managing trade-offsAbility to lead others without direct authorityHighly influential and ability to educate stakeholders on the role of data and its purpose in the businessTeams up and collaborates for speed, agility, delivery excellence and innovationStrong negotiation and decision-making skills


Education:

Bachelor’s or master’s degree in computer science, Data Science, Information Technology, or a related field OR equivalent experience


Work Environment/Physical Demands:

General Office Requirements.

At McKesson, we care about the well-being of the patients and communities we serve, and that starts with caring for our people. That’s why we have a Total Rewards package that includes comprehensive benefits to support physical, mental, and financial well-being. Our Total Rewards offerings serve the different needs of our diverse employee population and ensure they are the healthiest versions of themselves. For more information regarding benefits at McKesson, please click here.

As part of Total Rewards, we are proud to offer a competitive compensation package at McKesson. This is determined by several factors, including performance, experience and skills, equity, regular job market evaluations, and geographical markets. In addition to base pay, other compensation, such as an annual bonus or long-term incentive opportunities may be offered.

Our Base Pay Range for this position

$191,200 - $318,600

McKesson is an Equal Opportunity/Affirmative Action employer. 

All qualified applicants will receive consideration for employment without regard to race, color, religion, creed, sex, sexual orientation, gender identity, national origin, disability, or protected Veteran status.Qualified applicants will not be disqualified from consideration for employment based upon criminal history.

McKesson is committed to being an Equal Employment Opportunity Employer and offers opportunities to all job seekers including job seekers with disabilities. If you need a reasonable accommodation to assist with your job search or application for employment, please contact us by sending an email to Disability_Accommodation@McKesson.com. Resumes or CVs submitted to this email box will not be accepted.

Current employees must apply through the internal career site.

Join us at McKesson!",318600,YEARLY,"Illinois, United States",1900,3,,191200,Full-time,,1.71286E+12,,https://www.linkedin.com/jobs/view/3894946919/?trk=jobs_biz_prem_srch,https://careers.mckesson.com/en/job/-/-/733/63792733536,OffsiteApply,1.71545E+12,,Director,,1.71286E+12,careers.mckesson.com,0,FULL_TIME,USD,BASE_SALARY,254900,,,,,,,,,,,
3903462753,ITW,Business Analyst - Finance & Purchasing,"Company Description

ITW (Illinois Tool Works Inc.) is a Fortune 200 company and is one of the world’s leading diversified manufacturers of specialized industrial equipment, automotive components, consumables, and related service businesses. ITW businesses serve local customers and markets around the globe, with operations in 55 countries and an employee base of more than 46,000 women and men who adhere to the highest ethical standards. These talented individuals, many of whom have specialized engineering or scientific expertise, contribute to our global leadership in innovation. We are proud of our broad portfolio of more than 17,000 granted and pending patents.

ITW Residential and Renovation Construction provides Industry leading, premium branded, cordless nailing systems and fastening solutions, that deliver superior productivity and reliability to meet the needs of professional remodelers and residential framers, with a widely available product portfolio at their preferred retail or dealer outlets The 80 focus for the division is aggressive market growth while sustaining profitability.

ITW offers its employees a path for advancement, a competitive salary, and a comprehensive benefits package designed to help employees care for themselves, their families, and their futures.

Job Description

The Business Analyst is an innovative strategy leader with a strong understanding of procurement and finance functional areas in a manufacturing environment; with the ability to apply that knowledge to implement solutions to accommodate business requirements in a manufacturing environment.

We are looking for a motivated team member with excellent leadership and the ability to build strong relationships. A qualified candidate can effectively translate organizational needs into strategic opportunities, while understanding the effect on a growing global organization. Responsibilities will include deep assessments into business challenges, evaluating new technologies, and defining functional standards. This individual will manage the planning and implementation of projects ensuring policies and procedures are consistent with company goals, best practices, software compliance, and regulatory requirements

This role is based in Glenview, IL, and reports to the Business Solutions Manager.

Core Responsibilities:

Understanding of purchasing and finance business system processesIndustry best practice awareness of technology concepts and architecture patternsWork with vendors and service providers as a liaison for the technical team to select the services and products that meet company requirementsEstablish and maintain an effective system of communications throughout the organizationDetermine project schedules and effectively manage the allocation of resources to achieve project objectivesAbility to translate technical language into non-technical understandingWork closely with our user community and IT professionals to build consensus and standards that are scalable, adaptable, and flexible to meet the needs of a changing business landscapeComply with audit requirements and execute change management best practicesDrive to keep current with evolving technology and apply it to future strategic objectivesAbility to deliver solutions with industry leading security and efficiencies that aligns with the Enterprise AgendaOther duties as assigned.

Qualifications

Bachelor’s degree in Business, IT Technical, or a related field3+ years relevant Finance and Purchasing experience10+ years of experience working in a large, multi-regional, corporate environmentExperience with ERP systems, with preference for the Microsoft D365 platformExperience implementing cloud solutions is a plusExcellent analytical and problem-solving abilities with strong customer support orientationProven record of meeting commitments with the highest standards of ethics and integrityExhibits strong organizational and time management skills with a sense of drive and urgencyExceptional interpersonal, collaboration, and communication abilitiesAble to travel locally between division facilities ~20% (Bartlett, Elgin, Glenview, Itasca, Lake Forest, and Libertyville, Roselle, IL).Up to 10% travel to manufacturing facilities out of Illinois. 

Additional Information

Work Environment:

The work environment characteristics described here are representative of those an employee encounters while performing the essential functions of this job. Reasonable accommodations may be made to enable individuals with disabilities to perform the essential functions.

Most time will be spent in an office environment. Occasionally the employee may be required to spend time in our local manufacturing sites. Certain personal protective equipment is required when in the manufacturing areas.

Physical Demands:

The physical demands described here are representative of those that must be met by an employee to successfully perform the essential functions of this job. Reasonable accommodations may be made to enable individuals with disabilities to perform the essential functions.

The employee must occasionally lift and/or move up to 20 pounds. Specific vision abilities required by this job include close vision, distance vision, peripheral vision, depth perception and ability to adjust focus. While performing the duties of this Job, the employee is regularly required to reach with hands and arms and talk or hear. The employee is frequently required to stand; walk; sit and use hands to finger, handle, or feel.

Additional Information:

ITW is an Equal Opportunity/Affirmative Action employer. All qualified applicants will receive consideration for employment without regard to sex, gender identity, sexual orientation, race, color, religion, national origin, disability, protected veteran status, age, or any other characteristic protected by law.

All your information will be kept confidential according to EEO guidelines.

We do not accept unsolicited resumes. To be considered an applicant, please apply online to a specific job posting.

If you are a qualified individual with a disability and are unable or limited in your ability to use or access the online application system process due to your disability, please click here for information on how to contact us directly.

ITW is an equal opportunity employer. We value our colleagues’ unique perspectives, experiences and ideas and create workplaces where everyone can develop their careers and perform to their full potential. 

As an equal employment opportunity employer, ITW is committed to equal employment opportunity and fair treatment for employees, beginning with the hiring process and continuing through all aspects of the employment relationship. 

All qualified applicants will receive consideration for employment without regard to race, color, sex, gender identity, sexual orientation, religion, national origin, age, disability, protected Veteran status or any other characteristic protected by applicable federal, state, or local laws.",,,"Glenview, IL",9652,16,,,Full-time,4,1.71346E+12,,https://www.linkedin.com/jobs/view/3903462753/?trk=jobs_biz_prem_srch,https://jobs.smartrecruiters.com/ITW/743999981342233-business-analyst-finance-purchasing?trid=610043d2-91a6-4b67-b74b-b6e82f719b82,ComplexOnsiteApply,1.71605E+12,,,,1.71346E+12,jobs.smartrecruiters.com,0,FULL_TIME,,,,60025,17031,,,,,,,,,
3889732556,TELUS International AI Data Solutions,Online Data Analyst,"TELUS International AI-Data Solutions partners with a diverse and vibrant community to help our customers enhance their AI and machine learning models. The work of our AI Community contributes to improving technology and the digital experiences of many people around the world. Our AI Community works in our proprietary AI training platform handling all data types (text, images, audio, video and geo) across 500+ languages and dialects. We offer flexible work-from-home opportunities for people with passion for languages. The jobs are part-time, and there is no fixed schedule. Whoever you are, wherever you come from, come join our global AI community. www.telusinternational.com We are hiring freelance English & Spanish speaking Online Data Analyst’s for a project aimed at improving the content and quality of digital maps, which are used by millions of users globally. The job would suit someone who is detail-oriented, likes doing research and has a good knowledge of national and local geography.  This is a freelance position on a flexible schedule - you can work in your own time whenever work is available. You will be completing research and evaluation tasks in a web-based environment, eg verifying and comparing data, determining the relevance and accuracy of information. You will be provided with guidelines for each task, which need to be followed. The project offers a variety of tasks, and work is paid per task. 
RequirementsFull Professional Proficiency in English & SpanishYou must be living in The United States of America the last 2 consecutive yearsAbility to follow guidelines and do research online using search engines, online maps and website informationYou must have familiarity with current and historical business, media, sport, news, social media and cultural affairs in The United States of AmericaBeing open to work across a diverse set of Task Types (e.g. Maps, News, Audio tasks, Relevance)Applicants must be 18 years or over. 
Working on this project will require you to go through a standard recruitment process (including passing an open book assessment). This is a long-term project and your work will occasionally be subject to quality assurance checks. 
Why Join the TELUS International AI Community? Earn additional income with flexible hours to fit your lifestyleBetter work-life balanceBe your own bossComplimentary Well-Being package encompassing a wealth of well-being resources.Be part of an online community
PaymentRate of pay per task is inclusive of reading task guidelines. Payment will be issued in accordance with the terms of the contributor agreement upon successful completion of tasks. 
What’s next? If this sounds like a role you’d be interested in taking on, please apply below. https://telusinternational.avature.net/en_US/careers/PipelineDetail/Online-Data-Quality-Analyst-US-Spanish-Language/21403",,,"Corpus Christi, TX",6611939,42,,,Contract,8,1.71267E+12,1,https://www.linkedin.com/jobs/view/3889732556/?trk=jobs_biz_prem_srch,https://telusinternational.avature.net/en_US/careers/PipelineDetail/Online-Data-Quality-Analyst-US-Spanish-Language/21403?source=LinkedIn,OffsiteApply,1.71526E+12,,Entry level,,1.71267E+12,,0,CONTRACT,,,,78401,48355,,,,,,,,,
3906249532,orangepeople,Data Analyst,"We are looking for a passionate certified data analyst. The successful candidate will turn data into information, information into insight, and insight into business decisions. The data analyst is responsible for overseeing our data systems and reporting frameworks, guaranteeing the integrity and precision of data. Data analysts are tasked with enhancing analytical and reporting functions, as well as supervising performance and quality assurance processes to pinpoint areas for enhancement.  Roles and Responsibilities:Driving roadmap initiatives around the Project Management functions in Clarity PPM.Conducting project assessments to determine compliance with internal project management and resource management standards.Be able to read, update, and develop data dashboards, charts, and data sets in Clarity to support decision-making across departments.Detect, examine, and decode trends or patterns within intricate datasets to scrutinize data and produce actionable insights.Assist in the implementation and deployment of Clarity PPM enhancements and provide ongoing training and support.Providing support and training to new and existing tool users, both individually and in groups.Creating training materials and conducting user training.Suggest solutions, recommendations, and enhancements based on customer input and observations.Tracking progress and notifying management of issues that require escalation and assuming responsibility for resolving or coordinating the resolution of resource capacity issues and project data quality concerns.Meeting with analysts, customers, and partners to showcase the value and drive adoption of the resource capacity planning processes and the Clarity PPM tool.Locate and define new process improvement opportunities.Evolve our data collection capabilities, analytics, and reporting process as the business evolves and grows by optimizing strategies, implementing databases, and managing security, data sources, and metadata.Commissioning and decommissioning data sets as needed, while maintaining, cleaning, and organizing data sets as needed.Keeping current with industry standards, and implementing updates as needed or required.Leadership skills and the ability to connect and communicate across multiple departments.Adept at report writing and presenting findings.Ability to work under pressure and meet tight deadlines.Be able to read and update project and program-level resource forecasts.Identify recurring process issues and work with the manager to find solutions and initiate improvements to mitigate future recurrence.
Skills and Qualifications:Minimum of 5 years of experience with Clarity PPM and 5-8 years in an analyst capacity.Strong knowledge of and experience with reporting packages (Business Objects etc), databases (SQL, etc), and programming (XML, Javascript, etc).Knowledge of statistics and experience using statistical packages for analyzing datasets (Excel, SAS, etc).You have a high understanding of PPM disciplines, have worked in a team, and covered strategic projects. Experience with Dashboard customization, configuration, user interface personalization, and infrastructure management will be helpful.Strong analytical skills with the ability to collect, organize, analyze, and disseminate significant amounts of information with attention to detail, accuracy, and actionable insights.Excellent communicator, adjusting communication styles based on your audience.Quick learner, adaptable, and able to thrive in new environments.Proactive, confident, and engaging; especially when it comes to large stakeholder groups.Capable of critically evaluating data to derive meaningful, actionable insights.Demonstrate superior communication and presentation capabilities, adept at simplifying complex data insights for audiences without a technical background. Required Education:BA or equiv.
Benefits:401(k).Dental Insurance.Health insurance.Vision insurance.We are an equal opportunity employer and value diversity, equality, inclusion, and respect for people.The salary will be determined based on several factors including, but not limited to, location, relevant education, qualifications, experience, technical skills, and business needs.
Additional Responsibilities:Participate in OrangePeople monthly team meetings, and participate in team-building efforts.Contribute to OrangePeople technical discussions, peer reviews, etc.Contribute content and collaborate via the OP-Wiki/Knowledge Base.Provide status reports to OP Account Management as requested.
About us: OrangePeople is an Enterprise Architecture and Project Management solutions company. Our most valuable asset is our people: dynamic, creative thinkers, who are passionate about doing quality work. As a member of the OrangePeople team, you will have access to industry-leading consulting practices, strategies & and technologies, innovative training & and education. An ideal Orange Person is a technology leader with a proven track record of technical achievements and a strong process/methodology orientation.",89,HOURLY,"Orlando, FL",2708565,,,84,Contract,,1.71357E+12,,https://www.linkedin.com/jobs/view/3906249532/?trk=jobs_biz_prem_srch,,ComplexOnsiteApply,1.71616E+12,,Mid-Senior level,,1.71357E+12,,0,CONTRACT,USD,BASE_SALARY,179920,32801,12095,,,,,,,,,
3905333957,Staffmark Group,Business Analyst,"Staffmark Workforce Solutions offers this exciting contract opportunity at a global leader in electronics, mobile devices, and appliances located in Plano, TX.

Business Analyst

Position Summary:

The Senior Analyst, Advanced Analytics will report to the Sr. Manager Retail Performance Analytics and conduct quantitative and qualitative analysis to synthesize trends into actionable business insights and recommendations. They need to develop advanced data mining and forecasting models to support channel-centric and geography-based sales performance indicators for the multiple product lines. The role requires extracting conceptual and advanced insights from large and diversified datasets to drive sales and business growth.

Responsibilities:

Apply expertise in quantitative and qualitative analysis to synthesize trends into actionable insightsTimely delivery of deep-dive analyses – Customer Segmentation, Product Mix, A/B TestingSource, combine, and synthesize large amounts of data from various data sources. Work cross-functionally to identify current organization gaps and emerging trends and recommend solutions based on qualitative analyses and market insights. Conduct Industry analysis: Analyze trends, patterns, early warnings, and forecasts. Utilize syndicated and other sources for periodical Retail industry assessmentCollaborate with the peer Data Science teams in developing and maintaining predictive forecasting models. Effective visualization for users to interact with the forecasting modelRecommend strategic action plans for retail to drive sales across all product categories. Presentation skills in being able to tell the story behind the numbers. Maintain data quality and implement data governance measures on databases. Establish and maintain regular automated reporting that analyzes data from multiple sources to provide insights into the performance of the mobile business leveraging Tableau and other data visual tools. 


Requirements:

Bachelor’s degree in Business, Analytics, Data Science, Statistics, Mathematics, or a similar field of study (Master’s Degree preferred)4+ years of work experience in Retail Performance analytics and Data AnalyticsAdvanced Excel, PowerPoint, and R skills; intermediate skills with Tableau, Python, Alteryx, SQLAbility to source, combine, and synthesize large amounts of data from various sources to complete statistical modeling, A/B testing, cluster analysis, sample size calculations, and tests of significance. Experience in creating custom reporting on an ad hoc basisExcellent oral and written communication skills, with demonstrated experience building and delivering presentations. Collaboration within Retail teams is a priority for this role. Capability to thrive in a dynamic, fast-changing environment that requires a high degree of multi-tasking with minimal supervision


Staffmark talent working with this client receive competitive compensation and a great benefits package including medical, dental, vision, 401K, and Paid Time Off plus more!

After you have applied, download our Staffmark Group WorkNOW App to receive real-time job offers and apply for additional opportunities. You can download it from the App Store or get it on Google Play. 

About Staffmark

Staffmark is committed to providing equal employment opportunity for all persons regardless of race, color, religion (including religious dress and grooming practices), sex, sexual orientation, gender, gender identity, gender expression, age, marital status, national origin, ancestry, citizenship status, pregnancy, medical condition, genetic information, mental and physical disability, political affiliation, union membership, status as a parent, military or veteran status or other non-merit based factors. We will provide reasonable accommodations throughout the application, interviewing and employment process. If you require a reasonable accommodation, contact us. Staffmark is an E-Verify employer. This policy is applicable to all phases of the employment relationship, including hiring, transfers, promotions, training, terminations, working conditions, compensation, benefits, and other terms and conditions of employment.

All employees are directed to familiarize themselves with this policy and to act in accordance with it. All decisions with respect to employment matters and other phases of employer-temporary employee relationships will be in keeping with this policy and in accordance with all applicable laws and regulations.",,,"Plano, TX",35541411,6,,,Full-time,,1.71348E+12,,https://www.linkedin.com/jobs/view/3905333957/?trk=jobs_biz_prem_srch,https://employeeworkplace.com/jobs/staffmark/apply?jobId=1770248&source=110,OffsiteApply,1.71607E+12,,Mid-Senior level,,1.71348E+12,employeeworkplace.com,0,FULL_TIME,,,,75023,48085,,,,,,,,,
3904388641,Unified Women's Healthcare,Data Analyst- Business Intelligence,"Overview

Lucina Analytics, a partner of Unified Women's Healthcare, is a data-driven, enterprise SaaS company that delivers the leading women’s maternity analytics platform to innovative health plans, providers, and public entities.

The Lucina Business Intelligence Data Analyst has responsibility for analyzing healthcare data and building reports and dashboards that support Lucina’s clients, both internal and external, in managing maternity population. This position reports to the Senior Manager, Data Analytics for Lucina.

Responsibilities

Build dashboards to monitor daily production data and quality of algorithm results for assigned clients’ maternity populations.Understand reporting requirements for assigned clients and design dashboards to meet their needs and help manage inventory to optimize results.Work with clinical operations to understand and develop key indicator reporting.Support development and integration testing for algorithm logic enhancements, new products/services, and new technology applications.Review exception cases to determine status of maternity episodes and address client inquiries.

Qualifications

Advanced SQL knowledge and experience working with relational databases and data warehouses such as SQL Server, Oracle, Postgres or similarExperience analyzing and working with healthcare data preferably claims dataProficiency with Power BI, Power Query, and DAXExperience with Databricks a plus but not requiredExperience with CI/CD principles a plus but not requiredExperience with Python a plus but not requiredExperience with AWS and Azure cloud environment experience a plus but not requiredStrong communication skills with ability to work across internal and external teams",,,"Florida, United States",14806044,469,,,Full-time,69,1.71339E+12,1,https://www.linkedin.com/jobs/view/3904388641/?trk=jobs_biz_prem_srch,https://careers.unifiedwomenshealthcare.com/jobs/6900?lang=en-us&iis=Job%20Board&iisn=LinkedIn,OffsiteApply,1.71599E+12,,,,1.71339E+12,careers.unifiedwomenshealthcare.com,0,FULL_TIME,,,,,,,,,,,,,,
3904500501,DP Professionals (DPP),Business Analyst (Hybrid),"DPP is seeking a Business Analyst for an opportunity in Columbia, SC.

Work Arrangement

Partially Onsite, 50% remoteW2 position; 12 months with a possibility of extension

Project scope:

The child support services applications team is responsible for developing and maintaining applications in support of the child support services division including palmetto automated child support system, directory of new hires, and the portal application.

Responsibilities and duties:

Review design documents and test functionality for defect resolutions and new enhancements based on approved design.Prepare test data, including interface data files as needed, for executing test scripts.Execute, record, and verify test results.Assist functional team by providing test results on requested functionality.Report defects to state test leadParticipate in functional design sessions.Perform Regression Tests manually and/or using selenium.Reproduce defects/demonstrate defects to development as needed.Participate in Help Desk, Incident Review Meetings as needed.Provide data analysis and root cause analysis for bugs and enhancements as needed.Query and monitor production data after each release

Required knowledge, skills, and abilities:

Organizational SkillsVerbal Communication SkillsWritten Communication SkillsAgileMS SQLTeam Foundation Server (TFS) 2013Experience in financial systems (AR, AP, payment reductions, general ledger postings and reporting, etc.);Claims Payment and Financial systemsBusiness Analysis experience to include data flow diagrams, requirements specifications, use case scenarios, and acceptance testing.Child Support Enforcement System (CSES)Financial5+ years’ experience preparing, documenting, and executing test criteria, test cases, test scripts, and test plans for IT systems projects2+ years’ experience testing on child support enforcement system development projectsThorough knowledge of testing concepts such as component testing, integration testing, security testing, performance testing, regression testing, acceptance testingExperience testing back-end batch processes and able to verify/handle the output data files. Ability to use SQL to query data.Ability to plan, organize, instruct, and review the work of the testing teamAbility to use MS office, SharePoint, and teams tools effectivelyAbility to communicate (orally and written) effectively with technical, non-technical staff, customers/stakeholders (state and federal) and executives

Preferred KSAs: 

Experience with Microsoft Team Foundation Server (TFS) and Microsoft Test ManagerUnderstanding of Agile or Iterative Software Development MethodologiesA strong understanding of the basics of financial operations, from receipts to disbursements to reconciliationExperience with SeleniumExperience with developing test scripts with Selenium

Required education/equivalencies:

BS Degree

Interested? Learn more:

Click the apply button or contact our recruiter Carolyn at Carolyn.Miner@dppit.com to learn more about this position (#24-00292).

DPP offers a range of compensation and benefits packages to our employees and their eligible dependents. Call today to learn more about working with DPP.

Authorized US Worker - US Citizens and those authorized to work in the US are encouraged to apply. We are unable to sponsor at this time. EOE/AA/V/D",,,"Columbia, SC",58661,6,,,Contract,1,1.71348E+12,,https://www.linkedin.com/jobs/view/3904500501/?trk=jobs_biz_prem_srch,https://www2.jobdiva.com/portal/?a=e0jdnwvtos0hizdjsxfov7sy99nn0q0322f1kc8dbvfhx06o51c98quej9hp0sh7&compid=0&source=LinkedIn#/jobs/22019970,OffsiteApply,1.71613E+12,,Mid-Senior level,,1.71354E+12,www2.jobdiva.com,0,CONTRACT,,,,29201,45079,,,,,,,,,
3905295211,Capital Group,Senior Generative AI Engineer,"""I can succeed as a Senior Generative AI Engineer at Capital Group.""

A Generative AI Engineer in Microsoft 365 security plays a cross functional leadership role in ensuring the stability, integrity, and secure operation of information technology systems that support Capital Group's business functions. Configures and maintains all Microsoft 365 platform compliance capabilities including SharePoint, OneDrive, Exchange, Teams, Copilot Security, Copilot Admin, and others. They are a point of escalation for complex and difficult electronic communication compliance issues and applying expert level technical and analytical abilities to identify, communicate, and resolve complex issues to minimize impact on critical business functions and maximize the benefit of IT systems investments. They also provide guidance and mentoring to less senior engineers. Substantial Microsoft platform knowledge and security process/governance are a fundamental requirement for this role.

""I am the person Capital Group is looking for.""

You have at least 10 years of Microsoft infrastructure engineering experience, being part of a team responsible for SharePoint, Exchange, Teams, and other Microsoft 365 offerings.You have experience with electronic communication compliance capture to meet FINRA and SEC regulations in the financial industry.You are knowledgeable of AI/ML regulatory requirements and stay updated with the latest trend and decisions across various financial regulatory entities.You preferably have experience with AI/ML capabilities, specifically with Copilot M365, Copilot Studio, and Copilot Web.You stay updated with the latest trends and technologies in Microsoft 365 and AI/ML.You can deal with ambiguity, manage complexity, and drive for results; ultimately, taking end-to-end ownership of the outcome.You can mentor, coach, and partner with other engineersYou maintain ultimate levels of trust and integrity with administrative roles and execution.You exercise sound judgement in the configuration and advancement of the Microsoft 365 platform.You apply best practices for security, performance, and reliability.You troubleshoot and resolve issues with the Microsoft 365 infrastructure and applications.

Southern California Base Salary Range $148,045-$236,872

In addition to a highly competitive base salary, per plan guidelines, restrictions and vesting requirements, you also will be eligible for an individual annual performance bonus, plus Capital's annual profitability bonus plus a retirement plan where Capital contributes 15% of your eligible earnings.

You can learn more about our compensation and benefits here .

 Temporary positions in Canada and the United States are excluded from the above mentioned compensation and benefit plans.

We are an equal opportunity employer, which means we comply with all federal, state and local laws that prohibit discrimination when making all decisions about employment. As equal opportunity employers, our policies prohibit unlawful discrimination on the basis of race, religion, color, national origin, ancestry, sex (including gender and gender identity), pregnancy, childbirth and related medical conditions, age, physical or mental disability, medical condition, genetic information, marital status, sexual orientation, citizenship status, AIDS/HIV status, political activities or affiliations, military or veteran status, status as a victim of domestic violence, assault or stalking or any other characteristic protected by federal, state or local law.",236872,YEARLY,"Irvine, CA",4019,3,,148045,Temporary,,1.71347E+12,,https://www.linkedin.com/jobs/view/3905295211/?trk=jobs_biz_prem_srch,https://click.appcast.io/track/j80u8mi-org?cs=4c&jg=2hnx&bid=lUf2CslKyPxm6i440ZgUYA==,OffsiteApply,1.71607E+12,,,,1.71347E+12,click.appcast.io,0,TEMPORARY,USD,BASE_SALARY,192458.5,92602,,,,,,,,,,
3887876187,VolunteerMatch,Volunteer: Data Scientist,"Our Mission is Simple

We Believe in Kids.

We Believe in Our Community.

We support programs that are transforming the lives of our community’s most vulnerable youth.

Measurable Impact

We believe that success should be measured by the lives that have been changed. That’s a difficult thing to quantify, so we’ve put together a few statistics for you. With the support of our generous donors, we’ve supported over 725 kids, and that’s just the start!

125,000 hours of around the clock care for boys experiencing trauma 550 hours of tutoring services for foster kids who have fallen behind 450 Title One students engaged in land conservation education activities 26 previously homeless children placed in early childhood education programs

DATA SCIENTIST

Volunteer Job Description

Position Overview

At Believe in Me, we envision a world where every child has the self-confidence and support needed to explore their potential and achieve success. Through innovative and caring programs, we strive to empower marginalized children and first-generation college students, offering them resources for learning, growth, and joy. Join us in our mission to make a lasting difference in the lives of these children and young adults.

Believe in Me is seeking a passionate and skilled Volunteer Data Scientist to join our team dedicated to empowering first-generation college students through our innovative app. The ideal candidate will have a strong background in data analysis, statistical modeling, and machine learning, combined with a commitment to making a difference in the lives of marginalized youths. As a Volunteer Data Scientist, you will play a crucial role in deriving insights from data to guide strategic decisions, enhance app functionalities, and measure our impact on our users' success.

Key Responsibilities

Data Analysis & Insight Generation Collect, clean, and analyze data from various sources to uncover actionable insights that drive decision-making and strategy development for app improvements and user engagement.Predictive Modeling Develop and implement statistical models and machine learning algorithms to predict user behaviors, app engagement, and success outcomes.Impact Measurement Design and execute experiments and analytical approaches to measure the effectiveness of app features, content, and interventions on user success and engagement.Data Visualization Create compelling visualizations to communicate findings and insights to the team and stakeholders in an understandable and actionable manner.Collaboration & Strategy Support Work closely with the app development, content, and marketing teams to integrate data insights into app design, content strategies, and outreach efforts.Reporting & Presentation Prepare and present regular reports on findings, progress, and recommendations for action to the leadership team and project stakeholders.

Qualifications

Experience & Education Proven experience in data science, statistics, computer science, or a related field. Formal education in a relevant discipline is preferred but not mandatory.Technical Skills Proficiency in data analysis and statistical software (e.g., Python, R, SQL) and familiarity with machine learning frameworks and libraries.Data Visualization Strong skills in data visualization tools and techniques to effectively communicate insights.Problem-Solving Ability to tackle complex problems with a strategic and analytical approach, turning data into actionable insights.Communication Excellent communication skills, with the ability to translate complex data into clear and compelling narratives fo

This is a volunteer opportunity provided by VolunteerMatch, in partnership with LinkedIn for Good.",,,"Spokane, WA",22503,6,,,Volunteer,1,1.71237E+12,,https://www.linkedin.com/jobs/view/3887876187/?trk=jobs_biz_prem_srch,http://www.volunteermatch.org/search/opp3794656.jsp?utm_source=linkedin&utm_medium=direct&utm_campaign=lfg&_sid=linkedinforgood,OffsiteApply,1.71496E+12,,Associate,"This position requires the following skills: Database Administration, Security / Network Administration, Software Engineering, SQL / MySQL",1.71237E+12,www.volunteermatch.org,0,VOLUNTEER,,,,99201,53063,,,,,,,,,
3901353972,Deloitte,NLP Data Scientist - Python | Machine Learning | AI - Hybrid - TS/SCI - Tampa or DC,"In this age of disruption, organizations need to navigate the future with confidence by tapping into the power of data analytics, robotics, and cognitive technologies such as Artificial Intelligence (AI). Our Strategy & Analytics portfolio helps clients leverage rigorous analytical capabilities and a pragmatic mindset to solve the most complex of problems.

By joining our team, you will play a key role in helping to our clients uncover hidden relationships from vast troves of data and transforming the Government and Public Services marketplace.

The team:

Deloitte's Government and Public Services (GPS) practice - our people, ideas, technology and outcomes-is designed for impact. Serving federal, state, & local government clients as well as public higher education institutions, our team of over 15,000+ professionals brings fresh perspective to help clients anticipate disruption, reimagine the possible, and fulfill their mission promise.

The GPS Analytics and Cognitive (A&C) offering is responsible for developing advanced analytics products and applying data visualization and statistical programming tools to enterprise data in order to advance and enable the key mission outcomes for our clients. Our team supports all phases of analytic work product development, from the identification of key business questions through data collection and ETL, and from performing analyses and using a wide range of statistical, machine learning, and applied mathematical techniques to delivery insights to decision-makers. Our practitioners give special attention to the interplay between data and the business processes that produce it and the decision-makers that consume insights.

Work you'll do:

The Data Scientist will join a team responsible for developing advanced analytics products; applying data visualization and statistical programming tools to enterprise data to advance and enable the key mission outcomes. In this role, she will support all phases of analytic work product development, from the identification of key business questions, through data collection and ETL, from performing analyses and using a wide range of statistical, machine learning, and applied mathematical techniques to delivery insights to decision-makers. This role requires special attention to the interplay between data and the business processes that produce it and the decision-makers that consume insights.

Required Qualifications:

Bachelor's degree required Must be legally authorized to work in the United States without the need for employer sponsorship, now or at any time in the future Active TS/SCI Clearance Required2+ years of relevant experience within data science or analysis2+ years of relevant experience with programming languages such as Python, R, and VBA; and query languages such as SQL2+ years of relevant experience with data visualization tools, such as Tableau, Qlik, PowerBI, d3.js and other web application technologies, or equivalent2+ years of relevant experience with SQL and NoSQL database technologies such as SQL Server, Oracle SQL2+ years of relevant experience with data extraction, transformation, and loading to support advanced analytics2+ years of relevant experience with a wide range of analytics techniques, such as statistics, machine learning, natural language processing, optimization, simulation, or closely related techniquesAbility to support a hybrid to fulltime schedule onsite in the Tampa, FL area or the Rosslyn, VA area.

Preferred Qualifications:

Strong strategic communication skills to include presenting quantitative concepts in easy to understand formats and actively listening to identify business problems and their causesA curious, questioning attitude that leads them to look past superficial appearances to find deeper problems, insights, and solutionsThrives in fast-paced work environment with multiple stakeholdersHigh-performing team player who believes that cross-functional teams are greater than the sum of its partsExperience leveraging data analysis to construct strategic narrativesFamiliarity with cloud computing technology, especially Microsoft AzureFamiliarity with Agile project management principlesConfidence to drive assignments to completionEagerness to learn and develop

Information for applicants with a need for accommodation: https://www2.deloitte.com/us/en/pages/careers/articles/join-deloitte-assistance-for-disabled-applicants.html

",,,"Arlington, Virginia, United States",1038,12,,,Full-time,1,1.71345E+12,,https://www.linkedin.com/jobs/view/3901353972/?trk=jobs_biz_prem_srch,https://ars2.equest.com/?response_id=6433474e8dafd9a6d492ed4aac0790b8,OffsiteApply,1.71605E+12,,,,1.71346E+12,ars2.equest.com,0,FULL_TIME,,,,,,,,,,,,,,
3899530442,EAB,"Senior Programmer Analyst, Insight Analytics","About EAB

At EAB , our mission is to make education smarter and our communities stronger. We work with more than 2,500 institutions to drive transformative change through data-driven insights and best-in-class capabilities. From kindergarten to college to career, EAB partners with leaders and practitioners to accelerate progress and drive results across five major areas: enrollment, student success, institutional strategy, data & analytics, and diversity, equity, and inclusion (DE&I). We work with each partner differently, tailoring our portfolio of research, technology, and marketing and enrollment solutions to meet the unique needs of every leadership team, as well as the students and employees they serve.

At EAB, we serve not only our partner institutions but each other—that's why we are always working to make sure our employees love their jobs and are invested in their communities. See how we've been recognized for this dedication to our employees by checking out our recent awards .

For more information, visit our Careers page.

The Role In Brief

 Senior Programmer Analyst, Insight Analytics 

EAB Seramount is a strategic business dedicated to advancing Diversity, Equity, and Inclusion in the workplace.

We serve forward thinking organizations with integrated tools that provide a strategic and holistic map for setting new standards for workplace culture. Over the past four decades we’ve built deep, data-powered intelligence on the employee experience, which allows us to address specific client workplace challenges related to DEI. We excel in serving as our members’ go-to partner in developing and progressing their diversity and inclusion strategies. Our business is in growth mode and offers the right person the opportunity to be part of a diverse, dynamic, creative, and highly skilled team partnering with leading companies to advance more inclusive corporate cultures.

The Senior Programmer Analyst will be a key member of the Insight Analytics team within EAB Seramount, reporting to the Director. We seek a teammate with excellent programming and analytical skills, relationship building skills, professionalism, and an ambition to innovate, develop, and implement processes that improve efficiency and productivity. This role combines extraordinary programming, data processing and reporting skills with the opportunity to do high-impact work for Seramount’s Best Companies research initiatives .

The ideal candidate will be a top-notch programmer and analyst, detailed planner, and expert communicator who is committed to the discovery, development, and delivery of innovative solutions that provide automated, customizable analytical reports to our growing customer base.

This hire may be based in Washington, DC or Richmond, VA; this position is also open to remote employment within the continental United States.

Primary Responsibilities

Develop, program, and document processes and systems that automate data cleaning, manipulating, analysis, and reporting procedures to promote increased efficiency and productivity within Seramount’s Best Companies research initiativesServe as a thought leader to identify new opportunities to improve and automate the processes of data cleaning, manipulating, analysis, and reporting, with a focus on quality assurancePartner with stakeholders across business units to provide data and/or perform basic data analysis as needed, communicating effectively with management and other business units Provide general assistance to the Insights Analytics team, as neededDesign complex and highly visible stakeholder deliverablesSupport the creation of a data warehouse to query data and generate custom datasets across multiple data sources

Basic Qualifications

Bachelor’s degree, with an excellent academic record3+ years of professional post-degree work experience, including computer programming experienceProven quantitative skills, with knowledge of statistics, data structures, and programming to clean, manipulate, analyze, and report dataExperience generating process documentation and reports Ability to perform quality assurance of your own work, and on the work of others (e.g., debugging code, ensuring accuracy of results, reviewing deliverables to confirm the desired level of quality is met)Excellent attention to detail, time-management, and organizational skills Demonstrated experience executing projects and analyses based on larger datasetsProficiency using analytic tools or programs with demonstrated ability to quickly learn new analytical tools or programsExcellent communication skills, with the ability to translate and disseminate complex information appropriate for various audiencesComfortable working in a variety of team environments while taking ownership and lead on major projects. Ability to work collaboratively with internal customers, one-on-one, in large groups, or individually with minimal supervision.Desire to work in a fast-paced, data driven, metrics-oriented environmentStrategic thinker

Ideal Qualifications

 A graduate-level degree which emphasizes programming skills (e.g., Computer Science, Information Technology, Data Science/Data Analytics, Mathematics/Statistics or a related technical field)  Advanced skill with a programming language, preferably Python Advanced proficiency with Excel and PowerPoint; experience with VBA highly desirableAdvanced skill developing dynamic reports using data visualization software, preferably TableauExperience using a statistical software program, such as RExperience working with data warehouses, preferably using SQL for querying dataExperience with project management software, such as AsanaCommitment to valuing diversity, practicing inclusive behaviors, and contributing to an equitable working and continual learning environment in support of EAB’s DE&I Promise 

If you’ve reached this section of the job description and are unsure of whether to apply, please do! At EAB, we welcome diversity of background and experience. We would encourage you to submit an application if this is a role you would be passionate about doing every day.

Compensation

The anticipated starting salary (base) range for this role is $62,500 to $90,000 per year. Actual salary varies due to factors that may include but not be limited to relevant experience, skills, and location. At EAB, it is not typical for an individual to be hired at or near the top of the starting salary range for their role.

This hire will additionally be eligible for discretionary bonus or incentive compensation. Variable compensation may depend on various factors, such as individual and organizational performance.

Benefits

Consistent with our belief that our employees are our most valuable resource, EAB offers a competitive and inclusive benefits package. Our benefits currently include:

Medical, dental, and vision insurance plans; dependents and domestic partners eligible20+ days of PTO annually, in addition to paid firm and floating holidays Daytime leave policy for community service and flextime for fitness activities (up to 10 hours per month each) 401(k) retirement savings plan with annual discretionary company matching contribution Health savings account, healthcare and dependent care flexible spending account, and pre-tax commuter plansEmployee assistance program with counseling services and resources available to all employees and immediate family Wellness programs including gym discounts, incentives to promote healthy living, and family access to the leading app for sleep, meditation, and relaxation Gender affirming care coverage Fertility treatment coverage and adoption or surrogacy assistancePaid parental leave with phase back to work program for birthing and non-birthing parents Access to milk shipping service to support nursing employees during business travel Discounted pet health insurance coverage for dog and cat family membersCompany-provided life, AD&D, and disability insuranceFinancial wellness resources and membership in a robust employee discount programAccess to employee resource groups, merit-based advancement, and dynamic professional growth opportunities 

Benefits kick in day one; learn more at eab.com/careers/benefits .

At EAB, we believe that to fulfill our mission to “make education smarter and our communities stronger” we need team members who bring a diversity of perspectives to the table and are committed to fostering a workplace where each team member is valued, respected and heard.

To that end, EAB is an Equal Opportunity Employer, and we make employment decisions on the basis of qualifications, merit and business need. We don’t discriminate on the basis of race, religion, color, sex, gender identity or expression, sexual orientation, age, non-disqualifying physical or mental disability, national origin, veteran status or any other basis covered by appropriate law.",90000,YEARLY,"Washington, DC",11158088,52,,62500,Full-time,19,1.71328E+12,,https://www.linkedin.com/jobs/view/3899530442/?trk=jobs_biz_prem_srch,https://recruit.hirebridge.com/v3/Jobs/JobDetails.aspx?cid=7856&jid=596464&locvalue=1033,OffsiteApply,1.71587E+12,,Associate,,1.71328E+12,recruit.hirebridge.com,0,FULL_TIME,USD,BASE_SALARY,76250,20001,11001,,,,,,,,,
3901938817,Gainwell Technologies,Senior Business Analyst,"Be part of a team that unleashes the power of leading-edge technologies to help improve the health and well-being of those most vulnerable in our country and communities. Working at Gainwell carries its rewards. You’ll have an incredible opportunity to grow your career in a company that values work flexibility, learning, and career development. You’ll add to your technical credentials and certifications while enjoying a generous, flexible vacation policy and educational assistance. We also have comprehensive leadership and technical development academies to help build your skills and capabilities.

Summary

As a Senior Professional Business Process Reengineering - Automation Specialist at Gainwell, you can contribute your skills as we harness the power of technology to help our clients improve the health and well-being of the members they serve — a community’s most vulnerable. Connect your passion with purpose, teaming with people who thrive on finding innovative solutions to some of healthcare’s biggest challenges. Here are the details on this position.

Your role in our mission

 Coordinate with business users to translate business requirements into technical requirements for reporting purposes. Analyzes, plans, and implements moderately complex operational process improvement needs. Supports long-term planning sessions with a single client to improve business processes, generally involving use and improvement of information systems and goals.  Identifies process improvement needs and communicates issues to authorized personnel to ensure that client and company needs are met in a timely manner.  Provides consultation on the use of moderately complex re-engineering techniques to improve process performance and product quality. Deploys plans from conception through closing on moderately complex aspects of re-engineering projects. Develops moderately complex metrics that provide data for process management and indicators for future improvement opportunities. Collects data to identify root cause problems. Researches, recommends, and approves processes to aid in the translation of business objectives into functional requirements and solution design. Measures performance against process requirements, aligning improvement projects to close performance shortfalls.  Serves as an information solution liaison in a specific business unit or organization for process improvement, business processes and systems integration. Works in conjunction with business strategies program leaders to provide desired re-engineering practices and to ensure alignment of re-engineering initiatives to business objectives. Surveys and analyzes best practices for techniques and processes. Supports pilot projects and internal case studies for trial usage improvement methods or approaches.  Works with management to align projects to strategy. Assesses the degree of risk impact, timeframe, and cost of re-engineering required to achieve the desired future state. Acts as re-engineering consultant to other transformation teams in methods, techniques, and tools to ensure adherence to company guidelines. 

What we're looking for

6 years’ experience in Business Process Reengineering experience5 years' experience in SQL / NoSQLExperience working with business processing models, Process Design, Requirements Management, and Project ManagementExperience working with Health Care related data preferred

What you should expect in this role

Fully remote opportunity with the option to work anywhere within the United StateThe team is looking for a Process Engineer with the technical background to implement automation-based process improvements. The deadline to submit applications for this posting is 4/25/2024. 

Video cameras must be used during all interviews, as well as during the initial week of orientation.

The pay range for this position is $69,400.00 - $99,200.00 per year, however, the base pay offered may vary depending on geographic region, internal equity, job-related knowledge, skills, and experience among other factors. Put your passion to work at Gainwell. You’ll have the opportunity to grow your career in a company that values work flexibility, learning, and career development. All salaried, full-time candidates are eligible for our generous, flexible vacation policy, a 401(k) employer match, comprehensive health benefits , and educational assistance. We also have a variety of leadership and technical development academies to help build your skills and capabilities.

We believe nothing is impossible when you bring together people who care deeply about making healthcare work better for everyone. Build your career with Gainwell, an industry leader. You’ll be joining a company where collaboration, innovation, and inclusion fuel our growth. Learn more about Gainwell at our company website and visit our Careers site for all available job role openings.

Gainwell Technologies is committed to a diverse, equitable, and inclusive workplace. We are proud to be an Equal Opportunity Employer, where all qualified applicants will receive consideration for employment without regard to race, religion, color, national origin, gender (including pregnancy, childbirth, or related medical condition), sexual orientation, gender identity, gender expression, age, status as a protected veteran, status as an individual with a disability, or other applicable legally protected characteristics. We celebrate diversity and are dedicated to creating an inclusive environment for all employees.",99200,YEARLY,"Texas, United States",67155308,5,,69400,Full-time,1,1.71347E+12,1,https://www.linkedin.com/jobs/view/3901938817/?trk=jobs_biz_prem_srch,https://jobs.gainwelltechnologies.com/job/Any-city-Senior-Business-Analyst-TX-99999/1157198100/?utm_source=LINKEDIN&utm_medium=referrer,OffsiteApply,1.71606E+12,,Mid-Senior level,,1.71347E+12,jobs.gainwelltechnologies.com,0,FULL_TIME,USD,BASE_SALARY,84300,,,,,,,,,,,
3906224855,Verizon,Marketing Business Intelligence Manager,"When you join Verizon

Verizon is one of the world's leading providers of technology and communications services, transforming the way we connect around the world. We're a human network that reaches across the globe and works behind the scenes. We anticipate, lead, and believe that listening is where learning begins. In crisis and in celebration, we come together-lifting up our communities and striving to make an impact to move the world forward. If you're fueled by purpose, and powered by persistence, explore a career with us. Here, you'll discover the rigor it takes to make a difference and the fulfillment that comes with living the #NetworkLife.

What you'll be doing...

You will be working at the intersection of data base management, marketing and technology within Verizon Business Group Marketing and Customer Experience Technology group to support the Performance Management and Program Success team as well as the broader VBG Digital MarTech and CXTech team with SQL-related requests, including analysis and presenting the findings and strategic recommendations. 

Responsibilities include:Building, automating and maintaining complex SQL queries and data marts to compile performance data necessary for analysis of strategy effectiveness for transformational programs, Real Time Marketing and Next Best Experience. Building dashboards to tell a story with visualization tools to help to identify opportunities to maximize performance.Working closely with the Pega Decisioning and Real Time Marketing teams to translate the business needs to trackable targets and performance metrics with logic validations. Solving complex reporting requests by understanding the requestors' needs and provide the most efficient data and analysis to address the business needs.
What we're looking for...

You'll need to have:
Bachelor's degree in Computer Science, Information Systems or Marketing or four or more years of work experience. Six or more years of relevant experience. Experience as a data analyst focused on business intelligence.Experience with SQL.Experience with coding languages (i.e., R, Python).Strong experience with Tableau or similar visualization tools. Experience with Teradata, Utilities and other Batch tools. Working knowledge of Pega Decisioning Platform and/or Adobe stacks. 
Even better if you have one or more of the following:
Telecomm or cloud computing industry experience.Interest in more advanced topics in analytics (machine learning, artificial intelligence).B2B Experience. 
If Verizon and this role sound like a fit for you, we encourage you to apply even if you don't meet every ""even better"" qualification listed above.

Where you'll be working

In this hybrid role, you'll have a defined work location that includes work from home and assigned office days set by your manager.

Scheduled Weekly Hours
40

Equal Employment Opportunity

We're proud to be an equal opportunity employer - and celebrate our employees' differences, including race, color, religion, sex, sexual orientation, gender identity, national origin, age, disability, and Veteran status. At Verizon, we know that diversity makes us stronger. We are committed to a collaborative, inclusive environment that encourages authenticity and fosters a sense of belonging. We strive for everyone to feel valued, connected, and empowered to reach their potential and contribute their best. Check out our diversity and inclusion page to learn more.",,,"Basking Ridge, NJ",1103,2,,,Full-time,1,1.71356E+12,,https://www.linkedin.com/jobs/view/3906224855/?trk=jobs_biz_prem_srch,https://www.aplitrak.com/?adid=YmJnZW5lcmljLjUxOTkwLjE1NTBAdmVyaXpvbndvcmtkYXkuYXBsaXRyYWsuY29t,OffsiteApply,1.71615E+12,,Mid-Senior level,,1.71356E+12,www.aplitrak.com,0,FULL_TIME,,,,7920,34035,,,,,,,,,
3891091654,Experis,Senior IT Business Analyst,"Experis IT ManpowerGroup has partnered with a leading Medical Device & Healthcare organization in the Saint Paul MN 55117 for a contract Senior IT Business Analyst role to assist their team. This is an on-site role.

Revert back with your resume if interested at aahana.kashyap@experis.com

Industry:  Medical Device & Healthcare

Title: Senior IT Business Analyst

Location: Saint Paul MN 55117 

Duration: 12 months 

Pay Rate - 50- 55 $/HR ON W2

Job Description

 Experience at a company that operates in a regulated industry (Med Device Experience desirable but not mandatory) Experience in handling projects related Cloud applications and off the shelf products. Excellent verbal and written communication skills with the ability to influence within and across organizations, functions and business areas Excellent analytical, presentation, and organizational skills and the ability to meet multiple deadlines and work independently Must be able to manage an assignment from start to completion; must be adept at handling multiple assignments in a timely manner and meeting assigned deadlines. Able to leverage and/or engage others to accomplish projects Ability to use discretion and handle sensitive/confidential information. Demonstrated ability to understand and comply with applicable regulations and Company operating procedures, processes, policies, and tasks Must possess advanced computer skills including a working familiarity with system management tools and utilities, spreadsheets and document applications, communication tools, and other directly relevant applications Must also have demonstrated effectiveness in the expeditious execution of IT transactions and the ability to work with clients as a strategic business partner Strong problem solving skills Ability to work in a highly matrixed and geographically diverse business environment. Strong organizational and follow-up skills, as well as attention to detail Ability to maintain regular and predictable attendance (physical and/or virtual)


",,HOURLY,"St Paul, MN",2203697,9,55,,Contract,1,1.71279E+12,,https://www.linkedin.com/jobs/view/3891091654/?trk=jobs_biz_prem_srch,https://click.appcast.io/track/j5ixu9z?cs=jj7&sjg=6cfq,OffsiteApply,1.71546E+12,,Mid-Senior level,,1.71287E+12,click.appcast.io,0,CONTRACT,USD,BASE_SALARY,114400,55071,27163,,,,,,,,,
3905855625,TELUS International AI Data Solutions,Online Data Analyst | Work From Home,"TELUS International AI-Data Solutions partners with a diverse and vibrant community to help our customers enhance their AI and machine learning models. The work of our AI Community contributes to improving technology and the digital experiences of many people around the world. Our AI Community works in our proprietary AI training platform handling all data types (text, images, audio, video, and geo) across 500+ languages and dialects. We offer flexible work-from-home opportunities for people with a passion for languages. The jobs are part-time, and there is no fixed schedule. Whoever you are, wherever you come from, come join our global AI community. www.telusinternational.com

We are hiring freelance English-speaking Online Data Analysts for a project aimed at improving the content and quality of digital maps, which are used by millions of users globally. The job would suit someone who is detail-oriented, likes doing research, and has a good knowledge of national and local geography.

This is a freelance position on a flexible schedule - you can work in your own time whenever work is available. You will be completing research and evaluation tasks in a web-based environment, eg verifying and comparing data, and determining the relevance and accuracy of information. You will be provided with guidelines for each task, which need to be followed.


Requirements:Full Professional Proficiency in EnglishYou must be living in The United States of America for the last 2 consecutive yearsAbility to follow guidelines and do research online using search engines, online maps, and website informationYou must have familiarity with current and historical business, media, sports, news, social media, and cultural affairs in The United States of AmericaBeing open to work across a diverse set of Task Types (e.g. Maps, News, Audio tasks, Relevance)Willingness to learn and adapt to changing guidelines and tasksApplicants must be 18 years or over.
Working on this project will require you to go through a standard recruitment process (including passing an open book assessment). This is a long-term project and your work will occasionally be subject to quality assurance checks.


Why Join the TELUS International AI Community? Earn additional income with flexible hours to fit your lifestyleBetter work-life balanceBe your own bossComplimentary Well-Being package encompassing a wealth of well-being resources.Be part of an online community

Payment:Rate of pay per task is inclusive of reading task guidelines. Payment will be issued in accordance with the terms of the contributor agreement upon successful completion of tasks.

What’s next?If this sounds like a role you’d be interested in taking on, please apply below.https://telusinternational.headway.ai/searchResults/REQ_ID_3248/?org_id=7e019ed4-d02b

""All qualified applicants will receive consideration for employment without regard to race, color, religion, sex, sexual orientation, gender identity, national origin, disability, or protected veteran status.""

Important notice: TELUS International will never request a monetary deposit for any role or project with the company, and our recruitment and sourcing teams only use @telusinternational.com or @telusinternational.ai addresses when emailing candidates.
If you are unsure as to whether a job offer is legitimate, please contact us at TI_AICommunitySupport@telusinternational.com for confirmation.",,,"North Carolina, United States",6611939,1,,,Part-time,,1.71354E+12,1,https://www.linkedin.com/jobs/view/3905855625/?trk=jobs_biz_prem_srch,https://telusinternational.headway.ai/searchResults/REQ_ID_3248/?org_id=7e019ed4-d02b,OffsiteApply,1.71613E+12,,Entry level,,1.71354E+12,,0,PART_TIME,,,,,,,,,,,,,,
3901938989,TekWissen ®,Business Analyst II (UI/UX design) ,"Title: Business Analyst II (UI/UX design) Work Location: Brighton, MI 48116 Duration: 5 Months Job Type: Contract Work Type: Hybrid(2-3 times per month)Pay Rate:  $42-$42/hr. 
Overview:TekWissen Group is a workforce management provider throughout the USA and many other countries in the world. Our client is a health insurance company. It offers different types of health care coverage plans that include individual and family, dental and vision, plans for employers, etc. 
ENGAGEMENT DESCRIPTION: Works closely with stakeholders to analyze and understand business problems and opportunities. Develops business requirements and continuously evaluates processes to ensure IT solutions support and align with business initiatives. Develops the documentation for existing and proposed business processes and functional specifications to ensure IT solutions support and align with business initiatives. Top 3 Required Skills/Experience Proven analytical ability related to analysis of functional business processes is a must. Exceptional verbal and written communications skills, proven organization and attention to detail are required 3 years of Business Analyst experience Required Skills/Experience – The rest of the required skills/experience. Include: Demonstrated ability to lead and drive initiatives through consensus-building Ability to learn and understand new concepts (both business and technical) in a short timeframe and apply that knowledge to help achieve business objectives Strong technology skills with a good understanding of PC based applications, including MS Office Professional and Internet based applications. Demonstrated proficiency with Visio and FIGMA or similar tools Experience with UI/UX design Preferred Skills/Experience – Optional but preferred skills/experience. Include: Agile development experience Experience with JIRA UI/UX design experience Education/Certifications – Include: BS degree preferred",42,HOURLY,"Brighton, MI",766876,7,,42,Contract,1,1.71347E+12,,https://www.linkedin.com/jobs/view/3901938989/?trk=jobs_biz_prem_srch,,ComplexOnsiteApply,1.71606E+12,,Associate,,1.71347E+12,,0,CONTRACT,USD,BASE_SALARY,87360,48114,,,,,,,,,,
3901348758,Intellisoft Technologies,Lead Data Scientist,"Company DescriptionIntellisoft Technologies is a software company founded in 1997 that specializes in providing software products and integrated solutions to Fortune 500 clients. We leverage CMMI Level 3, ISO, and ITIL best practices to deliver full software development life cycle support. Our portfolio of products includes Conversational Analytics AI Platform (Datamorphix.ai), Enterprise learning management platform (Edbrix.com), Background Checks & Human Capital Management Platform (Hrchex.com), and Enterprise VOIP Platform (Orionox.com). We help our clients evaluate, select, and integrate leading-edge technologies.
Position: Lead Data Scientist Contract Type: ContractDuration: 12 monthsLocation/Setup: EST - remote Candidates must reside in DC, MD, or VA
Responsibilities: Building ML models for AI. 
Required Experience: · Senior level Data Scientist experience.· 10 years of relevant work experience.· 6 + years of Python and advanced SQL experience.Nice to have:· PySpark experience
Leads proliferation of machine learning and artificial intelligence throughout the enterprise. Identifies and solves business problems by using various numerical techniques, algorithms, and models in statistical modeling, machine learning, operations research, and data mining. Uses advanced analytical capabilities to support data science initiatives. Communicates across product teams and with customers and educates on artificial intelligence, machine learning, and statistical models. Leads interactions between analytics, business units and other departments. ESSENTIAL FUNCTIONS:· 20% Leads all data mining and extraction activities and applies algorithms to derive insights.· 15% Synthesizes analytical findings for consumption by the teams and senior executives.· 15% Leads proliferation of machine learning and artificial intelligence solutions.· 15% Applies artificial intelligence techniques to achieve concrete business goals while managing limited resources and constraints around data.· 15% Mentors and develops junior data scientists for advanced data analysis.· 10% Translates business priorities and creates data science deliverables.· 10% Leads implementation of ML/AI/DS best practices for new data products and builds robust and scalable software. Education Level: Bachelor's Degree",,,"Virginia Beach, VA",132625,96,,,Contract,24,1.71345E+12,,https://www.linkedin.com/jobs/view/3901348758/?trk=jobs_biz_prem_srch,,ComplexOnsiteApply,1.71604E+12,,,,1.71345E+12,,0,CONTRACT,,,,23451,51810,,,,,,,,,
3887701756,OP Labs,Senior Data Engineer,"We believe Ethereum has the potential to solve some of humanity’s most crucial coordination issues. Since our initial inception as a research group, we have sought to scale both its technology and values.

At present, the most pressing bottleneck to the growth of Ethereum is its performance and scalability. We are building the most elegant solution to this problem. We do this in the open (under an MIT open source license) because we believe in open source innovation and its ability to accelerate growth.

OP Labs is building Optimism mainnet, and by extension, the infrastructure that powers all OP-Stack chains. We are improving Ethereum’s performance by orders of magnitude and donating the profits from doing so to funding Ethereum public goods. By operating as a Public Benefit Corporation, OP Labs can align its incentives with the public good and take positive-sum steps toward a sustainable future for the internet.

What are the role responsibilities? 

Collaborating with business teams to design systems architecture:Design and implement robust, scalable, and optimized data architectures.Lead the development and maintenance of scalable data pipelines and build out new integrations to support continuing increases in data volume and complexity.Pipeline ownership:Develop integrations with third party systems to source, qualify and ingest various datasets.Develop data set processes for data modeling and production.Recommend and implement ways to improve data reliability, efficiency, and quality.Data strategy and execution:Work with stakeholders including the Marketing, Product, Analytics, and Design teams to assist with data-related technical issues and support their data infrastructure needs.BI and data tool enablement:Enable data analytics and visualization tools to extract valuable insights from the data to enable data-driven decisionsInnovation and improvement:Keep up-to-date with the latest industry trends in data engineering.Explore new technologies and approaches for continuous improvement of data systems.Collaboration and communication:Work closely with analytics and business teams to define and refine data requirements for various data and analytics initiatives.Ensure clear communication of project progress and results to stakeholders.Collaborate with data engineers across the wider OP stack and ecosystem to enable open source and publicly available datasets.
What skills do you bring?

4+ years of professional data engineering experienceAdvanced working knowledge of SQL, Python, and experience with relational databasesExperience in building and optimizing 'big data' data pipelines, architectures, and data setsExperience with big data tools: Hadoop, Spark, Kafka, etc.Experience with workflow orchestration management such as Airflow, dbt etc.Experience with Cloud Services such as Google Cloud Services, AWS, etc. Strong analytic skills related to working with unstructured datasets, we are looking for an engineer who can understand the business and how to build to requirementsExcellent communication skills with the ability to engage, influence, and inspire partners and stakeholders to drive collaboration and alignmentSelf-starter who takes ownership, gets results, and enjoys the autonomy of architecting from the ground upExperience with web3 and blockchain protocols is a plus


What will you like about us?

We take care of our employees. Competitive compensation, fully paid medical, dental, and vision, and a 4% 401K match—learn more about our benefits, culture, and all recruiting FAQ here.We take pride in the accomplishments of our teammates and support each other in doing the best work of our careers.Our team is a diverse group of people from varied backgrounds. We cherish our eclecticism and consider it a great strength.We’re fully remote, deeply engaged, highly skilled, and like to have fun.We think long-term. Our founders have been scaling Ethereum since 2015.


We strongly encourage candidates of all different backgrounds to apply. We believe that our work is stronger with a variety of perspectives, and we’re eager to further diversify our company. If you have a background that you feel would make an impact at Optimism, please consider applying. We’re committed to building an inclusive, supportive place for you to do the best work of your career.",,,United States,71494446,162,,,Full-time,51,1.71228E+12,1,https://www.linkedin.com/jobs/view/3887701756/?trk=jobs_biz_prem_srch,https://boards.greenhouse.io/oplabs/jobs/5149992004?gh_src=LinkedIn,OffsiteApply,1.71494E+12,,Mid-Senior level,,1.71235E+12,boards.greenhouse.io,0,FULL_TIME,,,,,,,,,,,,,,
3903846145,Transamerica,Intermediate Analytical Reporting Analyst,"Job Family

Treasury, Capital Management and Asset Liability Management

About Us

At Transamerica, hard work, innovative thinking, and personal accountability are qualities we honor and reward. We understand the potential unleashed by leveraging the talents of a diverse workforce. We embrace an environment where employees enjoy a balance between their careers, families, communities, and personal interests.

Ultimately, we appreciate the uniqueness of a company where talented professionals work collaboratively in a positive environment — one focused on helping people look forward and plan for the best life possible while providing tools and solutions that make it easier to get there.

   

Transamerica is a part of Aegon, an integrated, diversified, international financial services group. The Aegon companies employ over 21,500 people and have approximately 31.7 million customers.* For more information, visit www.transamerica.com.

Who We Are

 

Transamerica has been making financial services available to the many, not just the few, for more than 100 years. We’re a leading provider of life insurance, retirement, and investment solutions, serving millions of customers throughout the United States. Transamerica’s dedicated professionals focus on helping people live their best lives through saving, investing, and protecting their loved ones. Transamerica is dedicated to building America’s leading middle market life insurance and retirement company, providing a broad range of quality individual life insurance policies, workplace supplemental insurance benefits, workplace retirement plans, individual retirement accounts, and investment products, including mutual funds, annuities, stable value solutions, as well as investment management services.

What We Do

Transamerica is organized by lines of business (Life Insurance, Annuities, Mutual Funds, Retirement Plans, and Employee Benefits), which are supported by Transamerica Corporate (Corporate Development; Finance; Internal Audit; Legislative, Regulatory & Policy; Office of the CEO; People and Places; Brand; Corporate Affairs; Risk; and Technology).

Job Description Summary

Provide analytical support to operations, production, and reporting within a disciplined controls environment. Produce model inputs and perform business analysis to deliver key performance indicators and ensure efficient operations, including the creation of asset inventories, economic assumptions, and reinvestment strategies. Provide timely, quality resolution of inquiries and ad hoc requests.

Responsibilities

Job Description 

Run business processes, and manage phases of projects that directly impact Transamerica financials.Support quarterly Statutory/IFRS/DAC/Unlocking/Loss Recognition, Financial Plan/Capital Reforecast, Principles Based Reserves, and C3P1 models, as well as annual Medium Term Plan, and Cash Flow Testing models.Support the annual setting of economic assumptions by working cohesively with members of Life, Health, Annuity, and Risk areas.Engage in annual discussions regarding economic assumption changes and facilitate the creation of model files that reflect the updated assumptions.Assist customers in explanation of model results attribution and reconciliation.Complete required change management documentation each quarter for assumption and/or system updates.Resolve potential issues; escalate as appropriate.Assist audit partners by providing requested documentation and information as needed.Maintain professional and technical knowledge; attend educational workshops, review professional publications, establish personal networks, and participate in professional societies.Improve processes to increase reliability and accuracy of results.

Qualifications

Bachelor's degree in math, actuarial science, statistics, related science field, finance, or related business fieldTwo years of related experience (or some exposure with Master’s degree)Strong knowledge in one or more of the following areas: Insurance liability, asset valuation, derivatives modeling, liquidity management, machine learning, artificial intelligenceGood understanding of investment and finance concepts, and be able to creatively apply them in solving analytical problems in the business setting

Preferred Qualifications

Experience working with asset liability management processes in insurance or bankingUnderstanding of actuarial and accounting

Working Conditions

Hybrid: employees will need to work at a Company office location at times and a remote work location (typically their home) at times. 

Location

Baltimore, MDCedar Rapids, IA

Our commitment to inclusion & diversity means that we value differences. We encourage the unique perspectives of persons and are dedicated to creating a respectful and inclusive work environment.

What We Offer

For eligible employees, we offer a comprehensive benefits package designed to support both the personal and financial well-being of our employees.

Compensation Benefits

Competitive Pay Bonus for Eligible Employees 

Benefits Package

Pension Plan 401k MatchEmployee Stock Purchase PlanTuition ReimbursementDisability InsuranceMedical InsuranceDental InsuranceVision InsuranceEmployee DiscountsCareer Training & Development Opportunities

Health and Work/Life Balance Benefits

Paid Time Off starting at 160 hours annually for employees in their first year of service.Ten (10) paid holidays per year (typically mirroring the New York Stock Exchange (NYSE) holidays).Be Well Company holistic wellness program, which includes Wellness Coaching and Reward Dollars Parental Leave – fifteen (15) days of paid parental leave per calendar year to eligible employees with at least one year of service at the time of birth, placement of an adopted child, or placement of a foster care child.Adoption AssistanceEmployee Assistance ProgramCollege Coach ProgramBack-Up Care ProgramPTO for Volunteer HoursEmployee Matching Gifts ProgramEmployee Resource GroupsInclusion and Diversity ProgramsEmployee Recognition ProgramReferral Bonus ProgramsPeer Recognition Program (BRAVO) As of December 31, 2022

Inclusion & Diversity 

 

We believe our commitment to diversity and inclusion creates a work environment filled with exceptional individuals. We’re thrilled to have been recognized for our efforts through the Human Rights Campaign Corporate Equality Index, Dave Thomas Adoption Friendly Advocate, and several Seramount lists, including the Inclusion Index, 100 Best Companies for Working Parents, Best Companies for Dads, and Top 75 Companies for Executive Women.

 

To foster a culture of inclusivity throughout our workforce, workplace, and marketplace, Transamerica offers a wide range of diversity and inclusion programs. This includes our company-sponsored, employee-driven Employee Resource Groups (ERGs), which are formed around a shared interest or a common characteristic of diversity. ERGs are open to all employees. They provide a supportive environment to help us better appreciate our similarities and differences and understand how they benefit us all.

  

Giving Back 

 

We believe our responsibilities extend beyond our corporate walls. That's why we created the Aegon Transamerica Foundation in 1994. Through a mix of financial grants and the volunteer efforts of our employees, the foundation supports nonprofit organizations focused on the things that matter most to our people in the communities where we live and work.

 

https://www.transamerica.com/why-transamerica/aegon-transamerica-foundation 

 

Transamerica’s Parent Company 

Aegon acquired the Transamerica business in 1999. Since its start in 1844, Aegon has grown into an international company serving more than 29.5 million people across the globe. It offers investment, protection, and retirement solutions, always with a clear purpose: Helping people live their best lives. As a leading global investor and employer, the company seeks to have a positive impact by addressing critical environmental and societal issues, with a focus on climate change and inclusion and diversity.  ",,,"Cedar Rapids, IA",166486,4,,,Full-time,,1.71348E+12,,https://www.linkedin.com/jobs/view/3903846145/?trk=jobs_biz_prem_srch,https://transamerica.wd5.myworkdayjobs.com/en-US/US/job/Baltimore-Maryland/Intermediate-Analytical-Reporting-Analyst_R20054417?source=web_LinkedIn,OffsiteApply,1.71607E+12,,Mid-Senior level,,1.71348E+12,transamerica.wd5.myworkdayjobs.com,0,FULL_TIME,,,,52401,19113,,,,,,,,,
3884441553,OpTech,Data Analyst - Expert with Excel,"Why work at OpTech? OpTech is a woman-owned company that values your ideas, encourages your growth, and always has your back. When you work at OpTech, not only do you get health and dental benefits on the first day of employment, but you also have training opportunities, flexible/remote work options, growth opportunities, 401K and competitive pay. Apply today! Analyst with expertise around MS Excel and Data Analytics needed!  Advanced MS Excel skills including but not limited to Pivot Tables, VLookup and XLookup etcManage data and reports to convert raw data into reports.Create dashboards.Generates reports and provides analyses.Prepares data utilizing standardization and normalization techniques ensuring consistency and reliability in all reports generated.Creates new reporting processes, automates manual processes, maintains and executes scheduled reporting processes, and most importantly validates results first, and then provides insight on metric trends, changes, and cause and effect relationships.Individual is a subject matter expert within their reporting domain frequently required to provide information.Proficient knowledge of advanced functionality in MS Office products. Most importantly Excel.Acute attention to the details and validation steps in each reporting process.Advanced project management skills, including time management / prioritization, managing and measuring work, and communicating results and status.Experience analyzing data and developing management reports and tools.Experience leading and independently representing Retail on project teams.Experience developing and delivering professional presentations.
OpTech is an Equal Opportunity Employer (EOE), all qualified applicants will receive consideration for employment without regard to race, color, religion, sex, sexual orientation, gender identity, national origin, disability, or status as a protected veteran.",42,HOURLY,"Auburn Hills, MI",2425438,186,,35,Contract,72,1.71235E+12,,https://www.linkedin.com/jobs/view/3884441553/?trk=jobs_biz_prem_srch,,ComplexOnsiteApply,1.71494E+12,,Mid-Senior level,,1.71235E+12,,0,CONTRACT,USD,BASE_SALARY,80080,48326,,,,,,,,,,
3905391652,Expedia Group,Senior Business Intelligence Analyst,"If you need assistance during the recruiting process due to a disability, please reach out to our Recruiting Accommodations Team through the Accommodation Request form. This form is used only by individuals with disabilities who require assistance or adjustments in applying and interviewing for a job. This form is not for inquiring about a position or the status of an application.

Senior Business Intelligence Analyst

At Expedia Group, we’re passionate about data-driven decision-making. We are seeking a talented Senior Business Intelligence Analyst to join our Workforce Planning Analytics team. If you thrive on solving complex problems, collaborating with cross-functional teams, and turning data into actionable insights, this role is for you! As a Senior Business Intelligence Analyst, you’ll play a pivotal role in shaping our organization’s success.

What You’ll Do:

Utilize your perfect knowledge of SQL to extract, transform, and load data from various sources.Create insightful reports and dashboards using Tableau, Looker, or similar tools.Collaborate with stakeholders to understand their requirements and translate them into effective visualizations.Work closely with our data engineering team to optimize data pipelines.Automate routine tasks to improve efficiency and accuracy.Be the information liaison between our analytics team and business stakeholders.Partner with Real Time and Scheduling, Forecasting, Operations, Finance, and other teams to provide timely insights.Use your critical thinking skills to troubleshoot data-related issues.Respond to stakeholder requests promptly and professionally.Understand our organization’s processes, objectives, and challenges to provide relevant insights.

Who You Are:

Bachelor’s degree in a related field (Computer Science, Business Analytics, etc.); Master’s preferred.Perfect knowledge of SQL—you can write complex queries in your sleep.Proficiency in at least one data visualization tool (Tableau, Looker, Power BI, etc.).Familiarity with Python or other programming languages (preferred)Excellent communication skills—both written and verbal.Detail-oriented and able to maintain accuracy under pressure.3+ years of experience in business intelligence, data analysis, or a related field.Exposure to reporting in a Contact Center environment is highly valuable.

About Expedia Group:

Expedia Group (NASDAQ: EXPE) powers travel for everyone, everywhere through our global platform. Driven by the core belief that travel is a force for good, we help people experience the world in new ways and build lasting connections. We provide industry-leading technology solutions to fuel partner growth and success, while facilitating memorable experiences for travelers. Expedia Group's family of brands includes: Brand Expedia®, Hotels.com®, Expedia® Partner Solutions, Vrbo®, Egencia®, trivago®, Orbitz®, Travelocity®, Hotwire®, Wotif®, ebookers®, CheapTickets®, Expedia Group™ Media Solutions, Expedia Local Expert®, CarRentals.com™, and Expedia Cruises™.

© 2021 Expedia, Inc. All rights reserved. Trademarks and logos are the property of their respective owners. CST: 2029030-50

About Expedia Group 

Expedia Group (NASDAQ: EXPE) powers travel for everyone, everywhere through our global platform. Driven by the core belief that travel is a force for good, we help people experience the world in new ways and build lasting connections. We provide industry-leading technology solutions to fuel partner growth and success, while facilitating memorable experiences for travelers. Expedia Group's family of brands includes: Brand Expedia®, Hotels.com®, Expedia® Partner Solutions, Vrbo®, trivago®, Orbitz®, Travelocity®, Hotwire®, Wotif®, ebookers®, CheapTickets®, Expedia Group™ Media Solutions, Expedia Local Expert®, CarRentals.com™, and Expedia Cruises™.

© 2021 Expedia, Inc. All rights reserved. Trademarks and logos are the property of their respective owners. CST: 2029030-50

Employment opportunities and job offers at Expedia Group will always come from Expedia Group’s Talent Acquisition and hiring teams. Never provide sensitive, personal information to someone unless you’re confident who the recipient is. Expedia Group does not extend job offers via email or any other messaging tools to individuals to whom we have not made prior contact. Our email domain is @expediagroup.com. The official website to find and apply for job openings at Expedia Group is careers.expediagroup.com/jobs.

Expedia is committed to creating an inclusive work environment with a diverse workforce. All qualified applicants will receive consideration for employment without regard to race, religion, gender, sexual orientation, national origin, disability or age.",,,"Austin, TX",2751,6,,,Full-time,2,1.7134E+12,,https://www.linkedin.com/jobs/view/3905391652/?trk=jobs_biz_prem_srch,https://click.appcast.io/track/j85xpsl-org?cs=4c&jg=72am&bid=lUf2CslKyPxm6i440ZgUYA==,OffsiteApply,1.71609E+12,,Mid-Senior level,,1.7135E+12,click.appcast.io,0,FULL_TIME,,,,78701,48453,,,,,,,,,
3906230754,PrimePay,Data Analyst,"Do you love to build, innovate, create and collaborate? Come grow your career and make an impact with PrimePay - a growth focused, flexible and established Human Capital Management (HCM) SaaS technology company.

As we continue our evolution and growth into a leading HCM SaaS technology provider to businesses, we are seeking our next Data Analyst. The Data Analyst plays a pivotal role in supporting operations and conducting data analytics projects. The primary objective is to provide actionable insights to stakeholders for decision-making and solution development. This role involves implementing data standards, deploying automation tools, and ensuring data integrity through monitoring and troubleshooting database issues.

At PrimePay, we are seeking those excited to build, create, and innovate. We are problem-solvers who move quickly, collaborate with agility and differentiate through people, purpose and commitment. With a 30+ year history, we are writing the next chapter of our journey with a focus on great technology, a People First Culture and a commitment to personal and professional growth. At PrimePay, our extraordinary people create our future every single day. Interested? Join us in our evolution!

Responsibilities:

Lead or assist in managing data analysis projects from inception to completion. This involves defining project scope, objectives, timelines, and deliverables in coordination with stakeholders. Ensure adherence to project milestones and deadlines Develop and implement data standards and best practices to ensure consistency, accuracy, and integrity across datasets. Collaborate with relevant teams to establish and maintain data governance policies Identify opportunities for automation in data extraction, synthesis, and validation processes. Implement automation tools and workflows to streamline repetitive tasks and improve efficiency Oversee database management activities including data storage, retrieval, and security. Proactively monitor data quality and troubleshoot database issues to prevent disruptions and ensure uninterrupted access to data Utilize scripting languages such as Python, R, and SQL to manipulate, analyze, and extract insights from large datasets. Develop and optimize queries to extract specific information relevant to stakeholders' needs Design and develop visually appealing dashboards, reports, and data visualizations using BI analytics and reporting tools. Present complex data in a clear and understandable manner to facilitate decision-making Collaborate closely with stakeholders including business users, analysts, and decision-makers to understand their requirements, objectives, and challenges. Translate business needs into actionable insights and data-driven solutions Stay abreast of industry trends, emerging technologies, and best practices in data analytics. Continuously enhance skills and knowledge through self-learning, training, and participation in professional development activities Maintain documentation related to data analysis processes, methodologies, and findings. Share knowledge and insights with team members to foster a culture of collaboration and knowledge exchange Conduct thorough quality assurance checks on data analysis outputs to ensure accuracy, completeness, and consistency. Implement validation protocols and procedures to validate data accuracy and integrity Provide ad hoc data analysis support to address urgent business needs or inquiries. Quickly analyze data, identify trends, and generate actionable insights to support decision-making in real-time scenarios Collaborate with cross-functional teams such as IT, finance, marketing, and operations to integrate data analytics into various business processes and functions. Identify opportunities for synergy and collaboration to maximize the impact of data insights 

Qualifications

Bachelor’s degree in business, a quantitative field, or equivalent 0-2 years of relevant experience Demonstrate proficiency in using a variety of business intelligence (BI) analytics and reporting tools such as Tableau, Power BI, or QlikView. Ability to leverage these tools to extract, analyze, and visualize data effectively Possess hands-on experience in designing and configuring interactive and user-friendly dashboards. Ability to customize dashboards to meet specific business requirements and present data in a visually compelling manner Strong understanding of data mining techniques and algorithms. Ability to apply data mining methods to discover patterns, trends, and insights from large datasets, driving actionable business recommendations Experience in implementing data quality assurance processes and methodologies. Ability to assess data quality issues, develop strategies for data cleansing and validation, and ensure data accuracy and consistency Familiarity with a wide range of data visualization techniques such as charts, graphs, heatmaps, and infographics. Ability to select the most appropriate visualization method to effectively communicate insights and findings Proficiency in performing forecasting and predictive analytics using statistical methods and machine learning algorithms. Ability to build predictive models, analyze trends, and generate accurate forecasts to support decision-making Strong programming skills in scripting languages such as Python, R, and SQL. Ability to write efficient scripts and queries to manipulate, analyze, and extract insights from complex data sets Solid understanding of statistical analysis concepts such as hypothesis testing, regression analysis, and probability distributions. Ability to apply statistical techniques to analyze data and derive meaningful insights Experience in conducting trend analysis to identify patterns, anomalies, and correlations in historical data. Ability to extrapolate trends and make informed predictions about future outcomes Familiarity with industry-standard data standards and protocols. Proficiency in using statistical software packages such as SPSS, SAS, or Stata for advanced data analysis and modeling Proficiency in using general data analysis software such as Microsoft Excel, Google Sheets, or MATLAB. Ability to perform basic data manipulation, analysis, and visualization tasks using these tools 

PrimePay Offers:

A competitive salary in the $60 - $80K range based on experience Access to personal, group training and career advancement Leadership development through individualized support and career mentoring Medical, dental and vision insurance, 401(k) with match, paid time off, paid holidays, flexible spending account, life insurance and STD/LTD

",80000,YEARLY,"West Chester, PA",21408,4,,60000,Full-time,,1.71356E+12,1,https://www.linkedin.com/jobs/view/3906230754/?trk=jobs_biz_prem_srch,https://primepay.synchr-recruit.com/job/793092/data-analyst?s=linkedin,OffsiteApply,1.71616E+12,,Entry level,,1.71356E+12,primepay.synchr-recruit.com,0,FULL_TIME,USD,BASE_SALARY,70000,19380,42029,,,,,,,,,
3902352279,Xoriant,Senior Business Analyst,"Job Title: Business Analyst Location : Atlanta, GA - HybridDuration : 6 Months to hire 
Examines sets of data and documents to make informed conclusions. Acts as a facilitator within an organization to make internal departments more efficient. Reports data conclusions to a supervisor so appropriate judgment based on data can be made. Identify user needs from user requests and develop strategies by which to meet those needs. Critically evaluate information from multiple sources and clearly indicate quality of final analysis. Communicate complex data in comprehensible ways. Determine, implement, and evaluate business metrics to meet ongoing organizational or customer information needs. Analyze and report on complex data to meet customer needs. 
Skills:Minimum five years of hands-on experience using Microsoft Office Suite, UML, flow charting software, Azure DevOps, project management methodologies, and design tools like Figma.Skilled in organizing information based on reviewing meeting notes, specifications, interviewing clients, architects, and developers Experience designing enterprise web applications. Familiarity with Design Patterns, XML, Microsoft Azure, Angular, .NET, .NET Core, C#, TypeScript and modern SQL and NO SQL databases especially as it related to JSON and JSONB datatypes Experience in researching, planning, and recommending software and systems solution 
Thanks & RegardsArjun ChorgheSenior Recruiter Arjun.Chorghe@Xoriant.com",,,"Atlanta, GA",166996,7,,,Contract,,1.71353E+12,,https://www.linkedin.com/jobs/view/3902352279/?trk=jobs_biz_prem_srch,,SimpleOnsiteApply,1.71613E+12,,,,1.71353E+12,,0,CONTRACT,,,,30303,13121,,,,,,,,,
3901987303,Thermo Fisher Scientific,Associate Business Systems Analyst,"At Thermo Fisher Scientific, you’ll discover meaningful work that makes a positive impact on a global scale. Join our colleagues in bringing our Mission to life - enabling our customers to make the world healthier, cleaner and safer. We provide our teams with the resources needed to achieve individual career goals while taking science a step beyond through research, development and delivery of life-changing therapies. With clinical trials conducted in 100+ countries and ongoing development of novel frameworks for clinical research through our PPD clinical research portfolio, our work spans laboratory, digital and decentralized clinical trial services. Your determination to deliver quality and accuracy will improve health outcomes that people and communities depend on – now and in the future.

Assoc Business Systems Analyst

Assists in formulating and defining systems scope and objectives through research and fact-finding combined with a basic understanding of business systems and industry requirements. Analyzes business and user needs and documents requirements.

Essential Functions

Gathers and writes requirements and design specifications for basic systems.Verifies requirements and design comply with industry regulations and SOPs/WPDs.Works with developers, QA testers, validation team members and managers to create and analyze project documentation.Stays abreast with the latest developments in related technologies and shares knowledge with team members.Trains on new technologies and tools that are related to job duties.

Education:

Bachelor's degree or equivalent and relevant formal academic / vocational qualificationPrevious experience that provides the knowledge, skills, and abilities to perform the job (comparable to 0 to 2 years’) or equivalent combination of education, training, & experience.

Experience:

Years of experience refers to typical years of related experience needed to gain the required knowledge, skills, and abilities necessary to perform the essential functions of the job. Years of experience are not to be used as the only determining factor in establishing the job class or

making employment selection decisions.

Knowledge, Skills, and Abilities:

Basic understanding of system development life cycle and requirements methodologyBasic understanding of requirement gathering methodologies and best practices, such as waterfall, Agile, Spiral, JAD sessions, etc.Basic understanding of different requirement types such as Business, User, Functional, and nonfunctionalBasic MS Office skillsBusiness skills including the following: documentation, presentation, interpersonal, and communicationBasic problem solving and analytical skillsPlanning and organizational skillsAbility to interact with relational databases at a basic level

Work Environment 

Thermo Fisher Scientific values the health and wellbeing of our employees. We support and encourage individuals to create a healthy and balanced environment where they can thrive. Below is listed the working environment/requirements for this role:

Work is performed in an office environment with exposure to electrical office equipment. Occasional drives to site locations with occasional travel both domestic and international.

Our Mission is to enable our customers to make the world healthier, cleaner and safer. Watch as our colleagues explain 5 reasons to work with us. As one team of 100,000+ colleagues, we share a common set of values - Integrity, Intensity, Innovation and Involvement - working together to accelerate research, solve complex scientific challenges, drive technological innovation and support patients in need. #StartYourStory at Thermo Fisher Scientific, where diverse experiences, backgrounds and perspectives are valued.

Apply today! http://jobs.thermofisher.com

Thermo Fisher Scientific is an EEO/Affirmative Action Employer and does not discriminate on the basis of race, color, religion, sex, sexual orientation, gender identity, national origin, protected veteran status, disability or any other legally protected status.

Accessibility/Disability Access

Job Seekers with a Disability: Thermo Fisher Scientific offers accessibility service for job seekers requiring accommodations in the job application process. For example, this may include individuals requiring assistance because of hearing, vision, mobility, or cognitive impairments. If you are a job seeker with a disability, or assisting a person with a disability, and require accessibility assistance or an accommodation to apply for one of our jobs, please submit a request by telephone at 1-855-471-2255*. Please include your contact information and specific details about your required accommodation to support you during the job application process.

This telephone line is reserved solely for job seekers with disabilities requiring accessibility assistance or an accommodation in the job application process. Messages left for other purposes, such as not being able to get into the career website, following up on an application, or other non-disability related technical issues will not receive a response.

",,,"Wisconsin, United States",3081,5,,,Full-time,,1.7135E+12,1,https://www.linkedin.com/jobs/view/3901987303/?trk=jobs_biz_prem_srch,https://jsv3.recruitics.com/redirect?rx_cid=3436&rx_jobId=R-01238348&rx_url=https%3A%2F%2Fjobs.thermofisher.com%2Fglobal%2Fen%2Fjob%2FR-01238348%2FAssociate-Business-Systems-Analyst%3Frx_ch%3Djobpost%26rx_job%3DR-01238348%26rx_medium%3Dpost%26rx_paid%3D0%26rx_r%3Dnone%26rx_source%3Dlinkedin%26rx_ts%3D20240419T024203Z%26rx_vp%3Dlinkedindirectindex%26utm_medium%3Dpost%26utm_source%3Drecruitics_linkedindirectindex&refId=34jd24,OffsiteApply,1.71609E+12,,,,1.7135E+12,jsv3.recruitics.com,0,FULL_TIME,,,,,,,,,,,,,,
3894286618,Capital One,"Senior Data Scientist, - AI Foundations, Personalization","Center 3 (19075), United States of America, McLean, VirginiaSenior Data Scientist, - AI Foundations, Personalization

At Capital One, we think big and do big things. We are a Top-10 bank by deposits—a high-tech company, scientific laboratory, and a nationally recognized brand. Our products reach tens of millions of consumers and have been recognized by numerous prestigious awards for their customer-friendliness. Capital One was the first major bank to move to cloud computing and to publish APIs for the Open Banking future. AI is transforming every industry, at Capital One you will help shape how it transforms financial services.

Team Description: 

The Personalization team in AI Foundations builds and ships state of the art scalable architecture, AI/ML solutions for Capital One’s award-winning mobile app. We partner with product, tech and design teams to deliver app features that delight customers with dynamic and personalized experiences. You will be the driving force to experiment, innovate and create next generation experiences powered by the latest emerging AI/ML technologies.

In this role, you will:

 Partner with a cross-functional team of data scientists, software engineers, product managers, and designers to deliver AI powered products that customers love.  Leverage a broad stack of technologies — PyTorch, Keras, TensorFlow, Scikit-learn, transformers, and more — to reveal the insights hidden within huge volumes of numeric and textual data.  Build machine learning models through all phases of development, from design through training, evaluation, validation, and implementation  Flex your interpersonal skills to translate the complexity of your work into tangible business goals 

The Ideal Candidate is:

 Customer first. You love the process of analyzing and creating, but also share our passion to do the right thing. You know at the end of the day it’s about making the right decision for our customers.  Innovative. You continually research and evaluate emerging technologies. You stay current on published state-of-the-art methods, technologies, and applications in the area of deep learning, natural language processing and recommendation & personalization and seek out opportunities to apply them.  Creative. You thrive on bringing definition to big, undefined problems. You love asking questions and pushing hard to find answers. You’re not afraid to share a new idea.  With an engineering mindset as shown by a track record of delivering models at scale both in terms of training data and inference volumes. Experience in delivering libraries, platform level code to existing products.  A leader. You challenge conventional thinking and work with stakeholders to identify and improve the status quo. You’re passionate about talent development for your own team and beyond. 

Basic Qualifications:

 Currently has, or is in the process of obtaining a Bachelor’s Degree plus 2 years of experience in data analytics, or currently has, or is in the process of obtaining Master’s Degree, or currently has, or is in the process of obtaining PhD, with an expectation that required degree will be obtained on or before the scheduled start dat  At least 1 year of experience in open source programming languages for large scale data analysis  At least 1 year of experience with machine learning  At least 1 year of experience with relational databases 

Preferred Qualifications:

 Master’s Degree in “STEM” field (Science, Technology, Engineering, or Mathematics) plus 3 years of experience in data analytics, or PhD in “STEM” field (Science, Technology, Engineering, or Mathematics)  At least 1 year of experience working with AWS  At least 2 years’ experience in Python, PyTorch, Scala, or R  At least 2 years’ experience with machine learning  At least 2 years’ experience with SQL  At least 2 years' experience working with natural language processing 

Capital One will consider sponsoring a new qualified applicant for employment authorization for this position.

The minimum and maximum full-time annual salaries for this role are listed below, by location. Please note that this salary information is solely for candidates hired to perform work within one of these locations, and refers to the amount Capital One is willing to pay at the time of this posting. Salaries for part-time roles will be prorated based upon the agreed upon number of hours to be regularly worked.

New York City (Hybrid On-Site): $138,500 - $158,100 for Data Science Masters

San Francisco, California (Hybrid On-site): $146,700 - $167,500 for Data Science Masters

Candidates hired to work in other locations will be subject to the pay range associated with that location, and the actual annualized salary amount offered to any candidate at the time of hire will be reflected solely in the candidate’s offer letter.

This role is also eligible to earn performance based incentive compensation, which may include cash bonus(es) and/or long term incentives (LTI). Incentives could be discretionary or non discretionary depending on the plan.

Capital One offers a comprehensive, competitive, and inclusive set of health, financial and other benefits that support your total well-being. Learn more at the Capital One Careers website . Eligibility varies based on full or part-time status, exempt or non-exempt status, and management level.

This role is expected to accept applications for a minimum of 5 business days.No agencies please. Capital One is an equal opportunity employer committed to diversity and inclusion in the workplace. All qualified applicants will receive consideration for employment without regard to sex (including pregnancy, childbirth or related medical conditions), race, color, age, national origin, religion, disability, genetic information, marital status, sexual orientation, gender identity, gender reassignment, citizenship, immigration status, protected veteran status, or any other basis prohibited under applicable federal, state or local law. Capital One promotes a drug-free workplace. Capital One will consider for employment qualified applicants with a criminal history in a manner consistent with the requirements of applicable laws regarding criminal background inquiries, including, to the extent applicable, Article 23-A of the New York Correction Law; San Francisco, California Police Code Article 49, Sections 4901-4920; New York City’s Fair Chance Act; Philadelphia’s Fair Criminal Records Screening Act; and other applicable federal, state, and local laws and regulations regarding criminal background inquiries.

If you have visited our website in search of information on employment opportunities or to apply for a position, and you require an accommodation, please contact Capital One Recruiting at 1-800-304-9102 or via email at RecruitingAccommodation@capitalone.com . All information you provide will be kept confidential and will be used only to the extent required to provide needed reasonable accommodations.

For technical support or questions about Capital One's recruiting process, please send an email to Careers@capitalone.com

Capital One does not provide, endorse nor guarantee and is not liable for third-party products, services, educational tools or other information available through this site.

Capital One Financial is made up of several different entities. Please note that any position posted in Canada is for Capital One Canada, any position posted in the United Kingdom is for Capital One Europe and any position posted in the Philippines is for Capital One Philippines Service Corp. (COPSSC).",,,"McLean, VA",1419,3,,,Full-time,,1.71286E+12,,https://www.linkedin.com/jobs/view/3894286618/?trk=jobs_biz_prem_srch,https://dsp.prng.co/wwrzEqb,OffsiteApply,1.71546E+12,,Mid-Senior level,,1.71286E+12,dsp.prng.co,0,FULL_TIME,,,,22101,51059,,,,,,,,,
3905306415,Confidential,Loan Transformation Data Analyst ,"Loan Transformation Data Analyst 12 month+ possible extension/conversionAll individuals working on-site must be fully vaccinated against COVID-19*** NO C2C***
Loans Transformation Data Analyst:
Function background / context:The Institutional Credit Management (ICM) team is a critical component of First Line of Defense for wholesale lending and counterparty credit risk. ICM partners with businesses wide to ensure we have best-in-class risk and control capabilities. ICM also plays a key role in Transformation efforts by helping to drive a wide focus on wholesale credit risk management. Through ongoing investment in processes, controls, systems, and governance, ICM continues to further embed consistency and best practices across, driving closer alignment between our business and regulatory goals.
ICM Lending Transformation is looking for an experienced Data Analyst, who is proactive, independent, and comfortable with identifying and resolving blockers. Role includes creating and maintaining centralized SharePoint site and associated content for the overall Data Remediation Transformation Program. Develop and maintain automated workflow tools to facilitate regulatory remediation efforts. Support BAU and analytics processes.
You will interact and work closely with multiple areas across the organization, including the broader Institutional Credit Management (ICM) function and the business lines supported by ICM, as we enhance our processes and technology to better deliver for our clients. You will provide data management support to the Transformation teams initiatives.
Responsibilities:• Create and maintain centralized SharePoint site and associated content for overall Data Remediation Transformation Program• Develop and maintain automated workflow tools to facilitate regulatory remediation efforts• Support BAU reporting & analytics processes• Support transformation and/or risk and control agenda/priorities for the larger team• Analysis and report on remediation progress/ metrics to key stakeholders• Design and implement governance processes for escalation where required• Partners with cross function peers to create, administer, track, and eventually close projects• Appropriately assesses risk when decisions are made, demonstrating particular consideration for the firm's reputation and safeguarding its clients and assets, by driving compliance with applicable laws, rules and regulations, adhering to Policy, applying sound ethical judgment regarding personal behavior, conduct and business practices, and escalating, managing and reporting control issues with transparency, as well as effectively supervising the activity of others and creating accountability with those who fail to maintain these standards• Integrates subject matter and industry expertise• Proactively identifies emerging risks and assists the control team with resolving control gaps and issues and helps to create corrective action plans, inclusive of root cause identification and resolution• Actively focus on process improvement, creating efficiencies, and ensuring proactive approach and partnership to audit management• Ensure timely project tracking, status reporting and escalation• Develop and maintain RAID logs and general issue management, with appropriate escalation• Establish strong relationships with stakeholders across at all levels, businesses, and locations
Qualifications:• 10+ years of experience in finance/ project management• Experience and proficiency building data pipelines and performing analytics using KNIME (or similar software)• Experience creating team SharePoint sites and maintaining content to make information and documents easily accessible• Proficiency with Visual Basic for Applications (VBA) for Microsoft Office• Proficiency with SQL and relational database management systems• Strong proficiency with Microsoft Excel• Significant experience building end-user tools with Microsoft Access*Additional experience and knowledge for Internal Candidate• Experience in using Lynx UI, Optima Cognos Reporting Tool, Risk (Facility Management, Collateral) and extracting data from Data Globe (especially data schemas: DGSTREAM, DGFU, DGREF & DGLOBE)• Good understanding on Loan data hierarchy (Request/Credit Agreement/Facility/GFRN) in Lynx.",80,HOURLY,"Tampa, FL",33242739,9,,70,Contract,2,1.71348E+12,,https://www.linkedin.com/jobs/view/3905306415/?trk=jobs_biz_prem_srch,,ComplexOnsiteApply,1.71607E+12,,Mid-Senior level,,1.71348E+12,,0,CONTRACT,USD,BASE_SALARY,156000,33602,12057,,,,,,,,,
3905338394,Cisco,"Senior Software Engineer, Data Engineering - ThousandEyes","Who We Are

The name ThousandEyes was born from two big ideas: the power to see things not ordinarily possible and the ability to collect insights from a multitude of vantage points. As the world continues its digital transformation and relies more on cloud services and the Internet, the “network,” which is now both public and private, has become a black box our customers cannot see or understand.

Our Internet and cloud intelligence platform delivers the only collectively powered real-time view of the Internet and private networks, cloud, and SaaS platforms, helping enterprises and service providers identify problems before they impact revenue, damage brand reputation, or halt employee productivity.

In August 2020, Cisco Systems completed the acquisition of ThousandEyes, which now forms the ThousandEyes Business Unit within the Cisco Networking Business Group and is the Network Assurance solution for Cisco across the Cisco Networking Cloud and Cisco Security Cloud.

About The Role

We are looking for a Senior Data Engineer superhero who is passionate about building next generation Analytics infrastructures and products. You will work directly with our data infrastructure, datasets and analytics tools that are used by Product, Engineering, Marketing, Sales, Finance and Customer Success teams every day.

What You’ll Do

You will contribute to the efforts to build an enterprise-wide ML and AI data platform that will be used across Cisco to power network assurance initiatives across the company. In addition you will participate on a variety of exciting projects that range from designing robust and fully automated data pipelines to building ML-based applications for improving company-wide productivity and the ThousandEyes product. You have a passion for designing, implementing and operating stable, scalable and efficient solutions that move and analyze large data volumes quickly. You are also a self-starter who is comfortable with ambiguity, pays close attention to detail and can work in a fast-paced environment.

In the Data Engineering team we are excited about the impact data can have in our business, product and our customers' experience – we hope you share our enthusiasm!

Qualifications

 BS/MS with quantitative focus (e.g. Economics, Computer Science, Mathematics, Physics, Statistics) or equivalent practical experience  5+ years of experience in data engineering, software engineering, or other related roles  3+ years experience operating databases (e.g. Redshift, MySQL, MongoDB) and advanced query authoring & tuning  3+ years of dimensional data modeling & schema design in data warehouses  3+ years of experience developing and operating large scale big data technologies (e.g. Apache Spark, Presto, HDFS, Apache Kafka, Apache Druid)  Experience with ETL tooling (e.g. Airflow)  Expertise in Python  Experience designing, implementing and maintaining production grade data pipelines  Knowledge of cloud-based production grade data architectures (e.g. AWS EC2, EMR, Glue, S3, Redshift)  An eye for automation and instrumentation in all data-related aspects  Work experience in an interdisciplinary / cross-functional field 

 Preferred Qualifications 

 Working experience in SaaS companies  Strong cross-functional and interpersonal skills with demonstrated ability to communicate technical content to general audiences  Entrepreneurial in nature - able to keep moving initiatives forward in ambiguous situations 

Cisco values the perspectives and skills that emerge from employees with diverse backgrounds. That's why Cisco is expanding the boundaries of discovering top talent by not only focusing on candidates with educational degrees and experience but also placing more emphasis on unlocking potential. We believe that everyone has something to offer and that diverse teams are better equipped to solve problems, innovate, and create a positive impact.

We encourage you to apply even if you do not believe you meet every single qualification . Not all strong candidates will meet every single qualification. Research shows that people from underrepresented groups are more prone to experiencing imposter syndrome and doubting the strength of their candidacy. We urge you not to prematurely exclude yourself and to apply if you're interested in this work.

Cisco is an Affirmative Action and Equal Opportunity Employer and all qualified applicants will receive consideration for employment without regard to race, color, religion, gender, sexual orientation, national origin, genetic information, age, disability, veteran status, or any other legally protected basis. Cisco will consider for employment, on a case by case basis, qualified applicants with arrest and conviction records.

Us – Compensation Range – Message To Applicants

150,900 USD - 222,200 USD

 Message to applicants applying to work in the U.S.: 

When available, the salary range posted for this position reflects the projected hiring range for new hire, full-time salaries in U.S. locations, not including equity or benefits. For non-sales roles the hiring ranges reflect base salary only; employees are also eligible to receive annual bonuses. Hiring ranges for sales positions include base and incentive compensation target. Individual pay is determined by the candidate's hiring location and additional factors, including but not limited to skillset, experience, and relevant education, certifications, or training. Applicants may not be eligible for the full salary range based on their U.S. hiring location. The recruiter can share more details about compensation for the role in your location during the hiring process.

U.S. employees have access to quality medical, dental and vision insurance, a 401(k) plan with a Cisco matching contribution, short and long-term disability coverage, basic life insurance and numerous wellbeing offerings. Employees receive up to twelve paid holidays per calendar year, which includes one floating holiday, plus a day off for their birthday. Employees accrue up to 20 days of Paid Time Off (PTO) each year and have access to paid time away to deal with critical or emergency issues without tapping into their PTO. We offer additional paid time to volunteer and give back to the community. Employees are also able to purchase company stock through our Employee Stock Purchase Program.

Employees on sales plans earn performance-based incentive pay on top of their base salary, which is split between quota and non-quota components. For quota-based incentive pay, Cisco pays at the standard rate of 1% of incentive target for each 1% revenue attainment against the quota up to 100%. Once performance exceeds 100% quota attainment, incentive rates may increase up to five times the standard rate with no cap on incentive compensation. For non-quota-based sales performance elements such as strategic sales objectives, Cisco may pay up to 125% of target. Cisco sales plans do not have a minimum threshold of performance for sales incentive compensation to be paid.",222200,YEARLY,"San Francisco, CA",1063,2,,150900,Full-time,,1.71348E+12,,https://www.linkedin.com/jobs/view/3905338394/?trk=jobs_biz_prem_srch,https://jobs.cisco.com/jobs/ProjectDetail/Senior-Software-Engineer-Data-Engineering-ThousandEyes/1420983?source=LinkedIn,OffsiteApply,1.71607E+12,,,,1.71348E+12,jobs.cisco.com,0,FULL_TIME,USD,BASE_SALARY,186550,94101,6075,,,,,,,,,
3905887769,Fingerpaint Group,Director of Analytics,"Reset your expectations of a health and wellness agency. Independent by design and built on a foundation of empathy, Fingerpaint celebrates what you bring as both a professional and an individual. With talent across the United States and Europe launching more than 200 brands, we are committed to creating and executing meaningful experiences. In 2021, Fingerpaint was named to Ad Age’s Best Places to Work and was awarded Agency of the Year by Med Ad News. Here, creativity happens naturally—we attract top talent and give them a space to grow and collaborate.
The Activation Analytics team oversees our media-based analytics programs and omnichannel campaigns, defining reporting programs that define key business outcomes, objectives and key performance indicators (KPIs). The team develops the tracking infrastructure and creates data-informed narratives that can apply to real-world business opportunities and challenges.
The director role is charged with elevating and optimizing current reporting programs, processes, and outputs, as well as finding new ways to support clients with a data-driven focus in collaboration with the corporate analytics team.
Duties and ResponsibilitiesOversee a portfolio-level reporting and analytics programServe as your portfolio’s liaison to Activation Analytics leadership and work closely with the data engineering team, digital strategy team, and cross-office peers to continue to grow and optimize Fingerpaint’s data initiatives, analytics programs, and practicesLead cross-functional projects using data modeling and analysis techniques to discover insights that will guide strategic decisionsExamine, interpret, and communicate results and business impact of analytical initiatives to key internal stakeholders and client teamsSupport omnichannel initiatives and coordinate with leadership and marketing technology on methodology and execution of customer campaignsOversee team management, reporting objectives, and key performance indicators process to identify trends and evaluate the success of client initiatives and objectivesDevelop and own analysis approach for engagement activities, targeting analysis, reporting, and ad hoc requests with a focus on omnichannelDevelop models and synthesize recommendations on best path forward for specific productsOversee projects and provide guidance to project team on research and client-related issuesOwn and direct all aspects of client development and direction; ensure client satisfaction with project deliverablesManage direct reports and mentor staff outside of direct report responsibilityProvide subject matter expertise to internal and external customers
Requirements and ExperienceMinimum of 10 years of analytics and reporting experience, with a background in pharmaceutical and digital marketing (can be combination of client and agency experience)Expertise with Tableau and programming languages like SQLFamiliarity with syndicated data sources (eg, IQVIA, claims data, etc)Understanding of and experience using analytical concepts and statistical techniques: hypothesis development, designing tests/experiments, analyzing data, drawing conclusions, and developing actionable recommendationsExcellent communication, interpersonal, and management skills are requiredWorking knowledge of data mining principles: predictive analytics, mapping, collecting data from multiple data systems on premises and cloud-based data sourcesStrong problem-solving, quantitative, and analytical abilitiesDemonstrated ability to prioritize and manage workload and meet project deadlinesMust enjoy working in demanding environment as a key member of a dynamic, team-based organization",,,"Cedar Knolls, NJ",213096,,,,Full-time,,1.71354E+12,,https://www.linkedin.com/jobs/view/3905887769/?trk=jobs_biz_prem_srch,https://app.jobvite.com/CompanyJobs/Job.aspx?j=omTHsfw8,OffsiteApply,1.71613E+12,,Director,,1.71354E+12,,0,FULL_TIME,,,,7927,34027,,,,,,,,,
3900983236,Mitchell Martin Inc.,Oracle Business Intelligence Consultant,"Our client is seeking a highly skilled candidate to support a strategic project involving the implementation of a new wires system. This project requires significant updates to six reports on the Client’s main eBanking platform. The ideal candidate should have expert knowledge of Oracle BI Publisher (Version 10.3.1.4) and excellent SQL skills. The role demands the ability to work independently, as the selected individual will manage these report updates solo, with limited support from the team. 
Oracle BI consultant3 months contractChicago, IL
Skillset:Knowledge and experience with this specific version of BI Publisher is needed (as this is an older version with much fewer capabilities than today's version)This person will work within an Agile team structure; however, the team has limited knowledge or experience with this software.The individual should have soft skills that align the Client (bank's) competencies.
If available, match and interested, contact Shilpi.basu@itmmi.com for more details. Your response, referral is highly appreciated.
ThanksShilpi A Basu#630 228 8565",,,"Chicago, IL",488281,26,,,Contract,7,1.71341E+12,,https://www.linkedin.com/jobs/view/3900983236/?trk=jobs_biz_prem_srch,,ComplexOnsiteApply,1.716E+12,,Mid-Senior level,,1.71341E+12,,0,CONTRACT,,,,60601,17031,,,,,,,,,
3901349539,ChabezTech LLC,Senior Data Engineer,"Job Title: Senior Azure Data EngineerLocation: RemoteDuration: Long term
Job Responsibilities:
Design, develop, and implement robust and scalable data solutions utilizing Azure technologies, including Azure Data Factory, Azure SQL Data Warehouse, Azure Databricks, and/or Azure Synapse Analytics.Proficiency in programming languages such as Spark (with either Python or Scala) and SQL.Experience with various databases including SQL Server, Teradata, Snowflake, and Synapse.Solid understanding of data engineering principles, data modeling, data warehousing, and ETL/ELT processes, encompassing data testing, validation, and reconciliation procedures.Hands-on experience with data integration and transformation frameworks, tools, and methodologies.Familiarity with version control systems like Git, GitHub, etc.Collaborate with cross-functional and business teams to grasp business requirements and translate them into technical designs and solutions.Develop and maintain data pipelines, integrations, and transformations to facilitate efficient data processing, storage, and retrieval.Optimize data infrastructure and solutions for performance, scalability, and cost-efficiency, ensuring high availability and reliability.Conduct data profiling, validation, and cleansing activities to maintain data integrity and accuracy.Provide mentorship and technical guidance to junior data engineers, interns, and freshers, promoting knowledge sharing and skill development within the team.

Thanks & RegardsUtsavManagerChabezTech LLC4 Lemoyne Dr #102, Lemoyne, PA 17043, USAUS Office : +1-717-441-5440 Email: utsav@chabeztech.com | www.chabeztech.com",,,"Georgia, United States",67168015,959,,,Contract,566,1.71345E+12,,https://www.linkedin.com/jobs/view/3901349539/?trk=jobs_biz_prem_srch,,ComplexOnsiteApply,1.71604E+12,,Mid-Senior level,,1.71345E+12,,0,CONTRACT,,,,,,,,,,,,,,
3903806210,Capital One,"Senior Associate, Data Scientist - Model Risk Office","Center 1 (19052), United States of America, McLean, VirginiaSenior Associate, Data Scientist - Model Risk Office

Data is at the center of everything we do. As a startup, we disrupted the credit card industry by individually personalizing every credit card offer using statistical modeling and the relational database, cutting edge technology in 1988!

Fast-forward a few years, and this little innovation and our passion for data has skyrocketed us to a Fortune 200 company and a leader in the world of data-driven decision-making.

As a Data Scientist at Capital One, you’ll be part of a team that’s leading the next wave of disruption at a whole new scale, using the latest in computing and machine learning technologies and operating across billions of customer records to unlock the big opportunities that help everyday people save money, time and agony in their financial lives.

Role Description

In this role, you will:

 Partner with a cross-functional team of data scientists, software engineers, and product managers to deliver a product customers love  Leverage a broad stack of technologies — Python, Conda, AWS, H2O, Spark, and more — to reveal the insights hidden within huge volumes of numeric and textual data  Build machine learning models through all phases of development, from design through training, evaluation, validation, and implementation  Flex your interpersonal skills to translate the complexity of your work into tangible business goals 

The Ideal Candidate is:

 Customer first. You love the process of analyzing and creating, but also share our passion to do the right thing. You know at the end of the day it’s about making the right decision for our customers.  A leader. You challenge conventional thinking and work with stakeholders to identify and improve the status quo. You're passionate about talent development for your own team and beyond.  Technical. You’re comfortable with open-source languages and are passionate about developing further. You have hands-on experience developing data science solutions using open-source tools and cloud computing platforms.  Statistically-minded. You’ve built models, validated them, and backtested them. You know how to interpret a confusion matrix or a ROC curve. You have experience with clustering, classification, sentiment analysis, time series, and deep learning.  A data guru. “Big data” doesn’t faze you. You have the skills to retrieve, combine, and analyze data from a variety of sources and structures. You know understanding the data is often the key to great data science. 

Basic Qualifications:

 Currently has, or is in the process of obtaining a Bachelor’s Degree plus 2 years of experience in data analytics, or currently has, or is in the process of obtaining Master’s Degree, or currently has, or is in the process of obtaining PhD, with an expectation that required degree will be obtained on or before the scheduled start date  At least 1 year of experience in open source programming languages for large scale data analysis  At least 1 year of experience with machine learning  At least 1 year of experience with relational databases 

Preferred Qualifications:

 Master’s Degree in “STEM” field (Science, Technology, Engineering, or Mathematics), or PhD in “STEM” field (Science, Technology, Engineering, or Mathematics)  Experience working with AWS  At least 2 years’ experience in Python, Scala, or R  At least 2 years’ experience with machine learning  At least 2 years’ experience with SQL 

The minimum and maximum full-time annual salaries for this role are listed below, by location. Please note that this salary information is solely for candidates hired to perform work within one of these locations, and refers to the amount Capital One is willing to pay at the time of this posting. Salaries for part-time roles will be prorated based upon the agreed upon number of hours to be regularly worked.

New York City (Hybrid On-Site): $138,500 - $158,100 for Data Science Masters

Candidates hired to work in other locations will be subject to the pay range associated with that location, and the actual annualized salary amount offered to any candidate at the time of hire will be reflected solely in the candidate’s offer letter.

This role is also eligible to earn performance based incentive compensation, which may include cash bonus(es) and/or long term incentives (LTI). Incentives could be discretionary or non discretionary depending on the plan

 Capital One will consider sponsoring a new qualified applicant for employment authorization for this position. 

Capital One offers a comprehensive, competitive, and inclusive set of health, financial and other benefits that support your total well-being. Learn more at the Capital One Careers website . Eligibility varies based on full or part-time status, exempt or non-exempt status, and management level.

This role is expected to accept applications for a minimum of 5 business days.No agencies please. Capital One is an equal opportunity employer committed to diversity and inclusion in the workplace. All qualified applicants will receive consideration for employment without regard to sex (including pregnancy, childbirth or related medical conditions), race, color, age, national origin, religion, disability, genetic information, marital status, sexual orientation, gender identity, gender reassignment, citizenship, immigration status, protected veteran status, or any other basis prohibited under applicable federal, state or local law. Capital One promotes a drug-free workplace. Capital One will consider for employment qualified applicants with a criminal history in a manner consistent with the requirements of applicable laws regarding criminal background inquiries, including, to the extent applicable, Article 23-A of the New York Correction Law; San Francisco, California Police Code Article 49, Sections 4901-4920; New York City’s Fair Chance Act; Philadelphia’s Fair Criminal Records Screening Act; and other applicable federal, state, and local laws and regulations regarding criminal background inquiries.

If you have visited our website in search of information on employment opportunities or to apply for a position, and you require an accommodation, please contact Capital One Recruiting at 1-800-304-9102 or via email at RecruitingAccommodation@capitalone.com . All information you provide will be kept confidential and will be used only to the extent required to provide needed reasonable accommodations.

For technical support or questions about Capital One's recruiting process, please send an email to Careers@capitalone.com

Capital One does not provide, endorse nor guarantee and is not liable for third-party products, services, educational tools or other information available through this site.

Capital One Financial is made up of several different entities. Please note that any position posted in Canada is for Capital One Canada, any position posted in the United Kingdom is for Capital One Europe and any position posted in the Philippines is for Capital One Philippines Service Corp. (COPSSC).",,,"Richmond, VA",1419,3,,,Full-time,,1.71347E+12,,https://www.linkedin.com/jobs/view/3903806210/?trk=jobs_biz_prem_srch,https://dsp.prng.co/OuxT3sb,OffsiteApply,1.71606E+12,,Associate,,1.71347E+12,dsp.prng.co,0,FULL_TIME,,,,23219,51760,,,,,,,,,
3894876574,Genmab,"(Senior) Bioinformatics Data Engineer, Translational and Quantitative Sciences Data Engineering","At Genmab, we’re committed to building extra[not]ordinary futures together, by developing antibody products and pioneering, knock-your-socks-off therapies that change the lives of patients and the future of cancer treatment and serious diseases. From our people who are caring, candid, and impact-driven to our business, which is innovative and rooted in science, we believe that being proudly unique, determined to be our best, and authentic is essential to fulfilling our purpose.

The Role

The successful candidate will contribute to the mission of the global data engineering function and be responsible for many aspects of data including creation of data-as-a-product, architecture, access, classification, standards, integration, and pipelines. Although your role will involve a diverse set of data-related responsibilities, your key focus will be on the creation of bioinformatics pipelines to process bulk and single cell genomics and transcriptomics data for the enablement and downstream interpretation of Translational and Quantitative Sciences functions, including Data Science, Translational Medicine, Precision Medicine, and Translational Research. You will have a balance of subject matter expertise in life science data, terminology and processes and technical expertise for hands-on implementation. You will be expected to create workflows to standardize and automate data, connect systems, enable tracking of data, implement triggers and data cataloging. With your experience in the Research domain, you will possess knowledge of diverse assay types such as IHC, flow cytometry, cytokine data, but specialize in genomics and transcriptomics. Your ultimate goal will be to place data at the fingertips of stakeholders and enable science to go faster. You will join an enthusiastic, agile, fast-paced and explorative global data engineering team.

We have a hybrid model that requires being onsite in Princeton, NJ 60% of the time.

Responsibilities

Design, implement and manage ETL data pipelines that process and transform vast amounts of scientific data from public, internal and partner sources into various repositories on a cloud platform (AWS)Incorporate bioinformatic tools and libraries to the processing pipelines for omics assays such as DNASeq, RNASeq, or proteomicsEnhance end-to-end workflows with automation that rapidly accelerate data flow with pipeline management tools such as Step Functions, Airflow, or Databricks WorkflowsImplement and maintain bespoke databases for scientific data (RWE, in-house labs, CRO data) and consumption by analysis applications and AI productsInnovate and advise on the latest technologies and standard methodologies in Data Engineering and Data Management, including recent advancements with GenAI, and latest bioinformatics tools and techniques in RNA sequencing analysisManage relationships and project coordination with external parties such as Contract Research Organizations (CRO) and vendor consultants / contractorsDefine and contribute to data engineering practices for the group, establishing shareable templates and frameworks, determining best usage of specific cloud services and tools, and working with vendors to provision cutting edge tools and technologiesCollaborate with stakeholders to determine best-suited data enablement methods to optimize the interpretation of the data, including creating presentations and leading tutorials on data usage as appropriateApply value-balanced approaches to the development of the data ecosystem and pipeline initiativesProactively communicate data ecosystem and pipeline value propositions to partnering collaborators, specifically around data strategy and management practicesParticipate in GxP validation processes

Requirements

BS/MS in Computer Science, Bioinformatics, or a related field with 5+ years of software engineering experience (8+ years for senior role) or a PhD in Computer Science, Bioinformatics or a related field and 2+ years of software engineering experience (5+ years for senior role)Excellent skills and deep knowledge of ETL pipeline, automation and workflow managements tools such as Airflow, AWS Glue, Amazon Kinesis, AWS Step Functions, and CI/CD is a mustExcellent skills and deep knowledge in Python, Pythonic design and object-oriented programming is a must, including common Python libraries such as pandas. Experience with R a plusExcellent understanding of different bioinformatics tools and databases such as STAR, HISAT2, DESeq2, Seurat and how they’re used on different types of genomic and transcriptomic data such as single cell transcriptomicsSolid understanding of modern data architectures and their implementation offerings including Databricks’ Delta Tables, Athena, Glue, Iceberg, and their applications to Lakehouse and medallion architectureExperience working with clinical data and understanding of GxP compliance and validation processesProficiency with modern software development methodologies such as Agile, source control, project management and issue tracking with JIRAProficiency with container strategies using Docker, Fargate, and ECRProficiency with AWS cloud computing services such as Lambda functions, ECS, Batch and Elastic Load Balancer and other compute frameworks such as Spark, EMR, and Databricks

For US based candidates, the proposed salary band for this position is as follows:

$114,375.00---$190,625.00

The actual salary offer will carefully consider a wide range of factors, including your skills, qualifications, experience, and location. Also, certain positions are eligible for additional forms of compensation, such as bonuses.

About You

You are passionate about our purpose and genuinely care about our mission to transform the lives of patients through innovative cancer treatmentYou bring rigor and excellence to all that you do. You are a fierce believer in our rooted-in-science approach to problem-solvingYou are a generous collaborator who can work in teams with diverse backgroundsYou are determined to do and be your best and take pride in enabling the best work of others on the teamYou are not afraid to grapple with the unknown and be innovativeYou have experience working in a fast-growing, dynamic company (or a strong desire to)You work hard and are not afraid to have a little fun while you do so

Locations

Genmab leverages the effectiveness of an agile working environment, when possible, for the betterment of employee work-life balance. Our offices are designed as open, community-based spaces that work to connect employees while being immersed in our state-of-the-art laboratories. Whether you’re in one of our collaboratively designed office spaces or working remotely, we thrive on connecting with each other to innovate.

About Genmab

Genmab is an international biotechnology company with a core purpose guiding its unstoppable team to strive towards improving the lives of patients through innovative and differentiated antibody therapeutics. For more than 20 years, its passionate, innovative and collaborative team has invented next-generation antibody technology platforms and leveraged translational research and data sciences, which has resulted in a proprietary pipeline including bispecific T-cell engagers, next-generation immune checkpoint modulators, effector function enhanced antibodies and antibody-drug conjugates. To help develop and deliver novel antibody therapies to patients, Genmab has formed 20+ strategic partnerships with biotechnology and pharmaceutical companies. By 2030, Genmab’s vision is to transform the lives of people with cancer and other serious diseases with Knock-Your-Socks-Off (KYSO™) antibody medicines.

Established in 1999, Genmab is headquartered in Copenhagen, Denmark with locations in Utrecht, the Netherlands, Princeton, New Jersey, U.S. and Tokyo, Japan.

Our commitment to diversity, equity, and inclusion

We are committed to fostering workplace diversity at all levels of the company and we believe it is essential for our continued success. No applicant shall be discriminated against or treated unfairly because of their race, color, religion, sex (including pregnancy, gender identity, and sexual orientation), national origin, age, disability, or genetic information. Learn more about our commitments on our website.

Genmab is committed to protecting your personal data and privacy. Please see our privacy policy for handling your data in connection with your application on our website https://www.genmab.com/privacy.

Please note that if you are applying for a position in the Netherlands, Genmab’s policy for all permanently budgeted hires in NL is initially to offer a fixed-term employment contract for a year, if the employee performs well and if the business conditions do not change, renewal for an indefinite term may be considered after the fixed-term employment contract.",,,"Princeton, NJ",12969,6,,,Full-time,,1.71285E+12,,https://www.linkedin.com/jobs/view/3894876574/?trk=jobs_biz_prem_srch,https://genmab.wd3.myworkdayjobs.com/Genmab_Careers_Site/job/Princeton-NJ/XMLNAME--Senior--Bioinformatics-Data-Engineer--Translational-and-Quantitative-Sciences-Data-Engineering_R10505-1,OffsiteApply,1.71545E+12,,Mid-Senior level,,1.71286E+12,genmab.wd3.myworkdayjobs.com,0,FULL_TIME,,,,8540,34021,,,,,,,,,
3901673468,PSEG,Manager of Sustainability Reporting & Analytics,"Job SummarySupports the Director, ESG and Sustainability, in the ongoing development, execution, and refinement of the company’s ESG’s strategy, material priorities, and sustainability-related initiatives.Job ResponsibilitiesActs as the central hub for essential ESG data and analytics, facilitating the gathering and oversight of enterprise ESG data, qualitative and quantitative KPIs, and benchmarking best practices. Presents information and data to key stakeholders as needed.Coordinates corporate responses to ESG surveys and assessments from third-party organizations, including independent rating agencies, and assist in the ongoing due diligence, monitoring, and comprehensive analysis of the company's ESG performance and rankings.Establishes procedures for collecting, aggregating, and reviewing company ESG data, collaboratively working with data SMEs to streamline reporting and to ensure alignment with reporting requirements and internal data governance. Support the team’s data-focused internal controls and continuous improvement efforts.Oversees the business usage of Workiva as the primary tool for reporting ESG-related data. Works with IT to maintain and refine the system to reflect business needs.Undertakes research projects and provides comparative analysis as needed.Monitors and analyzes ESG landscape, including best practices, regulatory developments, accounting metric updates, as well as public opinion and market dynamics, to inform internal strategy and decision-making.Job Specific QualificationsRequiredBachelor's degree in Business/Economics, Government/Political Science/Policy, or Sustainability with at least 7 years of business experience that covers a combination of utility industry experience, deregulated energy markets, and sustainability reportingExcellent written and verbal communication, as well as the ability to communicate effectively at all levels of the organizationHigh comfort with data analysis and presentation.Strong capacity with statistical and quantitative analysis preferredMust be proficient in MSOffice, especially Excel and PowerpointA high level of professionalism and integrity with a strong sense of ownershipCan provide leadership to a team but can also contribute effectively as a team member
DesiredMaster's degreeUnderstanding of key sustainability frameworks and disclosures, including TCFD, SASB, GRI, etc., with a preference for recognized certifications (i.e., GRI, FSA, etc.)Minimum Years of ExperienceEducationCertificationsDisclaimerCertain positions at the Company may require you to have access to Part 810-Controlled Information. Under the law, the Company is limited in who it can share this information with and in certain circumstances it is necessary to obtain specific authorization before the Company can share this information. Accordingly, if the position does require access to this information, you must complete a 10 CFR Part 810 Export Control Compliance Nationality Request Form, a copy of which will be provided to you by Talent Acquisition if an offer is made. If there is a need for specific authorization, due to the time it takes to obtain authorization from the government, we will likely not be able to further proceed with an offer.PSEG is an equal opportunity employer, dedicated to a policy of non-discrimination in employment, including the hiring process, based on any legally protected characteristic. Legally protected characteristics include race, color, religion, national origin, sex, age, marital status, sexual orientation, disability or veteran status or any other characteristic protected by federal, state, or local law in locations where PSEG employs individuals. As an employee of PSEG you should be aware that during storm restoration efforts, you may be required to perform functions outside of your routine duties and on a schedule that may be different from normal operations. For all roles, PSEG’s drug and alcohol testing program includes pre-employment testing, testing for cause, and post-incident/accident testing. For employees in federally regulated roles (including positions covered by USDOT, PHMSA, or NRC regulations), this also includes random testing. Although numerous states throughout the country have legalized marijuana/cannabis products recreationally and/or medically, it is prohibited for employees in federally regulated roles. Employees who are hired or transfer into a federally regulated role are subject to drug and alcohol testing, inclusive of marijuana. Please note that the use of CBD products may result in a positive drug test for THC/Marijuana and such use is not a legitimate medical explanation for such a positive result. PSEG employees must apply for jobs internally through emPower which can be accessed through sharepoint.pseg.com by clicking on the emPower icon, then selecting careers. This site (PSEG Careers and Job Openings) is strictly for candidates who are not currently PSEG employees, with the exception of PSEG employees who do not have company email addresses.PSEG is committed to providing reasonable accommodations to individuals with disabilities. If you have a disability and need assistance applying for a position, please call 973-430-3845 or email accommodations@pseg.com.If you need to request a reasonable accommodation to perform the essential functions of the job, email accommodations@pseg.com. Any information provided regarding a disability will be kept strictly confidential and will not be shared with anyone involved in making a hiring decision.ADDITIONAL EEO/AA INFORMATION (Click link below)Know your Rights: Workplace Discrimination is IllegalPay Transparency Nondiscrimination Provision",,,"Newark, NJ",165586,209,,,Full-time,42,1.71321E+12,,https://www.linkedin.com/jobs/view/3901673468/?trk=jobs_biz_prem_srch,,ComplexOnsiteApply,1.7158E+12,,Mid-Senior level,,1.71321E+12,,0,FULL_TIME,,,,7102,34013,,,,,,,,,
3902357112,Robbie AI,Machine Learning Team Lead,"Please note, this is an Individual Contributor (IC) role.
Robbie AI is seeking a highly skilled and motivated Machine Learning Team Leader with expertise in computer vision to join our dynamic team. As the team leader, you will play a pivotal role in designing, building, and deploying cutting-edge self-learning applications focused on body pose movement, facial expression recognition, basic emotions detection, gender detection, and more. For this, being fluent in reading and writing papers associated with state-of-the-art computer vision and ANN/RNN architectures is desirable.
Responsibilities:Project Leadership:Manage and lead ML in-house teams projects like external labelers and outsourcing of R&DDemonstrate expertise in building Computer Vision projects from scratch, focusing on real-time processing rather than relying solely on off-the-shelf models.Data Preprocessing and Architecture:Design and develop efficient code for preprocessing and storing image-based datasets using custom-built ANN architectures.Utilize your skills to translate literature into practical, real-world products.State-of-the-Art Models Implementation:Demonstrate a strong ability to read and implement cutting-edge deep learning models from research papers related to body pose movement, face detection, basic emotions detection, gender and age detection, and face recognition.Any experience with LLM and ViT Transformers applied to computer vision is very positiveBuild a robust framework to seamlessly apply these models to live video camera feedsTraining and Deployment:Develop and streamline model training and deployment processes, focusing on automation and efficiency.Optimize deep neural networks and associated preprocessing/postprocessing code to ensure smooth operation on servers, edge devices, and specific hardware.Project Management:Utilize your project management skills to guide the ML team towards achieving goals and delivering successful outcomes.Foster a collaborative and innovative environment, promoting knowledge sharing and continuous learning.
Required Qualifications:Proven experience using data science tools, including proficient Python scripting, numpy, scipy, matplotlib, scikit-learn, jupyter notebooks, bash scripting, and working in a Linux environment.Demonstrated ability to manage a team of at least 5 engineers, ensuring effective collaboration and successful project outcomes.Experience working with custom hardware platforms such as Jetson/ARM.Proficiency in deploying and delivering highly optimized inference models at a production level.Strong programming skills in Python3, Bash, Git, and experience with popular deep learning frameworks such as PyTorch or TensorFlow.Solid knowledge of libraries and frameworks like Numpy, OpenCV, CUDA, and TensorRT.Familiarity with C/C++ programming languages for optimizing performance.Desirable experience with Inference servers like Nvidia Triton, KubeML, and other pipeline frameworks.Previous experience working in teams following SCRUM/Kanban methodologies.Excellent communication skills in English, enabling effective collaboration and reporting.Desirable exposure to scientific papers, demonstrating an ability to stay informed about the latest advancements in the field.
Desired Qualifications:Experience working with Google Cloud Platform or Azure services, particularly storage services and on-demand virtual machines.Proficiency in using Make and Makefiles to create targets and streamline build processes.Familiarity with CI/CD (Continuous Integration/Continuous Deployment) tools such as GitLab Jobs, GitHub Actions, and Travis, to automate software testing and deployment workflows.Expertise in encoding/decoding h265 video feeds and knowledge of codecs and transports like HSL (HTTP Live Streaming).Strong sense of teamwork and the ability to collaborate effectively with colleagues from diverse backgrounds.Leadership skills to motivate and empower a team of developers, fostering their growth and improving their capabilities.",,,"Tulsa, OK",11076214,2,,,Full-time,,1.71354E+12,1,https://www.linkedin.com/jobs/view/3902357112/?trk=jobs_biz_prem_srch,https://docs.google.com/document/d/1-HkiosnNQ9_AyG-_S2-wdKyYt5UMvyuKUU5I9HMu9r8/edit?usp=sharing,OffsiteApply,1.71613E+12,,,,1.71354E+12,,0,FULL_TIME,,,,74103,40143,,,,,,,,,
3895584708,TikTok,"Machine Learning Engineer, E-Commerce","Responsibilities

 TikTok is the leading destination for short-form mobile video. At TikTok, our mission is to inspire creativity and bring joy. TikTok's global headquarters are in Los Angeles and Singapore, and its offices include New York, London, Dublin, Paris, Berlin, Dubai, Jakarta, Seoul, and Tokyo. 

Why Join Us
Creation is the core of TikTok's purpose. Our platform is built to help imaginations thrive. This is doubly true of the teams that make TikTok possible. 
Together, we inspire creativity and bring joy - a mission we all believe in and aim towards achieving every day. 
To us, every challenge, no matter how difficult, is an opportunity; to learn, to innovate, and to grow as one team. Status quo? Never. Courage? Always. 
At TikTok, we create together and grow together. That's how we drive impact - for ourselves, our company, and the communities we serve. 
Join us.

About the Teams

By submitting your application to this position, you will have chance to join one of the R&D teams listed below. 

E-commerce - Recommendation and Marketing 
E-commerce is a new and fast growing business that aims at connecting all customers to excellent sellers and quality products on TikTok Shop, through E-commerce live-streaming, E-commerce short videos, and commodity recommendation. We are a group of applied machine learning engineers and research scientists that focus on E-commerce recommendations. We are responsible for building up and scaling our recommendation system to provide the most stable and best shopping experience for our TikTok users. 

E-commerce - Alliance 
The E-commerce Alliance team aims to serve merchants and creators in the e-commerce platform to meet merchants' business indicators and improve creators' creative efficiency. By cooperating with merchants and creators, we aim to provide high-quality content and a personalized shopping experience for TikTok users, create efficient shopping tools at seller centers, and promote cooperation between merchants and creators.

E-commerce - Search
The Search E-Commerce team is responsible for the search algorithm for TikTok's rapidly growing global e-commerce business. We use state-of-the-art large-scale machine learning technology, the cutting-edge NLP, CV and multi-modal technology to build the industry's top-class search engine to provide the best e-commerce search experience, for more than 1 billion monthly active TikTok users around the world. Our mission is to build a world where ""there is no hard-to-sell good-priced product in the world"".

E-commerce - Search Growth 
The Search Growth E-commerce team is at the forefront of developing the search recommendation algorithm for TikTok's rapidly expanding global e-commerce enterprise. Utilizing cutting-edge machine learning technology, advanced NLP, CV, recommendation, and multi-modal technology, we're shaping a pioneering engine within the industry. Our objective is to deliver the ultimate e-commerce search experience to over 1 billion active TikTok users worldwide. Our mission: to create a world where ""there are no hard-to-sell, overpriced products.""

What You Will Do
- Design and build large-scale machine learning algorithms to deeply optimize e-commerce search engines such as query analysis, retrieval, ranking and correlation calculations, and various business indicators of sorting scenarios, including relevance, click-through rate, conversion rate, creator add/post product rate, etc.
- Build machine learning solutions and algorithm strategies by the analysis and mining of a large number of user queries to empower the merchant side and improve the overall matching ability of the platform
- Support the rapid development of TikTok's e-commerce business, serve millions of buyers and sellers, explore more efficient business models, satisfy users with the best shopping experience, and promote healthy ecological development 

Qualifications

 Qualifications
- Bachelor above degree in computer science or relevant areas.
- 3+ years of experience with a solid foundation in data structure and algorithm design, and be proficient in using one of the programming languages such as Python, Java, C++, R, etc.;
- Familiar with common machine/deep learning, causal inference, and operational optimization algorithms, including classification, regression, clustering methods, as well as mathematical programming and heuristic algorithms;
- Familiar with at least one framework of TensorFlow / PyTorch / MXNet and its training and deployment details,as well as the training acceleration methods such as mixed precision training and distributed training;
- Familiar with big data related frameworks and application, those who are familiar with MR or Spark are preferred

Preferred Qualifications:
- Experience in recommendation systems, online advertising, ranking, search, information retrieval, natural language processing, machine learning, large-scale data mining, or related fields.
- Publications at KDD, NeurlPS, WWW, SIGIR, WSDM, ICML, IJCAI, AAAI, RECSYS and related conferences/journals, or experience in data mining/machine learning competitions such as Kaggle/KDD-cup etc.

TikTok is committed to creating an inclusive space where employees are valued for their skills, experiences, and unique perspectives. Our platform connects people from across the globe and so does our workplace. At TikTok, our mission is to inspire creativity and bring joy. To achieve that goal, we are committed to celebrating our diverse voices and to creating an environment that reflects the many communities we reach. We are passionate about this and hope you are too.

TikTok is committed to providing reasonable accommodations in our recruitment processes for candidates with disabilities, pregnancy, sincerely held religious beliefs or other reasons protected by applicable laws. If you need assistance or a reasonable accommodation, please reach out to us at https://shorturl.at/cdpT2 

Job Information:

【For Pay Transparency】Compensation Description (annually) The base salary range for this position in the selected city is $145000 - $355000 annually.Compensation may vary outside of this range depending on a number of factors, including a candidate’s qualifications, skills, competencies and experience, and location. Base pay is one part of the Total Package that is provided to compensate and recognize employees for their work, and this role may be eligible for additional discretionary bonuses/incentives, and restricted stock units.Our company benefits are designed to convey company culture and values, to create an efficient and inspiring work environment, and to support our employees to give their best in both work and life. We offer the following benefits to eligible employees: We cover 100% premium coverage for employee medical insurance, approximately 75% premium coverage for dependents and offer a Health Savings Account(HSA) with a company match. As well as Dental, Vision, Short/Long term Disability, Basic Life, Voluntary Life and AD&D insurance plans. In addition to Flexible Spending Account(FSA) Options like Health Care, Limited Purpose and Dependent Care. Our time off and leave plans are: 10 paid holidays per year plus 17 days of Paid Personal Time Off (PPTO) (prorated upon hire and increased by tenure) and 10 paid sick days per year as well as 12 weeks of paid Parental leave and 8 weeks of paid Supplemental Disability. We also provide generous benefits like mental and emotional health benefits through our EAP and Lyra. A 401K company match, gym and cellphone service reimbursements. The Company reserves the right to modify or change these benefits programs at any time, with or without notice.",355000,YEARLY,"San Jose, CA",33246798,9,,145000,Full-time,1,1.71289E+12,,https://www.linkedin.com/jobs/view/3895584708/?trk=jobs_biz_prem_srch,https://careers.tiktok.com/position/7356029181043525915/detail?spread=5MWH5CQ,OffsiteApply,1.71549E+12,,,,1.7129E+12,careers.tiktok.com,0,FULL_TIME,USD,BASE_SALARY,250000,95101,6085,,,,,,,,,
3886883013,"Imagine Staffing Technology, An Imagine Company",Senior Digital Analytics Specialist (Technical),"Senior Digital Analytics Specialist (Technical)No C2C or sponsorship at this timeRemote, Contract

Contribute to the continuous enhancement and evolution of Digital Banking's strategic and ad-hoc analytics capabilities by examining the unique needs of a business to develop relevant documentation to inform decisions.Develop a variety of fact-based reports that aid management in making decisions related to the creation or expansion of new or existing digital content. Responsible for analyzing data and quality control of reporting and analysis for the Bank's digital portfolio.Develop creative approaches and methodologies to answer critical business questions, evaluate new digital opportunities and assess market potential.Improve quality and efficiency of reporting by creating dashboards that key stakeholders utilize to make informed business decisions and automated processes to consolidate data and assist in implementations of tag management and web analytics software.Provide actionable and insightful recommendations from data mining, segmentation, customer profiling and quantitative analyses with the goals of identifying acquisition, cross-sell, up-sell and retention opportunities from digital channels.Work closely with business partners to integrate and operationalize approved recommendations into business strategies, plans and tactics to support increased return on investment through improved channel-specific performance.Partner with Digital Marketing and Content Management teams to create an appropriate measurement strategy for digital content updates and campaigns.Train business partners in use of analytics capabilities, preparing reports and properly utilizing report data.Understand and adhere to the Company's risk and regulatory standards, policies and controls in accordance with the Company's Risk Appetite.Identify risk-related issues needing escalation to management.Promote an environment that supports diversity and reflects the brand.Maintain internal control standards, including timely implementation of internal and external audit points together with any issues raised by external regulators as applicable.Complete other related duties as assigned.
Responsibilities: 1. Utilize analytic techniques to extract insights and key metrics from large datasets. 2. Automate and maintain data visualizations, dashboards, and reports. 3. Document end-to-end processes around automated reporting. 4. Migrate existing Tableau dashboards to PowerBI. Requirements: 1. Experience with SQL, data analysis, reporting and building dashboards. 2. Proficiency in SQL and one or more of the following programming languages: SAS, Python, or R. 3. Proficiency in data visualization tools such as Tableau or Power BI. 4. Ability to work independently and as part of a team in a fast-paced environment. 5. Attention to detail and strong problem-solving skills. Preferred Qualifications: 1. Experience with Hadoop data environment. 2. Experience in the Financial Industry. 3. Experience with Digital Analytics.
Skills & Experience:Bachelors degree and a minimum of 4 years marketing, product management, financial, analytics, and/or data management experience, or in lieu of a degree.Combined minimum of 8 years higher education and/or work experience, including a minimum of 4 years marketing, product management, financial, analytics and/or data management experience.Knowledge of statistical concepts.Proven analytical skills.Experience compiling and interpreting technical information.Experience presenting to a non-technical audience.Strong verbal and written communication skills.",,,Buffalo-Niagara Falls Area,741968,81,,,Full-time,21,1.71266E+12,1,https://www.linkedin.com/jobs/view/3886883013/?trk=jobs_biz_prem_srch,,ComplexOnsiteApply,1.71525E+12,,Mid-Senior level,,1.71266E+12,,0,FULL_TIME,,,,,,,,,,,,,,
3885112244,,Business Analyst,"Business Analyst will be part of a core central project execution team within Front Office, that ensures the timely execution of Project deliverables across workstreams.
Responsibilities of this role:Set up and facilitate meetings with Stakeholders to understand business processes, pain points, and project requirements.Understand program needs and document clear and detailed business requirements, including the creation of process flows.Acts as a translator between the stakeholder and other team members to help the business team understand the client’s vision.Operate in both an Agile and traditional Waterfall environments while actively supporting deliverable creation and delivery.Routinely record and send out meeting minutes, decisions, and action items to team membersQualifications2+ years of experience as a Business Analyst or relevant professional experience in a variety of backgrounds and industriesExperience working in and utilizing various business analysis techniques with Agile and or traditional project management principlesExperience working as part of a multi-function project team, including interacting and following-up with multiple stakeholders including but not limited to program leaders, SMEs, process owners, IT staff, etc.Skills Required:Strong analytical, planning, and organization skillsDemonstrates strong time management skills and is able to manage competing demandsExcellent presentation and written communication skills with experience interacting at all levels including at the executive levelSolid understanding of and demonstrated experience in using project management tools such as PowerPoint, Excel, Microsoft Project, Visio, and all Office toolsWillingness to learn new skills and dedicated to self-growth
",100000,YEARLY,United States,,10,,80000,Full-time,2,1.71244E+12,1,https://www.linkedin.com/jobs/view/3885112244/?trk=jobs_biz_prem_srch,,ComplexOnsiteApply,1.72799E+12,,,,1.71244E+12,,0,FULL_TIME,USD,BASE_SALARY,90000,,,,,,,,,,,
3902861372,Okta,Staff Machine Learning Engineer (Customer Identity),"Get to know Okta

Okta is The World’s Identity Company. We free everyone to safely use any technology—anywhere, on any device or app. Our Workforce and Customer Identity Clouds enable secure yet flexible access, authentication, and automation that transforms how people move through the digital world, putting Identity at the heart of business security and growth.

At Okta, we celebrate a variety of perspectives and experiences. We are not looking for someone who checks every single box - we’re looking for lifelong learners and people who can make us better with their unique experiences.

Join our team! We’re building a world where Identity belongs to you.

The CIC Engineering Team

Okta’s Customer Identity Cloud (CIC), powered by Auth0 technology, is an

easy-to-implement authentication and authorization platform designed by developers for developers. We make access to applications safe, secure, and seamless for the more than 100 million daily logins around the world. Our modern approach to identity enables this Tier-Ø global service to deliver convenience, privacy, and security so customers can focus on innovation.

Machine Learning Engineer

The Machine Learning team is responsible for building machine learning models, and developing various infrastructure and platform components to scale up machine learning operations.

The Staff Machine Learning Engineer will help lead, build, scale and maintain the development and production platforms. The ideal candidate will have a deep technical background and hands-on experience in building and deploying Machine Learning systems, as well as promoting a data-driven culture across the organization. They would not hesitate to wrangle data, if necessary, and are acutely familiar with what makes an effective and efficient machine learning team. They will also show passion generally for the field of applied machine learning. Additionally, the candidate will have interest in learning about and potentially contributing toward cutting edge open source Machine Learning and Data Science technologies.

Responsibilities

Design and implement infrastructure and platform components for training, deploying, and monitoring machine learning models in production.Build pipelines to ingest data from myriad sources into a centralized data lake for various use cases.Collaborate with production engineering teams to ensure that machine learning models integrate successfully into production environments while adhering to performance and availability SLOs.Participate in project planning, design, development, and code reviews. Communicate verbally and in writing to business customers and leadership teams with various levels of technical knowledge, educating them about our systems, as well as sharing insights and recommendations.Partnership across Engineering, Product Management, Security and Design teams to solve technical and non-technical challenges.

Basic Qualifications

Bachelor's degree in Computer Science, Engineering, Statistics or a related quantitative field. Fluency in a computing language, e.g. Python, Scala, C++, Java, etc.Experience with building production systems and platforms at scale. Familiar with full AI/ML lifecycle from model development, training, testing, deployment, monitoring, and refining and iterating.Knowledge in handling large datasets using SQL and databases in a business environment.Excellent verbal and written communication.Exceptional troubleshooting and problem solving skills.Thrive in a fast-paced, innovative environment.

Preferred Qualifications

Knowledge of AWS Redshift, Snowflake or similar databases.Experience with data workflow platforms such as Airflow, and container technologies such as Docker and Kubernetes. Familiar with Python and machine learning/data science libraries such as Scikit-learn and Pandas for analyzing and modeling data.Familiar with multiple machine learning algorithmic methodologies, such as decision trees, logistic regression, Bayesian analysis, and others.Superior verbal and written communication skills with the ability to advocate technical solutions effectively to data scientists, engineering teams and business audiences.Ability to deal well with ambiguity, ability to self-motivate, prioritizing needs, and delivering results in a dynamic environment.Combination of deep technical skills and business savvy to interface with all levels and disciplines within our and our customer’s organizations. 

Below is the annual base salary range for candidates located in California, Colorado, New York and Washington. Your actual base salary will depend on factors such as your skills, qualifications, experience, and work location. In addition, Okta offers equity (where applicable), bonus, and benefits, including health, dental and vision insurance, 401(k), flexible spending account, and paid leave (including PTO and parental leave) in accordance with our applicable plans and policies. To learn more about our Total Rewards program please visit: https://rewards.okta.com/us.

The annual base salary range for this position for candidates located in California (excluding San Francisco Bay Area), Colorado, New York, and Washington is between:

$168,000—$252,000 USD

The annual base salary range for this position for candidates located in the San Francisco Bay area is between:

$188,000—$282,000 USD

What you can look forward to as an Full-Time Okta employee!

Amazing BenefitsMaking Social ImpactFostering Diversity, Equity, Inclusion and Belonging at Okta 

Okta cultivates a dynamic work environment, providing the best tools, technology and benefits to empower our employees to work productively in a setting that best and uniquely suits their needs. Each organization is unique in the degree of flexibility and mobility in which they work so that all employees are enabled to be their most creative and successful versions of themselves, regardless of where they live. Find your place at Okta today! https://www.okta.com/company/careers/.

Okta is an Equal Opportunity Employer. All qualified applicants will receive consideration for employment without regard to race, color, religion, sex, sexual orientation, gender identity, national origin, ancestry, marital status, age, physical or mental disability, or status as a protected veteran. We also consider for employment qualified applicants with arrest and convictions records, consistent with applicable laws. If reasonable accommodation is needed to participate in the job application or interview process, please use this Form to request an accommodation.

Okta is committed to complying with applicable data privacy and security laws and regulations. For more information, please see our Privacy Policy at https://www.okta.com/privacy-policy/.

",,,United States,926041,2,,,Full-time,,1.71348E+12,1,https://www.linkedin.com/jobs/view/3902861372/?trk=jobs_biz_prem_srch,https://www.okta.com/company/careers/opportunity/5918729?gh_jid=5918729&gh_src=7j0um41,ComplexOnsiteApply,1.71616E+12,,,,1.71356E+12,www.okta.com,0,FULL_TIME,,,,,,,,,,,,,,
3905208418,Constellis,Manager Resources and Analytics,"Position Summary

The Manager of Resources and Analytics will first and foremost be a good collaborator who communicates department goals and targets to their team. They will manage their employees’ schedules, delegating assignments accordingly, and ensuring their team is meeting department, team, or individual deadlines. They will spend much of their time developing and implementing comprehensive tools and strategies that allow raw data to be transformed into business insights that will be used for decision making and strategic planning across high levels of the business.

To succeed, the Manager of Resources and Analytics will need to develop a firm grasp of data structures, database design, and applied systems analysis that are both demonstratable and applicable. Excellent technical skills are required for working with a variety of database types and for comprehending SQL platforms.

Responsibilities

Develop and maintain data models, reporting systems, dashboards, and performance metrics that support key business decisions.Develop effective business intelligence and analytic strategies and solutions.Supervise analytics projects that extract, manage, and analyze customer data from a variety of applications, while adhering to strict deadlinesAdhere to company policies and procedures to ensure quality and avoid inconsistencies.Ensure that key performance metrics are communicated and tracked across departments.Maintain current knowledge of Background Investigations industry best practices and policies.Monitor performance and collect feedback from Managers and Customers. Support the development of new programsOther duties as assigned

Qualifications

At minimum, active Tier 3 security clearance4-year bachelor’s degreeThree to five years of experience in the Background Investigation industry is desired.Expert Microsoft Excel skills to include pivot tables, simple data models, data source linking and macros.Advanced Microsoft Word skills to include mail merge and forms.Proficient in Microsoft Power Platform, SharePoint and other typical Microsoft Office applications.Team leadership and management experience Experience using analytics techniques to contribute to company growth efforts, increasing revenue and other key business outcomes.Strong problem solving, quantitative and analytical abilities.Strong ability to plan and manage numerous processes, people and projects simultaneously.Excellent communication, collaboration, and delegation skills.Experience working with and creating databases and dashboards using all relevant data to inform decisions.

Benefits

Constellis offers a comprehensive, total rewards package that includes competitive compensation and a flexible benefits package that reflect its commitment to creating a diverse and supportive workplace.

Medical, Vision & Dental InsurancePaid Time-Off Program & Company Paid Holidays401(k) Retirement PlanInsurance: Basic Life & Supplemental LifeHealth & Dependent Care Flexible Spending AccountsShort-Term & Long-Term DisabilityPersonal Development & Learning OpportunitiesOn-the-job Training, Skills Development & CertificationsEmployee Referral ProgramCorporate Sponsored Events & Community Outreach",,,United States,2565117,10,,,Full-time,,1.71346E+12,,https://www.linkedin.com/jobs/view/3905208418/?trk=jobs_biz_prem_srch,https://recruiting.adp.com/srccar/public/RTI.home?r=5001037044906&c=1153651&d=ExternalCareerSite&rb=LINKEDIN,OffsiteApply,1.71605E+12,,Mid-Senior level,,1.71346E+12,recruiting.adp.com,0,FULL_TIME,,,,,,,,,,,,,,
3906261179,Navy Federal Credit Union,Principal Data Scientist (Credit Risk & Decision Science),"Overview

The Credit Risk & Decision Science team within the Lending Analytics department is responsible for developing and implementing analytical solutions that drive changes to underwriting policies across Navy Federal Credit Union’s various lending products. Data scientists within this team will focus on two areas. Firstly, they will leverage analytics to define and monitor credit card account management strategies such as proactive line increase and reactive line increase to name a few. This will include developing and recommending test and control strategies to better understand cardholder behavior. Secondly, data scientists will leverage the existing pricing framework to support rate changes across various lending portfolios. Successful candidates will exhibit effective communication and analytical skills as well as strong leadership qualities.

This position is eligible for the TalentQuest employee referral program. If an employee referred you for this job, please apply using the system-generated link that was sent to you.

Responsibilities

Design, develop, and evaluate large and complex predictive models and advanced algorithms Test hypotheses/models, analyze, and interpret resultsDevelop actionable insights and recommendationsDevelop and code complex software programs, algorithms, and automated processesUse evaluation, judgment, and interpretation to select right course of actionWork on problems of diverse scope where analysis of information requires evaluation of identifiable factorsProduce innovative solutions driven by exploratory data analysis from complex and high-dimensional datasetsTransform data into charts, tables, or format that aids effective decision makingUtilize effective written and verbal communication to document analyses and present findings analyses to a diverse audience of stakeholders Develop and maintain strong working relationships with team members, subject matter experts, and leadersLead moderate to large projects and initiativesModel best practices and ethical AIWorks with senior management on complex issuesAssist with the development and enhancement practices, procedures, and instructionsServe as technical resource for other team membersMentor lower levels


Qualifications

6+ years of experience with requisite competenciesFamiliar with analytical frameworks used to support the pricing of lending productsFamiliar with analytical models/analysis used to support credit card underwriting and account management underwriting policiesFamiliar using GitHub for documentation and code collaboration purposesComplete knowledge and full understanding of specializationStatistics, machine learning , data mining, data auditing, aggregation, reconciliation, and visualizationProgramming, data modeling, simulation, and advanced mathematics SQL, R, Python, Hadoop, SAS, SPSS, Scala, AWSModel lifecycle executionTechnical writingData storytelling and technical presentation skillsResearch SkillsInterpersonal SkillsAdvanced knowledge of procedures, instructions and validation techniquesModel DevelopmentCommunicationCritical ThinkingCollaborate and Build RelationshipsInitiative with sound judgementTechnical (Big Data Analysis, Coding, Project Management, Technical Writing, etc.)Independent JudgmentProblem Solving (Identifies the constraints and risks)Bachelor's Degree in Data Science, Statistics, Mathematics, Computers Science, Engineering, or degrees in similar quantitative fields


Desired Qualification(s)

Master's/PhD Degree in Data Science, Statistics, Mathematics, Computers Science, or Engineering


Hours: Monday - Friday, 8:00AM - 4:30PM

Location: 820 Follin Lane, Vienna, VA 22180

About Us

You have goals, dreams, hobbies, and things you're passionate about—what's important to you is important to us. We're looking for people who not only want to do meaningful, challenging work, keep their skills sharp and move ahead, but who also take time for the things that matter to them—friends, family, and passions. And we're looking for team members who are passionate about our mission—making a difference in military members' and their families' lives. Together, we can make it happen. Don't take our word for it:

 Military Times 2022 Best for Vets Employers WayUp Top 100 Internship Programs Forbes® 2022 The Best Employers for New Grads Fortune Best Workplaces for Women Fortune 100 Best Companies to Work For® Computerworld® Best Places to Work in IT Ripplematch Campus Forward Award - Excellence in Early Career Hiring Fortune Best Place to Work for Financial and Insurance Services


Equal Employment Opportunity: Navy Federal values, celebrates, and enacts diversity in the workplace. Navy Federal takes affirmative action to employ and advance in employment qualified individuals with disabilities, disabled veterans, Armed Forces service medal veterans, recently separated veterans, and other protected veterans. EOE/AA/M/F/Veteran/Disability EOE/AA/M/F/Veteran/Disability

Disclaimers: Navy Federal reserves the right to fill this role at a higher/lower grade level based on business need. An assessment may be required to compete for this position. Job postings are subject to close early or extend out longer than the anticipated closing date at the hiring team’s discretion based on qualified applicant volume. Navy Federal Credit Union assesses market data to establish salary ranges that enable us to remain competitive. You are paid within the salary range, based on your experience, location and market position

Bank Secrecy Act: Remains cognizant of and adheres to Navy Federal policies and procedures, and regulations pertaining to the Bank Secrecy Act.",199900,YEARLY,"Vienna, VA",11568,5,,127900,Other,,1.71357E+12,,https://www.linkedin.com/jobs/view/3906261179/?trk=jobs_biz_prem_srch,https://jobs.talemetry.com/navyfederal/jobs/apply?tm_event=view&tm_company=903&utm_medium=jobboard&tm_job=16686&returnUrl=https%3A%2F%2Ffa-etbx-saasfaprod1.fa.ocs.oraclecloud.com%2FhcmUI%2FCandidateExperience%2Fen%2Fsites%2FCX_1%2Fjob%2F16686&bid=56&job_list_id=1045&utm_source=linkedin,OffsiteApply,1.71616E+12,,Entry level,,1.71357E+12,jobs.talemetry.com,0,OTHER,USD,BASE_SALARY,163900,22180,51059,,,,,,,,,
3904942700,TELUS International,Online Data Analyst,"We are hiring freelance English speaking Online Data Analysts for a project aimed at improving the content and quality of digital maps, which are used by millions of users globally. The job would suit someone who is detail-oriented, likes doing research and has a good knowledge of national and local geography.
This is a freelance position on a flexible schedule - you can work in your own time whenever work is available. You will be completing research and evaluation tasks in a web-based environment, e.g., verifying and comparing data, determining the relevance and accuracy of information. You will be provided with guidelines for each task, which need to be followed. The project offers a variety of tasks, and work is paid per task.
RequirementsFull Professional Proficiency in English You must be living in the USA for the last 2 consecutive yearsAbility to follow guidelines and do research online using search engines, online maps and website informationYou must have familiarity with current and historical business, media, sport, news, social media and cultural affairs in USABeing open to work across a diverse set of Task Types (e.g. Maps, News, Audio tasks, Relevance)Applicants must be 18 years or over.
Working on this project will require you to go through a standard recruitment process (including passing an open book assessment). This is a long-term project and your work will occasionally be subject to quality assurance checks.
Why Join the TELUS International AI Community?Earn extra incomeAccess to our community wellbeing initiativeBe your own bossFlexible Hours to fit in with your lifestyleBe a part of an online community
TELUS International AI-Data Solutions partners with a diverse and vibrant community to help our customers enhance their AI and machine learning models. The work of our AI Community contributes to improving technology and the digital experiences of many people around the world. Our AI Community works in our proprietary AI training platform handling all data types (text, images, audio, video and geo) across 500+ languages and dialects. We offer flexible work-from-home opportunities for people with passion for languages. The jobs are part-time, and there is no fixed schedule. Whoever you are, wherever you come from, come join our global AI community. www.telusinternational.com

If you have any questions, do not hesitate to contact us at sourcingteam9@telusinternational.ai",,,"Manchester, VT",1258653,13,,,Part-time,2,1.71345E+12,1,https://www.linkedin.com/jobs/view/3904942700/?trk=jobs_biz_prem_srch,https://jobs.telusinternational.com/en_US/careers/PipelineDetail/Online-Data-Analyst-English-USA/21404,OffsiteApply,1.71604E+12,,Entry level,,1.71345E+12,,0,PART_TIME,,,,,,,,,,,,,,
3903444746,Gypsum Management and Supply,Junior Data Analyst,"Founded in 1971, Gypsum Management & Supply, Inc. (GMS) is the leading North American specialty distributor of interior building products. Our product offerings of wallboard, ceilings and complementary construction products are designed to provide a comprehensive solution for our core customer- building contractors who install our products in commercial and residential buildings. GMS's operating model enables GMS to continue to grow and expand in scope, while maintaining a high level of customer service, promoting an entrepreneurial culture, and preserving the customer intimacy of a local business.

GMS and its family of companies operate a network of nearly 300 building product distribution yards, and more than 100 tool sales and service centers, for customers across the U.S. and Canada. The Field Support Center in Tucker, Georgia serves each GMS location, providing the support needed to enable local teams to deliver outstanding service to contractors and builders in their local communities.

Position Summary

The primary function of the FP&A Junior Data Analyst is to create, maintain, analyze, and improve a wide variety of PowerBI reports and dashboards which help to analyze key areas of the business to ensure all leaders and managers are able to make informed decisions. This position will work with the PowerBI team to help create meaningful analysis tools using all facets of Microsoft BI and other data tools. This position will be expected to quickly and efficiently respond to ad-hoc user requests with scalable solutions.

Duties & Responsibilities

Use PowerBI and other data tools to help create and improve upon the reporting capabilities at GMS.Work with existing PowerBI reporting to help improve and optimize data models and visualizations.Identify and deploy solutions to help automate processes and reduce data latency.Optimize and customize existing reports to help users analyze their businesses and understand best practices.Assist with the maintenance and administration of the PowerBI online service.Assist with ad-hoc reporting requests – including PowerBI, Excel or SSRS.Help with the creation of and implementation of machine learning tools and models.

Basic Qualifications

Bachelor's degree in Data Analytics or equivalentMust be proficient in Excel, Visual Basic preferredMust be proficient in Power BI and M/Power Query/DAXMachine learning experience preferredBackground and credit check required

Core Competencies 

Strive to do the right thing by displaying trust and integrity.Embody the principles of servant leadership, even in a non-people management role, by putting the needs of others first, valuing diverse perspectives by sincerely appreciating and considering others’ opinions and ideas and demonstrating a positive and humble attitude.Demonstrated ability to work independently and on a team; ability to lead, execute and/or delegate as needed, while also collaborating with others to get the job done.Establish and maintain effective working relationships at every level of the organization; invest in building relationships with the Field Operations and Field Support Center team members.Help champion an inclusive working environment by:Empowering others to bring their full selves to the workplace.Celebrating, welcoming, and valuing the different backgrounds and experiences that make up our workforce.Recognizing that all team members are valued, regardless of race, background, tenure, or title.Ability to self-manage, show initiative, be proactive, and drive results.Communicate professionally, both verbally and in writing to coworkers and customers
Physical Requirements

Must be able to remain in stationary position in an office environment: 80%Will frequently move about inside the office to access files, office machinery, etc.Must be able to operate basic office machinery.Must be able to lift and move any files weighing up to 12 pounds for audits or etc.Must be able to communicate with team and management and be able to exchange accurate information in these situations.

Required Cognitive Skills

Must be able to problem solve and prioritize tasks.Must be able to manage stress depending on deadlines and ongoing projects. Must be able to multitask.Must be able to receive and analyze information.Must be able to quickly communicate solutions if problems occur.Must be able to demonstrate a high degree of sound judgement and initiative.

Benefits & Perks

Medical, Dental, Vision, Disability & Life InsuranceWellness Benefits401(k) Retirement PlanEmployee Stock Purchase ProgramPaid Holidays & Vacation DaysProfessional Growth OpportunitiesDevelopment & Training Programs

This job description is subject to change at any time.

EQUAL OPPORTUNITY EMPLOYER

Launch your career with a national building materials distributor and discover opportunities for growth and advancement. We value our team members and believe them to be our greatest assets. As such, we invest in training and strive to provide a work-life balance.

Apply Now",,,"Tucker, GA",2491610,39,,,Full-time,20,1.71345E+12,,https://www.linkedin.com/jobs/view/3903444746/?trk=jobs_biz_prem_srch,https://us241.dayforcehcm.com/CandidatePortal/en-US/gms1/Posting/View/5895,OffsiteApply,1.71605E+12,,Entry level,,1.71345E+12,us241.dayforcehcm.com,0,FULL_TIME,,,,30084,13089,,,,,,,,,
3904933849,HireTalent - Diversity Staffing & Recruiting Firm,Business Systems Analyst #: 24-02678,"Years of Experience: Level 2 (3 to<5 Years)

Right to hire: Yes

Job Description

In this role you will:

Evaluating business processes, anticipating requirements, uncovering areas for improvement, and developing and implementing solutions.Leading ongoing reviews of business processes and developing optimization strategies.Staying up-to-date on the latest process and IT advancements to automate and modernize systems.Continuous upskilling of user platforms to support and in some cases administer updates within the system (configuration, tables, administration).Conducting meetings and presentations to share ideas and findings.Performing requirements analysis.Documenting and communicating the results of your efforts.Effectively communicating your insights and plans to cross-functional team members and management.Performing user acceptance testing.Working closely with the Product Owner ensuring the team is focused on the right priorities.Creating and developing user stories and maintaining the backlog.Managing competing priorities.Monitoring deliverables and ensuring timely completion of projects.Develop proficient to advanced skills with MS Office (Excel, PowerPoint, Word, Outlook) and AGILE tools (JIRA, MIRO).

Required Qualifications

Ability to influence and negotiate with key decision makers.Agile mindset.Requirement documentation.Process flow diagrams.Organized & Detail Oriented.Data analysis & integration.

Preferred Qualifications

Experience working in an AGILE environment.Experience with AGILE tool.BA/BS in CS, Information Systems or Information management or Systems design.Life and Disability experience.Group Insurance experience a plus.Knowledge of SQL, Databases and Analytical/Reporting tools such as PowerBI/Tableau a plus.

All qualified applicants will receive consideration for employment without regard to race, color, religion, sex, sexual orientation, gender, identity, national origin, disability, or protected veteran status.",,,"Newark, NJ",1028156,38,,,Contract,2,1.7134E+12,,https://www.linkedin.com/jobs/view/3904933849/?trk=jobs_biz_prem_srch,,SimpleOnsiteApply,1.71604E+12,,Mid-Senior level,,1.71345E+12,www1.jobdiva.com,0,CONTRACT,,,,7102,34013,,,,,,,,,
3898174047,ARCO a Family of Construction Companies,Business Analyst,"ABOUT YOU

Are you an analytical thinker that loves a new challenge? Do you thrive in a fast-paced environment where you can investigate process improvements? Do you enjoy finding new solutions and executing them? If the answer is “Yes!” then we have an exciting opportunity for you. Who are we? We are ARCO, a Family of Construction Companies.

We are looking for a high-performing Business Analyst to partner with our Sales, Marketing, and Communications disciplines and provide hands-on management of several applications. The position provides a broad range of systems oversight, from operational performance and support to new technology integrations and systems integrations.

WHAT WE CAN OFFER YOU

We are dedicated to the well-being of our associates and are proud to be consistently recognized as a Best Place to Work. Our compensation and benefits package not only supports our associates and their families but benefits local communities and communities around the world.

Industry-leading performance-based bonus programEmployee Stock Ownership ProgramTraditional and Roth 401kTuition reimbursement for associatesScholarship for associates’ children up to $28,000 per child1-month paid sabbatical after every five years of employment, plus $5,000 for travel1-week paid volunteer leave each year100% charitable matchMedical, dental, and vision insurance coverage 100% paid 12-week maternity leave

At ARCO, our first core value is to treat people fairly and do the right thing. We are committed to building and sustaining a culture that supports diversity and inclusion. We are proud to be an equal opportunity employer, and all qualified applicants will receive consideration for employment.

From recruiting, training, and hiring practices to selecting our subcontractors, we understand that diversity of all those involved in the construction process enhances our ability to deliver the best solutions to our customers. We hire the best and the brightest from across the country - constructing a team of experts in architecture, design, engineering, project management, and business services.

A DAY IN THE LIFE

Serve as a single point of contact and facilitate solutions to meet business needs, including hands-on intranet changes and applications support for our marketing and sales teams. Serve as a liaison between ARCO and third-party contractors to facilitate solutions.Analyze the company’s business processes, applications, architecture, and infrastructure to identify pain points, make recommendations, and facilitate the execution of said recommendationsPerform data analysis and process mapping to reveal process improvement opportunities and root causes. Review and summarization of data for decision-making and process improvement.Communicate, collaborate and work with and between technology teams and other departmentsDefine and convert business requirements, processes, and designs into a comprehensive, robust, efficient, scalable, and stable solution.Partner with Technology Managers to roll out new technology and processes to provide solutions to end users. Resolve user system issues and escalate as needed. Create process documentation, job aids, and training materials to support end-user experience. Work with third-party vendors and internal project teams to develop best practices for standard use of systems. Oversee all phases of project execution, including initiation, planning/development, production/execution, monitors/controls, closing/post-release activities, ensuring project success.

NECESSARY QUALIFICATIONS

Bachelor’s Degree in Business, Information Technology, or a related discipline 5-8 years of experience Strong data analysis skills, including skills to rapidly learn new data assets.Business process skills, including process mapping, process management, project management, strategic thinking and change leadership.A high degree of efficiency and proficiency in understanding business processes and reshaping processes while integrating new technology solutions.Experience with end-user systems support. Including diagnosing, researching, and resolving end-user issues.Ability to quickly learn systems purpose, process, and potential to provide a high level of systems support, long-term viability, and continual improvements.Deep interest in technology and innovation and how it impacts the business.Excellent problem-solving and analytic skills to isolate problems, recommend solutions, and implementation of solutions. Experience leading system solution direction with an emphasis on business architecture, process reengineering, and long-term maintainability. Excellent communication management; critical thinking abilities; oral, written, and graphic communication skills.Must be a self-starter with the ability to work independently and in a collaborative team environment. Excellent people skills with the ability to communicate with various levels of leadership. Proficient in MS office Ability to travel as needed (~10%).

MAKE YOUR MOVE 

We are proud to be one of the fastest-growing, privately-owned companies in America, celebrating over 30 years of experience as design-build experts. We have completed over 4,000 design-build projects across 48 states and 38 major cities nationwide. We rank #5 out of the top 100 design-build companies in the U.S. and #26 on ENR's Top 400 Contractors list of 2022. Most importantly, our clients like us, trust us and want to do business with us. We are looking for people with the same enthusiasm, passion, and respect for the hard work that brought us to where we are today. Are you a person that can make a difference at ARCO? If the answer is, “Yes!” we look forward to meeting you.

ARCO does not accept unsolicited resumes from individual recruiters or third-party recruiting agencies without pre-approval from ARCO’s Human Resource team. Pre-approval is required before any external candidate can be submitted. ARCO will not be responsible for fees related to unsolicited resumes and for candidates who are sent directly to our hiring managers.",,,"Brentwood, MO",37569306,24,,,Full-time,5,1.71321E+12,,https://www.linkedin.com/jobs/view/3898174047/?trk=jobs_biz_prem_srch,https://arco.jibeapply.com/jobs/8600?lang=en-us,OffsiteApply,1.71581E+12,,Mid-Senior level,,1.71321E+12,arco.jibeapply.com,0,FULL_TIME,,,,,,,,,,,,,,
3902302203,Baxter International Inc.,"Director, Commercial Operations (capital equipment sales effectiveness, enablement, analytics, excellence) (on-site),","This is where you save and sustain lives 

At Baxter, we are deeply connected by our mission. No matter your role at Baxter, your work makes a positive impact on people around the world. You’ll feel a sense of purpose throughout the organization, as we know our work improves outcomes for millions of patients.

Baxter’s products and therapies are found in almost every hospital worldwide, in clinics and in the home. For over 85 years, we have pioneered significant medical innovations that transform healthcare.

Together, we create a place where we are happy, successful and inspire each other. This is where you can do your best work.

Join us at the intersection of saving and sustaining lives— where your purpose accelerates our mission.

Your Role At Baxter

Our Care and Connectivity Solutions (CCS), a division of our Hospital Systems and Technologies (HST) segment, is comprised of Patient Support Systems (PSS), best known for hospital beds; Global Surgical Solutions (GSS), operating room equipment such as lighting, booms; and Care Communications and Collaboration (CCC), the digital platform that delivers software and information technologies to improve care and deliver actionable insights to caregivers and patients; empower caregivers by connecting every moment of care. The CCS product portfolio generated $1.8B revenue in 2023.

As the Director of Commercial Operations, CCS, you will lead, develop, and manage operations for the Sales Force Effectiveness & Enablement and Sales Operations & Analytics. You will formulate overall operating and strategic plans, business objectives and ensure the effective implementation and execution of strategic plans to achieve. You’ll be exposed to a tremendous number of cross-functional interactions which require significant problem-solving, strategic, and tactical execution abilities, organizational development activities associated with both long-term and short-range initiatives, in addition to the organizational development activities associated with leading a team. You will participate in a wide variety of senior leadership roles and play a significant role in a number of broader corporate functional activities and executive staff interactions. In this highly visible role, create and drive structure of an analytics ecosystem for long cycle capital sales funnel forecasting accuracy ultimately driving sales growth!

What You’ll Be Doing

 Responsible for standardizing and managing the PSS, GSS and CCC S&OP process and demand planning, enabling successful achievement of quarterly results, and building greater customer satisfaction Analyze data gathered to streamline processes or develop alternative methods forecasting, targeting and measuring progress, enhancing accuracy Lead forecasting calls with Sales leaders Drive accurate forecasting, tracking, and reporting of overall progress of sales teams against targets through weekly, quarterly and annual sales plans; ensure weekly implementation of project tracking/forecasting via the CRM system Analyze data provided by Sales Analytics & Operations team to define territories, alignment, quotas, compensation, and metrics to assist our Regional Sales Managers benchmark performance; act as an advisor and partner with sales to deliver accurate sales quotas and variable pay commissions to entire sales team Work with marketing team to streamline product SKU rationalization, pricing configurations and provide guidance from market and margin analysis Partner with finance to use data to share analysis on sales progress Capture the tactical and strategic enterprise goals that provide traceability through the organization and are mapped to metrics that provide ongoing governance Collaborate with key stakeholders to gain buy-in and support for solutions May represent Sales/Sales Operations in Corporate Business Development initiatives Continue to define the sales and downstream marketing requirements for CRM/ knowledge management, field communications, mobile productivity, enhanced sales efficiencies 10% travel

Your Team

As the Director Commercial Operations, CCS, and an individual contributor (no direct reports), you will report directly to the VP, Sales & Market, GSS, PSS and Care Communications. You will work collaboratively in a highly matrixed organization including sales, marketing, sales training, incentive compensation, finance, business transformation, etc.

Your Location:

Working on-site, the role is located at our global corporate headquarters in the greater Chicago, IL area northern suburb of Deerfield. Alternatively, the role can work out of our facility in Mississauga, Canada, Raleigh, NC, or Batesville, IN. Baxter is committed to supporting the needs for flexibility in the workplace. We do so through our flexible workplace policy which includes a minimum of 3 days a week on-site. This policy provides the benefits of connecting and collaborating in-person in support of our Mission.

What You’ll Bring

 Bachelor’s degree or country equivalent Strong data/analytical skills with the ability to use data to make fact-based recommendations; effective strategic planning, forecasting, and program management skills Required commercial excellence or sales function experience within a capital business (long sales cycle) Minimum of 10 years work experience in a related field Minimum of 5 years of leadership/management experience Excels in achieving outstanding performance results through others Ability to connect the dots and deploy critical thinking that considers the multiple factors that need to be considered when devising strategies to drive long-term growth�� Track record in leading projects to successful completion Proven success leading and influencing in a both vertical as well as matrix construct Exceptional communication skills – is concise, persuasive, and communicate with key stakeholders and employees at all levels; delivers presentations with maximum impact Strong user in Salesforce.com and preferably selling; PowerBI Strong experience in the Commercial/Sales function

We understand compensation is an important factor as you consider the next step in your career. At Baxter, we are committed to equitable pay for all our employees, and we strive to be more transparent with our pay practices. The estimated base salary for this position is $184,000 - $276,000 annually. The estimated range is meant to reflect an anticipated salary range for the position. We may pay more or less than the anticipated range based upon market data and other factors, all of which are subject to change. Individual pay is based upon location, skills and expertise, experience, and other relevant factors. This position may also be eligible for discretionary bonuses, and/or long-term incentive. For questions about this, our pay philosophy, and available benefits, please speak to the recruiter if you decide to apply and are selected for an interview.

The successful candidate for this job may be required to verify that he or she has been vaccinated against COVID-19, subject to reasonable accommodations for individuals with medical conditions or religious beliefs that prevent vaccination, and in accordance with applicable law.

Equal Employment Opportunity

Baxter is an equal opportunity employer. Baxter evaluates qualified applicants without regard to race, color, religion, gender, national origin, age, sexual orientation, gender identity or expression, protected veteran status, disability/handicap status or any other legally protected characteristic.

EEO is the Law

EEO is the law - Poster Supplement

Pay Transparency Policy

Reasonable Accommodations

Baxter is committed to working with and providing reasonable accommodations to individuals with disabilities globally. If, because of a medical condition or disability, you need a reasonable accommodation for any part of the application or interview process, please click on the link here and let us know the nature of your request along with your contact information.

Recruitment Fraud Notice

Baxter has discovered incidents of employment scams, where fraudulent parties pose as Baxter employees, recruiters, or other agents, and engage with online job seekers in an attempt to steal personal and/or financial information. To learn how you can protect yourself, review our Recruitment Fraud Notice.

133065

",,,"Deerfield, IL",2371,4,,,Full-time,,1.7135E+12,,https://www.linkedin.com/jobs/view/3902302203/?trk=jobs_biz_prem_srch,https://dsp.prng.co/2tJIyDb,OffsiteApply,1.7161E+12,,Director,,1.7135E+12,dsp.prng.co,0,FULL_TIME,,,,60015,17097,,,,,,,,,
3891289535,The Job Network,"Senior Director, Workforce Planning & Analytics","At Northwestern Mutual, we are strong, innovative and growing. We invest in our people. We care and make a positive difference. 

 What’s the role? 

As the Senior Director of Workforce Planning and Analytics, you will play a pivotal role in our company's strategic workforce planning initiatives, workforce optimization, and organizational design initiatives. Leading a team of talented professionals, you will be responsible for delivering high-impact insights and recommendations to our executive leaders, acting as a trusted advisor and influencer. You will have the opportunity to collaborate cross-functionally, forge strategic partnerships, and actively shape the HR and enterprise talent agenda. Your ability to effectively communicate complex insights will be essential in driving change and aligning HR strategies with business objectives. This role offers an exciting opportunity to make a lasting impact on our organization, shape the future of our workforce, and propel your career to new heights in the field of analytics and workforce planning.

Key Outcomes Driven By This Role

 Strategic Workforce Planning : Drive the development and execution of a comprehensive strategic workforce planning strategy aligned with our enterprise business objectives. Assess future talent needs, identify skill gaps, and provide recommendations to optimize talent acquisition, succession planning, development, and organizational design strategies.  Data-Driven Decision-Making : Foster a culture of data-driven decision-making throughout the organization by leveraging advanced analytics, predictive modeling, and data visualization. Provide executive leaders with accurate, timely, and actionable insights to support strategic decisions related to talent management, employee engagement, and workforce optimization.  Talent Analytics and Reporting Excellence : Oversee the development and delivery of impactful talent analytics and insights that provide leaders with a comprehensive understanding into key HR metrics, workforce trends, and predictive analytics. Ensure the accuracy, relevance, and quality of HR data and reporting, enabling effective talent decision-making and organizational performance tracking.  Leadership and Team Development : Lead and inspire a high-performing team. Foster a culture of innovation, collaboration, and continuous improvement, providing mentorship and guidance to develop the team's skills, expertise, and business acumen.  Strategic Partnerships : Forge strong relationships with internal and external partners and industry experts. Collaborate with cross-functional teams to gain insights into business needs, challenges, and market trends. Actively participate in external industry forums and networks to stay ahead of emerging trends and best practices in analytics and workforce planning.  Thought Leadership and Innovation : Stay at the forefront of analytics and workforce planning by continuously researching and adopting cutting-edge methodologies, tools, and technologies. Drive innovation by exploring new data sources, advanced analytics techniques, and automation to streamline processes and enhance the effectiveness of workforce planning initiatives. 

Our Most Successful Candidates Will

 Have a track record of progressive responsibility and a proven ability to inspire and lead high-performing teams, tapping into team members’ intrinsic motivators and building a culture of extraordinary teamwork and customer focus.  Embody continuous learning, curiosity, and a growth mindset. They will fluidly share findings and new insights with peers and leaders through coaching and mentoring across levels.  Feel a strong sense of personal accountability for high quality, accurate, value-driven work that supports business outcomes; places the user in the center of decision making; and prioritizes speed, agility, and innovation in work.  Be responsive to changing business needs, manage and prioritize concurrent assignments, and handle ambiguity with ease. They will have a strong customer orientation and a consistent record of hitting deadlines.  Demonstrate skill in capturing information systematically; consider a broad range of issues and factors; grasp complexities and perceive relationships among problems or issues; and use accurate logic in analysis.  Value diversity of thought and prioritize proactive consultation that anticipates our partners' needs; have the ability to manage up, down, and across seamlessly to support our goals and team engagement as effective advocates for the needs of their team. 

Other Qualifications

 Proven experience in leading and managing teams of diverse professionals with a demonstrated ability to foster a high-performing and collaborative team culture, mentor and develop talent, and drive results through effective leadership.  Strong strategic mindset and the ability to think analytically and strategically about complex workforce challenges. Adept at identifying patterns, trends, and correlations in data and translating them into actionable insights and recommendations that align with business goals and drive organizational success.  In-depth knowledge of strategic workforce planning methodologies, including workforce modeling, talent forecasting, skill gap analysis, and succession planning. Experience in developing and executing comprehensive workforce plans that address current and future talent needs and align with business.  Proficiency in advanced data analytics and visualization tools, techniques, and programming languages. Ability to leverage data to identify trends, patterns, and opportunities, and present complex information in a clear and compelling manner through visually engaging reports, dashboards, and presentations.  High business acumen with an excellent understanding of HR practices and industry trends. The ability to align workforce planning initiatives with business objectives, understand the impact of talent decisions on the bottom line, and provide strategic recommendations that positively influence the direction of HR and the enterprise.  Experience leading and managing change initiatives, navigating complex organizational environments, and driving adoption of workforce planning practices. The ability to adapt to evolving business requirements and market dynamics.  Proven track record of building trust and credibility with leaders, serving as a trusted advisor and influencing the strategic direction of HR and the organization. Excellent communication, presentation, and negotiation skills to effectively convey complex insights and recommendations to senior stakeholders and gain their buy-in. 

Compensation Range

Pay Range - Start:

$110,040.00

Pay Range - End

$204,360.00

 Northwestern Mutual pays on a geographic-specific salary structure and placement in the salary range for this position will be determined by a number of factors including the skills, education, training, credentials and experience of the candidate; the scope, complexity as well as the cost of labor in the market; and other conditions of employment. At Northwestern Mutual, it is not typical for an individual to be hired at or near the top of the range for their role and compensation decisions are dependent on the facts and circumstances of each case. Please note that the salary range listed in the posting is the standard pay structure. Positions in certain locations (such as California) may provide an increase on the standard pay structure based on the location. Please click here for additional information relating to location-based pay structures. 

 Grow your career with a best-in-class company that puts our client’s interests at the center of all we do. Get started now! 

 We are an equal opportunity/affirmative action employer and all qualified applicants will receive consideration for employment without regard to race, color, religion, gender identity or expression, sexual orientation, national origin, disability, age or status as a protected veteran, or any other characteristic protected by law. 

 If you work or would be working in California, Colorado, New York City, Washington or outside of a Corporate location, please click here for information pertaining to compensation and benefits. 

FIND YOUR FUTURE

We’re excited about the potential people bring to Northwestern Mutual. You can grow your career here while enjoying first-class perks, benefits, and commitment to diversity and inclusion.

Flexible work schedulesConcierge serviceComprehensive benefitsEmployee resource groups

PandoLogic. Keywords: Workforce Director, Location: MILWAUKEE, WI - 53205

",204360,YEARLY,"Milwaukee, WI",167757,4,,110040,Full-time,,1.71289E+12,,https://www.linkedin.com/jobs/view/3891289535/?trk=jobs_biz_prem_srch,https://northwesternmutual.thejobnetwork.com/Job/590758400,OffsiteApply,1.71549E+12,,Director,,1.7129E+12,northwesternmutual.thejobnetwork.com,0,FULL_TIME,USD,BASE_SALARY,157200,53202,55079,,,,,,,,,
3902862582,Realtek Consulting LLC,Data Scientist,"Responsibilities.· Proven experience in deploying real-time AI/ML models using Google Cloud PlatforStrong programming skills in Python and PySpark.· Proficiency with SQL and relational databases, data warehouses, and BigQuery.· Experience in scaling marketing-related AI/ML solutions such as cross/upsell, recommended systems, and category propensity.· Experience in deploying and managing Large scale Machine Learning Models is a plus· Expertise with classical ML algorithm like K-NN, LSH, logistic regression, linear regression, SVM, Random forest and clustering.· Good understanding of ML & DL algorithms and frameworks (Scikit-learn,Spacy, Tensorflow/Keras/ PyTorch)· Experience in deep learning Algorithms like MLP, CNN, RNN, LSTMs and GANs, Transformers and LLMs.· Excellent programming skills in Python· Expertise in Google Cloud and operationalization of models using MLOPs.· Experience in scheduling jobs for automated training and inference of AI/ML models using airflow or any other workflow orchestration platform.· Proficiency in collecting data from different data sources, data cleaning, preprocessing, and feature engineering.· Understanding of regression, classification, and unsupervised ML algorithms.· Experience in mentoring junior associates in scaling AI/ML models.· Excellent problem-solving and analytical skills.· Strong written and verbal communication skills, with the ability to present and explain complex concepts to both technical and non-technical audiences.",,,"Bentonville, AR",14620904,2,,,Full-time,,1.71356E+12,,https://www.linkedin.com/jobs/view/3902862582/?trk=jobs_biz_prem_srch,,SimpleOnsiteApply,1.71616E+12,,,,1.71356E+12,,0,FULL_TIME,,,,72712,5007,,,,,,,,,
3901944658,W3Global,Senior Technical Telecom Vlocity Business Analyst,"Job Title: Senior Technical Telecom Vlocity Business Analyst

Location: Dallas, TX (On- Site)

Duration: Full Time

Job Description

Specific Responsibilities Include:

Work closely with the Product Managers, Engineering teams, Customer Delivery teams, Customers/Partners and Industry experts to capture and understand the requirements for productization and elaborate them at a detailed level.

Collaborate with UI/UX teams to design the productized solutions that deliver the functionality required.

Use Vlocity's platform and suite of products to build optimal solutions following Vlocity standards and best practices.

Analyze the data requirements, structures and integration points of the flows, and create a mapping to Vlocity Industry objects in Salesforce or external REST endpoints.

Consult TM Forum standards (e.g. eTOM, SID etc.) as applicable to ensure standards compliance of product.

Maintain requirements in the form of User Stories/Acceptance criteria for each release of the Product, in support of the Product roadmap and Product releases.

Document your work using artifacts such as Process Flow Charts, Data Flow diagrams, Data Model diagrams etc.

Maintain ongoing collaboration with Engineering and QA teams to ensure correct interpretation and testability of the requirements.

Work with Quality Assurance to develop the Test Strategies and validate the Test Plans.

Work with the Documentation team to ensure design and capabilities are accurately represented in technical publications and training materials.

Contribute to the Product Roadmap and collaborate with Product teams for Vlocity Platform and Product enhancements as needed.

Develop expertise in the Telecommunication BSS/OSS domain & leadership skills in Agile software development.

Experience

10+ years as a Vlocity Telecom/ Business Analyst with significant experience in delivering Telecom BSS/OSS software solutions for Communications Service Providers.

Experience with relevant Telecom BSS/OSS applications such as CRM, CPQ, EPC, Order Management etc.

Extensive experience in Business Analysis, Business Process Modelling, Information Modelling, Use Cases, User Stories, E2E solutioning and Component design.

Demonstrated ability to understand business strategies and application objectives, and translate those requirements into effective process and component designs.

Excellent design skills including the ability to critique visual elements and optimize user flows.

Prior experience working with Salesforce CRM is preferable.

Experience in UI/UX design is desirable.

Strong written, oral and visual communication skills with the ability to clearly document requirements, design and process assets using text, diagrams and videos.

Clear verbal communicator, with the ability to effectively interact within the team as well as with Customers/Partners in English.

Familiarity with TM Forum Frameworx standards (e.g. eTOM, SID)

Experience on designing and modelling tools (e.g. Lucid Charts, Visio, UML, etc.).

Self-directed and pro-active, with the ability to break down complex problems, assign actions and manage progress toward a deadline.

Highly motivated with the desire to work in a high vlocity start-up environment and with proven ability to achieve challenging goals and objectives.

Excellent interpersonal skills for working closely with teams within and outside.

Experience in software delivery methodologies preferably Agile.

",,,"Irving, TX",1286891,4,,,Full-time,,1.71347E+12,,https://www.linkedin.com/jobs/view/3901944658/?trk=jobs_biz_prem_srch,https://www.w3global.com/candidate-apply.php/SENIOR+TECHNICAL+TELECOM+VLOCITY+BUSINESS+ANALYST-DALLAS-TX-US?id=W3GEXT-31351&source=LinkedIn,OffsiteApply,1.71607E+12,,Mid-Senior level,,1.71347E+12,www.w3global.com,0,FULL_TIME,,,,75038,48113,,,,,,,,,
3905329372,JSR Tech Consulting,CIAM Business Analyst,"Senior Business Systems Analyst 

Are you interested in building capabilities that enable the organization with innovation, speed, agility, scalability and efficiency? The Global Technology team takes great pride in our culture where digital transformation is built into our DNA! When you join our organization at Prudential, you'll unlock an exciting and impactful career – all while growing your skills and advancing your profession at one of the world's leading financial services institutions.

 Your Team 

As a Senior Business Systems Analyst working in a Global Identity & Access Management (IAM) Team you will partner with product owners, tech leads, designers, engineers and delivery professionals to act as the primary interface between Technology and specific business areas, identifying business unit requirements, creating project and process specifications, coordinating with project teams, and ensuring adherence to schedules and budgets to solve sophisticated business problems, deploy innovative products, services and experiences to delight our customers! In addition to applied analytical and technical experience, you will bring excellent problem solving, communication and teamwork skills, along with agile ways of working, strong business insight, an inclusive leadership attitude and a continuous learning focus to all that you do.

 Here is What You Can Expect on a Typical Day 

 Support the Director Business Systems Analyst and Product Owner setting ambitious and clear product vision, and communicating 'the story' effectively to key stakeholders and the rest of the team Beginning to identify opportunities to provide input to the team & coach others with occasional guidance Works on solving extremely complex problems in which analysis of situations or data requires an evaluation of intangible variables  Collaborate with product owners in understanding needs and defining feature stories, tech leads in defining technical design and other team members to understand the system end-to-end and deliver robust solutions that bring about business impact  Work on significant and unique issues where analysis of situations or data requires an evaluation of intangible variables and may impact future concepts, products or technologies  Works on extremely complex problems in which analysis of situations or data requires an evaluation of often complex variables related to technology and/or data. Exercises independent judgment in developing methods, techniques and evaluation criteria for obtaining results. Own the end-to-end product strategy from inception and determine business value once solution enters production  Ensure alignment of product features and stories, i.e., review, give feedback, and prioritize user stories in line with product vision  Understands the vision and owns aspects of the product management/roadmap activities 

Skills

 The Skills & Expertise You Bring  

 Bachelor of Computer Science or Engineering; Analytics or experience in related fields Experience with agile development methodologies and Test-Driven Development (TDD)  Knowledge of business concepts, tools and processes that are needed for making sound decisions in the context of the company's business  Ability to learn new skills and knowledge on an on-going basis through self-initiative and tackling challenges  Excellent problem solving, communication and collaboration skills  Applied experience and/or expertise with several of the following: Project/Product Management: Planning, Progress Monitoring and Status Reporting, including visualization of works; Scaling Agile – Organizing, synchronizing multiple teams setup Estimations, ROI, project life cycle  Effective Communication: Understanding of effective communication concepts, tools and techniques; ability to effectively transmit, receive, and accurately interpret ideas, information, and needs through the application of appropriate communication behaviors. Ability to facilitate dialogue at the right level of detail for all members of the Agile team.  Decision-Making & Critical Thinking : Knowledge of the decision-making process and associated tools and techniques; ability to accurately analyze situations and reach productive decisions based on informed judgment.  Business Acumen: Knowledge of business concepts, tools, and processes that are needed for making sound decisions in the context of the company's business; ability to apply this knowledge appropriately to diverse situations.  Interpersonal Relationships: Knowledge of the techniques and the ability to work with a variety of individuals and groups in a constructive and collaborative manner. Ability to work seamlessly with business partners and software developers alike in a liaison role.  Financial Acumen : Knowledge of understanding of financial concepts, tools and processes and how financial metrics are used to monitor and drive outcomes. Includes understanding of company accounts/metrics (ex: balance sheet, profit/loss, cash flow, budget & forecast).  Analytical Thinking : Knowledge of techniques and tools that promote effective analysis; ability to determine the root cause of organizational problems and create alternative solutions that resolve these problems.",,,"Newark, NJ",15221948,2,,,Full-time,,1.7134E+12,,https://www.linkedin.com/jobs/view/3905329372/?trk=jobs_biz_prem_srch,https://www1.jobdiva.com/portal/?a=ehjdnwmyyxmf5toz90iwpo1ep5ypcl0466sphrvzn3s298e3b0b0zova8aqp9hg9&compid=0&source=LinkedIn#/jobs/26904465,OffsiteApply,1.71607E+12,,Mid-Senior level,,1.71348E+12,www1.jobdiva.com,0,FULL_TIME,,,,7102,34013,,,,,,,,,
3899523690,IT Automation LLC,Customer Relationship Management Business Analyst,"Hi Connections,Greetings of the day..! Job Title: Salesforce Business AnalystDuration: 12+ months contract (with extension)Location: RemoteContract -#w2 Required Experience - 6+Please share your candidate updated resume to dani@itautomation.com /+1 984-345-2338 Position: Salesforce Business Systems Analyst (W2) Location: Remote Client : Dental Insurance Clientwe are looking for OPT EAD Candidates
 Skills Required:· Salesforce BSA Skills: Proficiency in Salesforce CRM with a focus on business systems analysis.· Experience: Minimum 6 years of real time experience in Salesforce CRM.· Sales Cloud and Services Cloud: Strong skills in both Sales Cloud and Services Cloud.· Apex Programming: Knowledge of Apex programming for customizations and integrations.· Requirements Management: Ability to gather and manage project requirements effectively.· Agile Methodology: Experience with Agile backlog management and requirements prioritization.· Product Demos: Conduct frequent product demos to clients, showcasing features and functionality.· UI/UX Design: Adept in UI/UX designing, delivering prototypes, and wireframing for new features.· QA Testing: Extensive experience in QA, including writing test plans, executing test cases, and defect management.· Testing Skills: Proficiency in various testing types, including UAT, integration, and end to end testing.· DevOps Culture: Experience with product delivery and DevOps culture, including CI/CD pipelines.· Domain Experience: Prior experience in dental claims and CRM services preferred.This role requires a dynamic individual with a blend of technical expertise, project management skills, and a keen eye for user experience. The ideal candidate will play a crucial role in driving innovation and ensuring the successful implementation of Salesforce CRM solutions within the organization.",,,"North Carlton, MN",33182887,10,,,Full-time,1,1.71328E+12,1,https://www.linkedin.com/jobs/view/3899523690/?trk=jobs_biz_prem_srch,,SimpleOnsiteApply,1.71587E+12,,,,1.71328E+12,,0,FULL_TIME,,,,55718,27017,,,,,,,,,
3901356982,Centene Corporation,Business Analyst I,"You could be the one who changes everything for our 28 million members. Centene is transforming the health of our communities, one person at a time. As a diversified, national organization, you’ll have access to competitive benefits including a fresh perspective on workplace flexibility.

Position Purpose Perform various analysis and interpretation to link business needs and objectives for assigned function

Support business initiatives through data analysis, identification of implementation barriers and user acceptance testing of new systemsIdentify and analyze user requirements, procedures, and problems to improve existing processesPerform detailed analysis on assigned projects, recommend potential business solutions and assist with implementation

Education/Experience Bachelor’s degree in related field or equivalent experience. 0-2 years of business process analysis or data analysis experience. Advanced knowledge of Microsoft Applications, including Excel and Access preferred. Project management experience preferred.

Benefits And Payment Configuration

Compliance Coding/Prepay Compliance (Payment Integrity) Bachelor’s degree in related field or equivalent experience. 0-2 years of business process analysis (i.e. documenting business process, gathering requirements) or claims payment/analysis experience. Advanced knowledge of Microsoft Applications, including Excel and Access preferred.

Provider Data Bachelor’s degree in related field or equivalent experience. 0-2 years of business process analysis (documenting business process, gathering requirements) experience in healthcare industry and/or working in a data driven environment. Advanced knowledge of Microsoft Applications, including Excel, Project, and Visio preferred. Knowledge of data migration, software enhancement/planning, and Agile preferred.

Member & Provider Solutions Bachelor’s degree in related field or equivalent experience. 0-2 years of business process analysis (i.e. documenting business process, gathering requirements) experience in healthcare industry and/or customer service or enrollment functions. Advanced knowledge of Microsoft Applications, including Excel and Visio preferred. Knowledge of data integration, software enhancements/planning and Agile preferred. Experience managing projects with a high reliance on technology preferred.Pay Range $25.97 - $46.68 per hour

Centene offers a comprehensive benefits package including competitive pay, health insurance, 401K and stock purchase plans, tuition reimbursement, paid time off plus holidays, and a flexible approach to work with remote, hybrid, field or office work schedules. Actual pay will be adjusted based on an individual's skills, experience, education, and other job-related factors permitted by law. Total compensation may also include additional forms of incentives.

Centene is an equal opportunity employer that is committed to diversity, and values the ways in which we are different. All qualified applicants will receive consideration for employment without regard to race, color, religion, sex, sexual orientation, gender identity, national origin, disability, veteran status, or other characteristic protected by applicable law.",46.68,HOURLY,"Arizona, United States",9703,68,,25.97,Full-time,20,1.71345E+12,1,https://www.linkedin.com/jobs/view/3901356982/?trk=jobs_biz_prem_srch,https://ad.doubleclick.net/ddm/clk/416849445;275979402;z?https://jobs.centene.com/us/en/jobs/1495642/business-analyst-i/?ss=paid&utm_campaign=always_on-full_scrape_&utm_medium=social_media&utm_source=linkedin.com&utm_content=job_posting,OffsiteApply,1.71605E+12,,,,1.71345E+12,jobs.centene.com,0,FULL_TIME,USD,BASE_SALARY,75556,,,,,,,,,,,
3902357940,Libsys Inc,Gen AI Engineer,"Hello,Greetings from Libsys Inc…!We have an opening for the below position and please find JD.
Job Title: Gen AI EngineerLocation: Houston TX
Additionally, you will be responsible got the creation of high-quality curated datasets and productionizing of models alongside working with product teams.Develop abstracted platform services to support applications powered by Generative AIDevelop SDKs and APIs for our customers to power a wide range of applications such as information retrieval, AI Assistants, recommendations on our Gen AI platforms. Design and build RAG service platform orchestrations including prompt engineering, guardrails, vector databases, API GroundingStay up-to-date with latest advancements in operationalization of machine learning and GenAI TechnologiesDesign and implement capabilities to support MLOps for foundation models Qualifications:Bachelor’s or Master’s degree in Computer Science, Engineering, or a related field. 

 ",,,"Houston, TX",74694602,6,,,Contract,,1.71354E+12,,https://www.linkedin.com/jobs/view/3902357940/?trk=jobs_biz_prem_srch,,SimpleOnsiteApply,1.71613E+12,,,,1.71354E+12,,0,CONTRACT,,,,77002,48201,,,,,,,,,
3884439254,Maxonic,Dynamics 365 Business Analyst (NO CTC) ,"Maxonic maintains a close and long-term relationship with our direct client. In support of their needs, we are looking for a Business Analyst (Dynamics 365 Finance).
Job Description:
Job Title: Business Analyst (Dynamics 365 Finance)Job Location: Woodland Hills, CAWork Schedule: Hybrid (at least 3 days onsite, 2 days remote)Job Type: Fulltime/Permanent job (NO CTC - W2 ONLY) 
Summary:Support and maintain Client Dynamics 365 Finance and operations application: analyzing business requirements, determining feasibility, and making solution recommendations. The resource should possess experience and demonstrate proficient knowledge All Dynamics 365 modules including complete life cycle deployments. Troubleshoot and resolve issues raised by Client Global business teams, which entails, reviews, analysis , design, validate and implement business requirements.
Responsibilities:Support monthly and quarterly Microsoft system upgradesDocument and implement project specificationsDesign solutions within Microsoft Dynamics platformGather and document business requirementsDesign, develop and unit test various solutionsLearn the intricacies of our core products and system integrationsResponsible for executing the ERP design, testing and implementation plans as directed by the ERP Team Leader.Partners with business process owners to develop documentation, training and overall understanding of process flow within the D365 system.Research and documents transaction flow both inside and outside of ERP system using various tools.Works to understand business needs and incorporates best practice into the design of processes.Helps to identify system solutions and/or incorporate process to meet unique customer requirements.Partners with Microsoft D365 technical team to develop the ERP system, documentation, training, and overall understanding of process flow.Creates system design, testing, and training documentation.Supports functional business process owners, bridging legacy process to new system process and analysis or compilation of data as warranted.Constantly learning new ways to solve technical challenges more effectively using Microsoft 365

Qualifications:Strong functional skills in Dynamics AX / D365 F&O Financial Management for modules like General Ledger, Accounts Payables, Accounts Receivables, Fixed Assets, Cash & Banking, and WorkflowsUnderstanding of the platform, integration capabilitiesMinimum of 3-5 years of relevant Dynamics AX / D365 FO experienceCommunicate through functional and technical design documents.Effective communication with technical and non-technical audiencesIdentifying opportunities for process improvementAdvanced troubleshooting skills in D365

Desired Qualifications:Microsoft Certifications for Microsoft Dynamics ERPExperience with ExFlow and TAS, ISV products integrated in D365Experience with data analysis and Power BI reportingExperience with JiraExperience with agile software development techniques
About Maxonic:Since 2002 Maxonic has been at the forefront of connecting candidate strengths to client challenges. Our award winning, dedicated team of recruiting professionals are specialized by technology, are great listeners, and will seek to find a position that meets the long-term career needs of our candidates. We take pride in the over 10,000 candidates that we have placed, and the repeat business that we earn from our satisfied clients.
Interested in Applying?Please apply with your most current resume. Feel free to contact Nina Schindler (nina@maxonic.com / 408-400-2299) for more details.",,,"Los Angeles, CA",21784,50,,,Full-time,18,1.71235E+12,,https://www.linkedin.com/jobs/view/3884439254/?trk=jobs_biz_prem_srch,,ComplexOnsiteApply,1.71494E+12,,Mid-Senior level,,1.71235E+12,,0,FULL_TIME,,,,90001,6037,,,,,,,,,
3885103769,ATC,Data Analyst-WA,"Job Title: Entry Level Business Analyst / Product Owner U.S. Citizens and those authorized to work in the U.S. are encouraged to apply. We are able to sponsor at this time.We are a US equal employment opportunity employer. Job Description:Entry Level expertise in gathering, analyzing, and documenting business requirements. If you do not have experience as a Business Analyst or Product Owner, you will be put through a training & Internship program.Experience in Requirement Gathering, Agile methodology, writing user stories, and building and planning roadmaps.Experience in preparing functional and detailed system design documentsDemonstrate expertise with SDLC methodologyAbility to communicate effectively across multiple levels of the organization, including with leadership.Demonstrated leadership, initiative, analytical skills, and sound business acumen, including the ability to understand and analyze recommendationsExperience with all phases of testing (i.e., system, integration, user acceptance), including creating use cases, test conditions, and review of output.Must be able to adjust and work effectively in a dynamic, changing environmentOther:Master’s Degree.We sponsor H1B or related work visas for eligible candidates on F1/OPT/CPT.We offer health insurance 100% paid.We follow equal employment opportunity.",,,"Washington, United States",2736308,2,,,Full-time,,1.7124E+12,,https://www.linkedin.com/jobs/view/3885103769/?trk=jobs_biz_prem_srch,,SimpleOnsiteApply,1.715E+12,,Entry level,,1.7124E+12,,0,FULL_TIME,,,,,,,,,,,,,,
3891251459,Algosrus.com,Sales Director - AI powered Predictive Analytics as a Service at AlgosRus.com!,"Sales Director - AI powered Predictive Analytics as a Service at AlgosRus.com!
Elevate Your Career as Sales Director - Predictive Analytics as a Service at AlgosRus.com!
AlgosRus.com is at the cutting edge, spearheading the integration of AI with predictive analytics to revolutionize industries ranging from biotech to sports. We are in search of an exceptional Sales Director - Predictive Analytics as a Service to lead our ambitious growth strategies and to champion the development of our innovative services. If you have a profound passion for driving the future of predictive analytics and possess a strong track record in business development, sales, and marketing, your next big opportunity awaits with us!
Your Role Will Involve:BIZ DEV / Sales / MARKETING: Bring us clients for Predictive AnalyticsLeading the strategic direction and growth of our Predictive Analytics as a Service offerings across diverse industries such as biotech, healthcare, financial services, education, and sports.Crafting and executing robust sales and marketing strategies to enhance our market presence and drive our service adoption.Cultivating enduring relationships with key industry stakeholders, clients, and partners to secure AlgosRus.com's position as a pioneer in AI-driven solutions.
We're Searching For Someone With:Demonstrable leadership in business development, sales, and marketing, ideally within the AI, technology, or predictive analytics arenas.Strategic vision to identify and capitalize on emerging trends, transforming them into substantial business value.Outstanding communication and negotiation prowess, capable of building consensus and driving partnerships towards shared goals.
Why Join Us at AlgosRus.com?Lead at the forefront of technological innovation, leveraging predictive analytics to enact tangible changes across multiple sectors.Collaborate with a vibrant team dedicated to innovation and excellence, all while reshaping the future of industries through AI.Thrive in an environment that prizes innovation, teamwork, and lifelong learning, offering unparalleled opportunities for career advancement and personal growth.Step into a role where your leadership will not just be recognized but will be instrumental in driving the future of predictive analytics. Apply today to become the Sales Director - Predictive Analytics as a Service at AlgosRus.com and spearhead our journey to redefine industry standards through AI.
If interested, please email your resume to support@algosrus.com
",,,United States,69120857,4,,,Full-time,1,1.71288E+12,1,https://www.linkedin.com/jobs/view/3891251459/?trk=jobs_biz_prem_srch,,SimpleOnsiteApply,1.72844E+12,,,,1.71288E+12,,0,FULL_TIME,,,,,,,,,,,,,,
3887718042,HireTalent - Diversity Staffing & Recruiting Firm,Office/Administration - Data Analyst Lv3 #: 24-02340,"Job Title: Office/Administration - Data Analyst Lv3

Location: Wayzata, MN (Hybrid)

Duration: 6 Months on W2

 Monday through Friday - 8:00-5:00 PM CST - Hybrid Schedule 2-3 days in the office.

Job Description

Client's Data Function is transforming their data platform and analytics foundation through the implementation of new data architecture, process, and standards. We are looking for a Data Platform Governance Analyst to play a significant role in the implementation and operations of the client's implementation of the data governance and compliance frameworks.

The role will focus on data as an asset (with a focus on ownership and compliance) while helping to identify & prioritize use cases for data which will contribute towards the longer-term governance roadmap for the data platform. Key areas of focus, responsibility, and contribution will be: Compliance Framework Design and Implementation, Data Platform Onboarding and Portfolio Governance, and Assurance of Auditability and Observability with a compliance lens.

 Governance Implementation -- Identifying and implementing the compliance framework will be key to your success. You will need to ensure engagement from privacy, technology risk, audit and a variety of data and analytics partners throughout the enterprises and function. You will support a central governance committee and data community who will be key customers and contributors toward establishing the proper governance guardrails for data and self-serve analytics.

 Ongoing Operations -- Coordinating with enterprise and function data analytics teams, the data community, and the data platform engineering team to ensure we operationalizing policy and ensuring process and standard adherence.

You will monitor and support the adoption of the compliance framework by internal and external project teams, as well as data stewards and owners. You will drive the quality and visibility of the data in the platform through adoption and use of tools such as a data discovery platform. The ideal candidate is an organized analyst, a polished communicator, passionate about balanced governance, and experienced in working cross-functionally and globally to solve problems with product and process changes. They thrive in an ambiguous, fast-paced, and dynamic environment and are excited to help the client deliver trusted data as efficiently as possible.

Duties & Responsibilities

 Collaborate with key business and DT&D stakeholders to develop, document, maintain enforcement of data governance and compliance policy, framework, and standards. Contribute to a fit for purpose data governance model based on industry best practices to include policies, roles, structure of the Data Governance team and responsibilities of Data Stewards within the program. Help the client establish common stewardship practices, policies, and metrics to manage data and analytics consistently across the enterprise Support and implement scalable frameworks, standards and data best practices while upholding integrity and privacy across our data ecosystem and lifecycle Document and implement current workflows, data policies, standards, and procedures for both legacy and new data environments Support the design and maintenance of metadata models Work with teams to ensure complete data lineage is captured and managed for our data Perform data quality audits, identify data collection issues, suggest improvements, and help implement fixes Support data governance program adoption and effectiveness across the enterprise, aiding with program metrics and monitoring, program scoping and resource requirements, communication, collaboration, and ideation on improving program efforts Work with Data Analytics community to understand and elicit business requirements and capture business needs for data use, analysis, and quality. Provide user training, education, and documentation to support adoption of consistent governance best practices Partner with business units to assist with the adoption of an enterprise data catalog and client Data Model Adheres to and complies with applicable, federal and state laws, regulations and guidance, including those related to privacy (i.e. CDPR, CPRA, PIPL, etc). Adheres to client policies and procedures and completes required training. Identifies and reports suspicious activity. Other duties as assigned

Education

Bachelor's degree from an accredited college or university with a major in information technology, computer science, data and analytics, business administration or related study.

Experience

 4&plus; years of experience in data Experience in implementing and/or working within a Data Governance committee and/or framework Experience with data cataloging solutions such as Alation, Collibra, Informatica, etc Experience in writing governance policies and user documentation Prior experience in Data Risk Management is a plus Prior experience in Data Classification is a plus Prior experience in Data Security and Privacy controls design is a plus Prior experience in Information Retention and Disposal and/or Records Management policies and processes is a plus Experience with Agile/Dev Ops methodologies and tools such as Jira and Azure Dev Ops

Knowledge, Skills And Abilities

 Good stakeholder presentation skills Knowledge of master data, metadata, reference data, data warehousing, database structure, and business intelligence principles and processes, including technical architecture Knowledge of enterprise information management processes and methodologies Proficiency in understanding modern data architectures and concepts such as cloud services (AWS, Azure, GCP), real-time data distribution (Kafka, Dataflow), and modern data warehouse tools (Snowflake, Databricks) Working SQL knowledge and experience working with Strong project management and organizational skills and the ability to work independently in a fast-paced, quickly changing environment. Ability to keep up with several projects at once and understand the impact of projects within a larger system. Ability to effectively facilitate conversations across diverse groups Strong written and oral communication skills Strong customer service skills

The Data Analyst 3 will develop and provide significant business insights to help business leaders make better decisions. You will partner with internal stakeholders and help execute a business technology strategy that improves compliance, meets requirements and drives efficiencies through standardization and innovation. In this position, you'll demonstrate familiarity with business technology concepts, data management and decision support. Data extraction, collection, cleansing and preparation for consumption. Drive reporting through the use of available technology (Tableau, Power BI, Alteryx, SAP) and develop technical solutions for an effective, efficient data analytics platform. Respond to ad hoc data requests. Ensure timely and accurate data models that provide management information and analyze performance (key performance indicators, metrics). Identify and communicate trade compliance risks and impacts through analysis, providing transparency, interpretations and solutions to leaders. Develop, with colleagues, detailed understanding of the business, and offer mentorship or technical solutions to seek business problems. Handle issues, while escalating only the most complex issues to appropriate staff.",,,"Wayzata, MN",1028156,29,,,Contract,7,1.71219E+12,,https://www.linkedin.com/jobs/view/3887718042/?trk=jobs_biz_prem_srch,,SimpleOnsiteApply,1.71494E+12,,Mid-Senior level,,1.71235E+12,www1.jobdiva.com,0,CONTRACT,,,,55391,27053,,,,,,,,,
3895532596,Vidmob,"Engineering Manager, Analytics","Responsibilities

Guide, mentor & instruct a talented team of engineers to design, develop, and maintain robust analytics software solutionsFoster a collaborative environment where engineers can learn, grow, and contribute their best workPartner with product and business stakeholders to define product vision, roadmap, and technical requirementsAssign team members to initiatives to ensure career growth, a deep bench, and timely deliveryTranslate product vision into actionable engineering plans, prioritizing tasks and allocating resources effectivelyOversee the end-to-end software development lifecycle, ensuring quality, scalability, and securityStay up-to-date on cutting-edge technologies in AI (NLP, LLMs, computer vision) & big data and integrate them into the product roadmap where valuableGuide the team in quality delivery, implementing robust automated testing practices (unit, integration, API) to ensure code quality and reliabilityUtilize monitoring tools like DataDog to ensure performance & reliability, create SLOs, and maintain system health and observability

Qualifications

Bachelor of Science in Computer Science, required7+ years of experience in software engineering, with at least 2 years leading or mentoring technical teamsProven experience in high-scale data environments with technologies like Snowflake and DatabricksDeep understanding of modern coding languages and best practicesDeep understanding of database technologies for analytics & reportingStrong leadership, communication, and interpersonal skillsAbility to set clear expectations, provide constructive feedback, and build a cohesive team culture

Please be aware that Vidmob will only contact candidates through emails ending in @vidmob.com. We will never ask for personal information, such as your Social Security number, bank account number, or password, through email. If you receive an email claiming to be from Vidmob that does not come from a @vidmob.com email address, or if the email asks for personal information, please do not respond and report the email to us at IT@vidmob.com",,,United States,9363216,5,,,Full-time,,1.71289E+12,1,https://www.linkedin.com/jobs/view/3895532596/?trk=jobs_biz_prem_srch,https://jobs.ashbyhq.com/VidMob/2ba87157-f7a4-4b21-9866-4901348eb24c?utm_source=LinkedIn,OffsiteApply,1.71548E+12,,Mid-Senior level,,1.71289E+12,jobs.ashbyhq.com,0,FULL_TIME,,,,,,,,,,,,,,
3904932499,Rose International,Business Data Analyst,"Date Posted: 04/17/2024Hiring Organization: Rose InternationalPosition Number: 462473Job Title: Business Data AnalystJob Location: San Diego, CA, USA, 92129Work Model: HybridShift: 2-3 days per week onsiteEmployment Type: TemporaryEstimated Duration (In months): 6Min Hourly Rate($): 55.00Max Hourly Rate($): 65.00Must Have Skills/Attributes: MS Excel, Python, SQL, Tableau Job Description
**Only those lawfully authorized to work in the designated country associated with the position will be considered.**
**Please note that all Position start dates and duration are estimates and may be reduced or lengthened based upon a client’s business needs and requirements.**
Location: San Diego, CA 92129 ---This will be a HYBRID role for 2 days (Tuesday and Thursday)
Required Skills:* 5+ years of experience working in the analytics field* Ability to tell stories with data, educate effectively, and instill confidence, motivating stakeholders to act on recommendations* Outstanding communications skills with both technical and non-technical colleagues* Experience as a business partner for senior leaders; comfortable distilling complex data into a simple storyline* Excited to mentor other team members and developing talent* Highly proficient in SQL, Tableau, and Excel* Experience with programming languages including R or Python* Excellent problem-solving skills and end to end quantitative thinking* Ability to manage multiple projects simultaneously to meet objectives and key deadlines* Proactive and inquisitive learner... seeks out and capitalizes on opportunities for change that enhance the business, rather than reacting to circumstances
Responsibilities:* Drive business results: You will identify and help craft the most important KPIs to monitor the effectiveness of our operations and drive automated availability of those metrics. Amidst a sea of data, you will distil the data into key storylines that create a shared understanding of opportunities and influence teams to act.* Amplify reporting insights: You will demonstrate your reporting craft by reimagining the existing reporting suite of dashboards using data visualization best practices, including uniform visuals, metric definitions, and accessible data dictionaries, to provide a comprehensive view of KPI performance.* Improve operational performance: You will identify areas of operational and experiential opportunity using data-driven insights and root cause analysis, providing recommendations to subject-matter experts and partnering with teams to optimize to improve customer experiences and enable more efficient business processes.* Automate data capabilities: You will leverage advanced modeling techniques and self-serve tools to develop new metrics, data pipelines, and expanded capabilities to automate processes and support business decisions, establishing consistent sources of truth and enabling faster customer speed to benefit. 
Benefits:For information and details on employment benefits offered with this position, please visit here. Should you have any questions/concerns, please contact our HR Department via our secure website.California Pay Equity:For information and details on pay equity laws in California, please visit the State of California Department of Industrial Relations' website here.Rose International is an Equal Opportunity Employer. All qualified applicants will receive consideration for employment without regard to race, color, religion, age, sex, sexual orientation, gender (expression or identity), national origin, arrest and conviction records, disability, veteran status or any other characteristic protected by law. Positions located in San Francisco and Los Angeles, California will be administered in accordance with their respective Fair Chance Ordinances.If you need assistance in completing this application, or during any phase of the application, interview, hiring, or employment process, whether due to a disability or otherwise, please contact our HR Department.Rose International has an official agreement (ID #132522), effective June 30, 2008, with the U.S. Department of Homeland Security, U.S. Citizenship and Immigration Services, Employment Verification Program (E-Verify). (Posting required by OCGA 13/10-91.).",65,HOURLY,"San Diego, CA",12309,40,,55,Temporary,19,1.71345E+12,,https://www.linkedin.com/jobs/view/3904932499/?trk=jobs_biz_prem_srch,,ComplexOnsiteApply,1.71604E+12,,Mid-Senior level,,1.71345E+12,,0,TEMPORARY,USD,BASE_SALARY,124800,92101,6073,,,,,,,,,
3901634556,Kaizer Software Solutions,Business Analyst for Primary Dealership & FR2004 Reporting Exp ,"Role: Business Analyst for Primary Dealership & FR2004 Reporting Exp Location: NYC, NY (Day 1 Onsite Hybrid Mandatory) / Remote (Will Try)Position Type: 12 Months Contract 
Mandatory Skills: Business Analyst, Primary Dealership, and FR2004 Reporting.
Skills:Delivery of large multi-functional projects.Experience in the development of program documentation as noted aboveAbility to present well and communicate clearlyAbility to multitask and work in a team environmentExcel, Word, PowerPoint skills a requirementFive-plus years of margin operations experience related to Regulation T, FINRA Rule 4210Prior experience in a highly automated environment and the ability to recommend a system or process improvements is a plus.",,,"New York, NY",79886558,18,,,Contract,6,1.71321E+12,,https://www.linkedin.com/jobs/view/3901634556/?trk=jobs_biz_prem_srch,,ComplexOnsiteApply,1.7158E+12,,Mid-Senior level,,1.71321E+12,,0,CONTRACT,,,,10001,36061,,,,,,,,,
3904938280,AT&T,Senior Data Analyst,"Job Description:

JOB TITLE: Senior-Data Analyst

JOB LOCATION: 208 S. Akard St. Dallas, TX 75202 [and various unanticipated

locations throughout the U.S.; may work from home]

Senior-Data Analyst needed by AT&T Services, Inc. in Dallas, TX [and various unanticipated locations throughout the U.S.; may work from home] to manage a portfolio of online A/B tests projects throughout the projects’ lifecycles. Collaborate closely with stakeholders and other teams to ensure that the test analytics goals are aligned with broader business objectives. Work amongst cross-functional stakeholders to define and document data requirements for data integration and business intelligence applications. Review project details for upcoming tests and determine if additional preliminary analytical support is needed up front. Use standardized dashboards and build customized analytics dashboards. Monitor test analytics dashboards, primarily in Adobe Analytics. Monitor test analytics dashboards regularly and advise on test duration estimates. Troubleshoot analytics issues that may arise. Conduct analyses on assigned test projects to identify additional insights. Stay up to date with the latest trends and best practices in web analytics and be proactive in identifying new opportunities for data-driven insights. Evaluate and improve analytics processes and tools to improve the quality of data and insights generated. Utilize Adobe Target test platform. Apply knowledge of AB testing and eCommerce optimization. Utilize web analytics tools including Google Analytics and Adobe Analytics including Firehose. Utilize software including Workfront, Power BI, Tableau, Snowflake, and EDM. Utilize Python and other computer programming languages. Apply analytical and problem-solving skills with the ability to uncover insights and make data-driven recommendations.

REQUIREMENTS: Requires a Master’s degree, or foreign equivalent degree, in Computer Engineering, Information Systems, Information Technology Management, Math, Sciences, or Data Analytics and 3 years of experience in the job offered or 3 years of experience in a related occupation utilizing Adobe Target test platform; applying knowledge of AB testing and eCommerce optimization; utilizing web analytics tools including Google Analytics and Adobe Analytics including Firehose; utilizing software including Workfront, Power BI, Tableau, Snowflake, and EDM; utilizing Python and other computer programming languages; and applying analytical and problem-solving skills with the ability to uncover insights and make data-driven recommendations.

Our Senior-Data Analysts earn between $140,000 - $190,900 yearly. Not to mention all the other amazing rewards that working at AT&T offers.

Joining our team comes with amazing perks and benefits:

 Medical/Dental/Vision coverage 401(k) plan Tuition reimbursement program Paid Time Off and Holidays (based on date of hire, at least 23 days of vacation each year and 9 company-designated holidays) Paid Parental Leave Paid Caregiver Leave Additional sick leave beyond what state and local law require may be available but is unprotected Adoption Reimbursement Disability Benefits (short term and long term) Life and Accidental Death Insurance Supplemental benefit programs: critical illness/accident hospital indemnity/group legal Employee Assistance Programs (EAP) Extensive employee wellness programs Employee discounts up to 50% off on eligible AT&T mobility plans and accessories, AT&T internet (and fiber where available) and AT&T phone


Weekly Hours:

40

Time Type:

Regular

Location:

Dallas, Texas

It is the policy of AT&T to provide equal employment opportunity (EEO) to all persons regardless of age, color, national origin, citizenship status, physical or mental disability, race, religion, creed, gender, sex, sexual orientation, gender identity and/or expression, genetic information, marital status, status with regard to public assistance, veteran status, or any other characteristic protected by federal, state or local law. In addition, AT&T will provide reasonable accommodations for qualified individuals with disabilities.",190900,YEARLY,"Dallas, TX",1052,121,,140000,Full-time,44,1.7134E+12,,https://www.linkedin.com/jobs/view/3904938280/?trk=jobs_biz_prem_srch,https://www.att.jobs/job/-/senior-data-analyst/117/64102118288,OffsiteApply,1.71604E+12,,,,1.71345E+12,www.att.jobs,0,FULL_TIME,USD,BASE_SALARY,165450,75201,48113,,,,,,,,,
3905226345,PODS,Manager-Talent Acquisition Operations and Analytics,"JOB SUMMARYAs the Talent Acquisition Operations Manager, you will help improve our talent acquisition processes by leading all aspects of reporting, analytics, and operations. You will establish partnerships with key stakeholders to ensure the successful support of our talent acquisition strategies and operations. This individual serves as a Compliance point-of-contact for assigned functional areas and assists system users with ensuring data integrity, audit and compliance, testing of system changes, report writing and analyzing data flows for process improvement opportunities. This manager will continuously evaluate and improve processes and procedures related to onboarding compliance, contingent labor management, and TA reporting and analytics. You will play a critical role in managing and overseeing our contingent workforce program across all business units. Analyzes data from various business systems to create and maintain metrics reporting and makes process improvement recommendations. Examines and evaluates accuracy of new hire/all associate data, reporting of employee data and develops new, or improve existing format, use, and control of the data. Leads the onboarding and sourcing teams in support of the TA function. ESSENTIAL DUTIES AND RESPONSIBILITIES• Lead the New Hire Compliance process and team post-employment offer to first payroll to ensure compliance according to employment background and standards for hiring• Ensure HR meets the Internal and External Audit controls for all associate records for Active and Terminated associates.• Maintain and support a variety of reports or queries utilizing appropriate reporting tools. Assist in development of standard and ad hoc reports in support of HR/Recruiting department. • Interpret data and analyze results to provide ongoing reporting to the department/business.• Develop and extract data from complex sets, partnering with HR and recruiting teams, including supporting the design and administration of our Candidate Experience journey• Analyze data to recognize trends and patterns. • As the Manager of Talent Acquisition Operations and Analytics, you will help improve our talent acquisition processes by leading all aspects of reporting, analytics, and operations• Creation of advanced custom Excel reports • May perform other duties and responsibilities as assigned MANAGEMENT & SUPERVISORY RESPONSIBILTIES• Typically reports to Director. Direct supervisor job title(s) typically include: Director, Talent Acquisition• Job is directly responsible for managing other employees (e.g., hiring/termination and/or pay decisions, performance management, time card/PTO approver) JOB QUALIFICATIONS: Essential Skills, Abilities and Example Behavior(s)• BE ANALYTICAL: Able to effectively gather all relevant information; Able to identify key issues; Able to qualitatively and / or quantitatively process data; Able to identify relationships, draw logical conclusions and interpret results for use in decision-making• PLAN: Able to develop short- and long-term operational and / or financial plans that are appropriately comprehensive, realistic, and effective in achieving goals; Able to anticipate obstacles and define alternate strategies; Able to integrate planning efforts across work units• ADAPT: Able to maintain effectiveness by changing personal behavior and work routines / habits in response to new circumstances and requirements• COLLABORATE: Able to act as part of a larger team outside of the immediate department or group; Able to understand the importance of working with peers in other areas or management to reach ""best practice"" solutions for the organization; Able to inform and seek information to anticipate and consider the impact of decisions or actions on the overall organization• DELIVER QUALITY RESULTS: Able to deliver top quality service to all customers (internal and external); Able to ensure all details are covered and adhere to company policies; Able to strive to do things right the first time; Able to meet agreed-upon commitments or advises customer when deadlines are jeopardized; Able to define high standards for quality and evaluate products, services, and own performance against those standards• TAKE INITIATIVE: Able to exhibit tendencies to be self-starting and not wait for signals; Able to be proactive and demonstrate readiness and ability to initiate action; Able to take action beyond what is required and volunteers to take on new assignments; Able to complete assignments independently without constant supervisionJOB QUALIFICATIONS: Education & Experience Requirements • 3 or more years experience in talent acquisition or recruiting operations withing with systems such as ATS, HRIS, and other third party applications.• Bachelor’s degree in business management, HR/HRIS, or a related field is preferred, or a combination of experience and education• Prior experience with Power BI and Candidate Relationship Management Software preferred• Strong understanding of DOT and FMCSA laws and regulations in support of onboarding CDL drivers and completion of Driver Qualification Files• Experience with managing vendors and career site (LinkedIn, Indeed, Phenom, and background and drug test vendors)• Strong understanding of Talent Acquisition function with strong understanding of the recruiting life cycle process, including eligibility and onboarding requirements and procedures in order to ensure compliance (i.e. Background, I9, Internal and External Audit policies)• Ability to combine data from multiple sources when needed for the analysis and audits• Able to handle multiple projects simultaneously• Or an equivalent combination of education, training and/or experience",,,"Clearwater, FL",25963,28,,,Full-time,4,1.71346E+12,,https://www.linkedin.com/jobs/view/3905226345/?trk=jobs_biz_prem_srch,https://recruiting.ultipro.com/POD1000PODSE/JobBoard/9d07ea8d-f781-41bb-9e04-740ffea710c1/Opportunity/OpportunityDetail?opportunityId=0f7cc683-0105-49a5-8957-efeba380d5a0,OffsiteApply,1.71605E+12,,Mid-Senior level,,1.71346E+12,recruiting.ultipro.com,0,FULL_TIME,,,,33755,,,,,,,,,,
3899525852,RJC Group,Business Analyst,"My client in the Energy Trading sector are currently looking for an ETRM Business Analyst with the following skillset:
Experience with an ETRM such as Openlink, Allegro or Salesforce are preferred.Energy trading (Power/Gas/LNG/Oil) projects and domainExperience working with Market Data (Forward Curves, Settlement Prices, Expiry dates) and understand main use cases for pricingKnowledge of commodity trade lifecycle and EoD processes for Valuation and PnL reportingChange Management and Release ManagementAdapts to changes both Business and technical and overcomes obstacles
This will be an initial 6 month contract and can pay up to $1200/day. The expectation will be 2 days per week in the office. 
Please let me know if this is of interest!",150,HOURLY,"Houston, TX",10333877,335,,100,Contract,67,1.71328E+12,,https://www.linkedin.com/jobs/view/3899525852/?trk=jobs_biz_prem_srch,,ComplexOnsiteApply,1.71587E+12,,,,1.71328E+12,,0,CONTRACT,USD,BASE_SALARY,260000,77002,48201,,,,,,,,,
3906248729,Cognizant,"Business Analyst, Retirement & Pension - Consulting","Business Analyst

Insurance Consulting

About Us

Cognizant is one of the world's leading professional services companies, transforming clients' business, operating, and technology models for the digital era. Our unique industry-based, consultative approach helps clients envision, build, and run more innovative and efficient businesses. Headquartered in the U.S., Cognizant, a member of the NASDAQ-100, is ranked 195 on the Fortune 500 and is consistently listed among the most admired companies in the world. Learn how Cognizant helps clients lead with digital at www.cognizant.com

COGNIZANT CONSULTING

Within Cognizant is Cognizant Consulting, a global consulting organization delivering strategic and domain consulting through industry and technology expertise. With over 6,000 consultants worldwide, Cognizant offers high-value consulting services that improve business performance and operational productivity, lower operational expenses and enhance overall performance. Clients draw upon our deep industry expertise, program and change management capabilities, and analytical objectivity to help improve business productivity, drive technology-enabled business transformation and increase shareholder value. We provide a number of Business/IT Consulting Services including Business Strategy, IT Strategy & Roadmap Development, Process Re-Engineering & Transformation, Enterprise Architecture & Technology Selection, and Domain Solutions. The Cognizant Consulting team is a high performing organization that is continually expanding our client base and increasingly being recommended by analysts such as Forrester and Gartner. And we’re growing!

The Role

Our Retirement Consulting Practice is looking for a Business Analyst to join our journey and partner with our customers to assess and document business requirements and functional specifications. To be successful, you’ll work with your colleagues to bridge the gap between technical and business teams to ensure applications are developed to required specifications. This role is part of our Insurance Consulting practice, where we’ve been named a leader in the Everest Group Insurance and Analytics and Insights PEAK Matrix, and our deep industry knowledge of current and emerging trends positions us to be fully aligned with our clients needs in a rapidly changing landscape.

As a Business Analyst on our team, we’re looking for Consultants who can deliver within Cognizant’s Five Pillars of Consulting Excellence, which are: 1) Project Execution, 2) Expertise, 3) Business Development, 4) Practice Development, & 5) People Development. As the Business Analyst, this means leading a team of Consultants through a client-facing engagement, managing escalations, and serving as a the owner of a workstream; maintaining expertise in your domain; meaningfully contributing to the sales process through a mix of RPI development, client presentations, financial modeling, pricing strategy, and flawless delivery; creating service offerings and/or client partner training materials; and contributing to PeopleCare initiatives, recruiting, and mentoring. In addition to enabling consulting excellence through the Five Pillars of Consulting, the specific requirements for this position are below.

Our solutions are in demand and we’re passionate about making a difference. If you have experience with the above, are a selfless leader, and are committed to client-facing environment; if you want to grow your career with a team that wants to build something great together, we want to hear from you! Apply now!

Responsibilities

 Serve as Business Analyst in our Consulting group, working directly on one or more client engagements, bridging the gap between technical and business teams to ensure applications are developed to required specifications Documentation of business requirements for assigned project/s Build and maintain relationships with internal customers throughout the organization Document the results of analysis activities using the appropriate tools and techniques Produce documentation in accordance with prevailing client standards and methodologies An ability to consult and liaise at many levels within the organization Identify and communicate areas of potential business risk. Commercially represent Cognizant as a key member of the Retirement Consulting Practice. Assess retirement / pension clients’ current state of maturity at different stages of the retirement / pension industry value stream -- across multiple dimensions, including strategy, operating model, processes, technology solutions, application architecture, data, integrations, and more. Help retirement / pension industry leaders transform their businesses. Work with Cognizant leadership and client leadership to plan value-additive projects. Manage economics across a couple large or several smaller projects. Translate objectives into defined scope and executable tasks for team members. Sign off on quality and relevance of retirement / pension requirements before they go to client. Help to create retirement / pension consulting practice case studies, white papers, and points-of-view through the gathering of industry best practices and self-knowledge. Create consulting assets for the retirement / pension space that can be reused with multiple clients and prospects.

Qualifications

 6-8 years of experience in the retirement / pension industry, including but not limited to: workplace defined contribution (DC) plans, workplace defined benefit (DB) plans, annuities, supplemental plans such as NQDC, COLI, pension risk transfer, etc. (Required) Track record of building and maintaining trusted working relationships with retirement / pension client counterpart(s), both within and beyond current scope of engagement. Can serve as a thought leader on retirement / pension industry best practices; manage research, development, and authoring of consulting mindshare, including articles, whitepapers, and other collaterals via traditional and social media channels. Leadership skills that bring out the best in others; the ability to oversee multiple Consultants and non-consultants who are working toward a common goal – the best possible outcome for a client Personal leadership and desire to create a culture that enables exceptional outcomes; the embodiment of Cognizant’s Core Values of: Stat with a point of view; Seek data, build knowledge; Always strive, never settle; Work as one; Create conditions for everyone to thrive; Do the right thing, the right way Credibly can help deliver training and career development to individuals and teams. Strong ethics, including work ethic. Bachelors Degree in Business, IT, Engineering, or other relevant field (Required) Advanced Degree in Business, IT, Engineering, or other relevant field (Preferred)

Work Authorization

Cognizant will only consider applicants for this position who are legally authorized to work in the United States without company sponsorship (H-1B, L-1B, L-1A, etc.)

Salary And Other Compensation

The annual salary for this position is between $72,200.00 to $145,500.00 depending on experience and other qualifications of the successful candidate.

This position is also eligible for Cognizant’s discretionary annual incentive program and stock awards, based on performance and subject to the terms of Cognizant’s applicable plans.

Benefits: Cognizant offers the following benefits for this position, subject to applicable eligibility requirements:

 Medical/Dental/Vision/Life Insurance Paid holidays plus Paid Time Off 401(k) plan and contributions Long-term/Short-term Disability Paid Parental Leave Employee Stock Purchase Plan

Disclaimer: The salary, other compensation, and benefits information is accurate as of the date of this posting. Cognizant reserves the right to modify this information at any time, subject to applicable law.

Employee Status : Full Time Employee

Shift : Day Job

Travel : No

Job Posting : Apr 19 2024

About Cognizant

Cognizant (Nasdaq-100: CTSH) is one of the world's leading professional services companies, transforming clients' business, operating and technology models for the digital era. Our unique industry-based, consultative approach helps clients envision, build and run more innovative and efficient businesses. Headquartered in the U.S., Cognizant is ranked 185 on the Fortune 500 and is consistently listed among the most admired companies in the world. Learn how Cognizant helps clients lead with digital at www.cognizant.com or follow us @USJobsCognizant.

Applicants may be required to attend interviews in person or by video conference. In addition, candidates may be required to present their current state or government issued ID during each interview.

Cognizant is an equal opportunity employer. All qualified applicants will receive consideration for employment without regard to sex, gender identity, sexual orientation, race, color, religion, national origin, disability, protected Veteran status, age, or any other characteristic protected by law.

If you have a disability that requires a reasonable accommodation to search for a job opening or submit an application, please email CareersNA2@cognizant.com with your request and contact information.",145500,YEARLY,"Los Angeles, CA",1680,2,,72200,Full-time,,1.71348E+12,,https://www.linkedin.com/jobs/view/3906248729/?trk=jobs_biz_prem_srch,https://careers.cognizant.com/us/en/job/COGNGLOBAL00058681821/Business-Analyst-Retirement-Pension-Consulting?utm_source=linkedin&utm_medium=phenom-feeds,OffsiteApply,1.71616E+12,,Mid-Senior level,,1.71357E+12,careers.cognizant.com,0,FULL_TIME,USD,BASE_SALARY,108850,90001,6037,,,,,,,,,
3902350590,"The Emery Company, LLC",Business Systems Analysts ,"No H1B or C2C
The Business Systems Analysts will identify, define and document business processes and software requirements to be developed as software. They serve as a liaison between business and IT teams by facilitating communication and determining software objectives that align with stated and unstated business needs.
Responsibilitiesa deep understanding of relevant business area(s) to be able to recommend solutions and build high-quality requirements.a variety of techniques to understand business requirements, such as interviews, workshops, surveys, site visits, and storyboards.business requirements by making recommendations and suggesting alternatives to proposed solutions.technical options, limitations, costs, and risks.tradeoffs to business partners and work with them to shape requirements accordingly.conceptual user requirements into clear, detailed functional requirements.with business and delivery teams to prioritize requirements.resolve competing priorities between stakeholder groups by facilitating stakeholder discussions and escalate issues where appropriate.requirements scoping throughout the delivery process.artifacts as appropriate, including business case documentation, scope documentation, and process flows.delivery teams as they develop, test, and deploy solutions.delivery team output to ensure requirements are correctly interpreted; define and execute test cases.current processes and models to understand inefficiencies or gaps.",,HOURLY,"Houston, TX",7589561,6,52,,Contract,,1.71354E+12,,https://www.linkedin.com/jobs/view/3902350590/?trk=jobs_biz_prem_srch,,ComplexOnsiteApply,1.71613E+12,,Mid-Senior level,,1.71354E+12,,0,CONTRACT,USD,BASE_SALARY,108160,77002,48201,,,,,,,,,
3904358864,,Senior Data Engineer,"Job Title: Senior Data Engineer - Payment ProcessingLocation: Bellevue, WA (In-office 3 days a week)About Us: We are a leading financial technology company focused on revolutionizing the payment processing industry. Our commitment is to create seamless, fast, and trustworthy transaction systems for our clients. We are embarking on an exciting phase of greenfield projects aimed at building a new enterprise payment processing system from the ground up. Join us to shape the future of payments.Job Description: We are looking for a Senior Data Engineer to play a key role in scaling out our enterprise payment processing system. This position involves designing and implementing large-scale data processing solutions using cutting-edge technologies in Python, AWS services like EMR, Redshift, and Spark. You will work closely with a team of skilled engineers, product managers, and data scientists to build a robust system capable of handling high volumes and high transaction rates with utmost reliability and trust.Responsibilities:Lead the design, development, and maintenance of scalable data pipelines and architectures for our new payment processing system.Utilize AWS cloud services such as EMR, Redshift, and Spark to build and optimize big data solutions.Write clean, efficient, and well-documented Python code to process large datasets.Collaborate with stakeholders to understand business requirements and translate them into technical specifications.Ensure data integrity and system reliability by implementing best practices in data security and quality.Optimize data retrieval and develop dashboards for data analytics and monitoring.Mentor junior engineers and promote a culture of technical excellence and innovation.Requirements:Bachelor’s or Master’s degree in Computer Science, Engineering, or a related field.Minimum of 5 years of experience in data engineering, specifically with high volume, high transaction systems.Expertise in Python and big data technologies such as Apache Spark.Strong experience with AWS cloud services, including EMR, Redshift, and other data processing technologies.Proven ability to architect and scale high-availability systems from scratch.Excellent problem-solving skills and attention to detail.Strong communication skills and the ability to work effectively in a team environment.Preferred Qualifications:Experience in the payments industry or financial services.Knowledge of additional programming languages or data processing frameworks.Experience in building systems designed for financial transactions with a focus on security and trust.What We Offer:The opportunity to work on greenfield development projects in a growing fintech space.A competitive salary and comprehensive benefits package.Dynamic and innovative work environment.Opportunities for professional growth and advancement.How to Apply: Please submit your resume and a cover letter explaining why you are the ideal candidate for this role to our careers portal. We look forward to hearing how you can contribute to our vision of payment processing innovation.Location Note: This role requires being onsite in Bellevue, WA, three days a week with the flexibility of remote work for the remaining days.",225000,YEARLY,"Bellevue, WA",,89,,175000,Full-time,40,1.71339E+12,,https://www.linkedin.com/jobs/view/3904358864/?trk=jobs_biz_prem_srch,,ComplexOnsiteApply,1.71598E+12,,Mid-Senior level,,1.71339E+12,,0,FULL_TIME,USD,BASE_SALARY,200000,98004,53033,,,,,,,,,
3887948207,"Elegant Enterprise-Wide Solutions, Inc.",Data Analyst 3,"Qualifications:Proven experience as a Data Analyst or related role.Technical expertise regarding data models, database design, data mining, and segmentation techniques.Strong knowledge of and experience with reporting packages and databases (SQL, etc.).Proficient in programming languages (Python, R, etc.) is a plus.Strong analytical skills with the ability to collect, organize, analyze, and disseminate significant amounts of information with attention to detail and accuracy.Adept at queries, report writing, and presenting findings.Strong knowledge in Microsoft Office with emphasis on Microsoft Excel. Education and Experience:Bachelor's degree in a relevant field (e.g., Data Science, Statistics, Computer Science).",,,"Chesterfield, VA",66592097,3,,,Contract,,1.71265E+12,,https://www.linkedin.com/jobs/view/3887948207/?trk=jobs_biz_prem_srch,,SimpleOnsiteApply,1.71524E+12,,Mid-Senior level,,1.71265E+12,,0,CONTRACT,,,,23832,51041,,,,,,,,,
3901942350,DataAnnotation,Data Analyst,"DataAnnotation is committed to creating quality AI. Join our team to help train AI chatbots while gaining the flexibility of remote work and choosing your own schedule. 
We are looking for a proficient Data Analyst to join our team to train our AI chatbots. You will work with the chatbots that we are building in order to measure their progress, as well as write and evaluate code.
In this role you will need to be proficient in at least one programming language (Python, JavaScript, HTML, C++, C# and SQL) and able to solve coding problems (think LeetCode, HackerRank, etc). For each coding problem, you must be able to explain how your solution solves the problem.
Benefits:
This is a full-time or part-time REMOTE positionYou’ll be able to choose which projects you want to work onYou can work on your own scheduleProjects are paid hourly, starting at $40+ USD per hour, with bonuses for high-quality and high-volume work
Responsibilities:
Come up with diverse problems and solutions for a coding chatbotWrite high-quality answers and code snippetsEvaluate code quality produced by AI models for correctness and performance
Qualifications:
Fluency in English (native or bilingual)Proficient in at least one programming language (Python, JavaScript, HTML, C++, C# and SQL)Excellent writing and grammar skillsA bachelor's degree (completed or in progress)
Note: Data Annotation payment is made via PayPal. We will never ask for any money from you. PayPal will handle any currency conversions from USD.",,,Greater Tampa Bay Area,96139831,4,,,Contract,,1.71347E+12,1,https://www.linkedin.com/jobs/view/3901942350/?trk=jobs_biz_prem_srch,https://app.dataannotation.tech/worker_signup?projects=PROG_SA&worker_src=L&utm_medium=display&utm_source=linkedin&utm_campaign=softwaredeveloper,OffsiteApply,1.71606E+12,,,,1.71347E+12,,0,CONTRACT,,,,,,,,,,,,,,
3901394550,New York Institute of Technology,Academic Analytics & Assessment Associate ,"OverviewNew York Institute of Technology's six schools and colleges offer undergraduate, graduate, and professional degree programs in in-demand disciplines including computer science, data science, and cybersecurity; biology, health professions, and medicine; architecture and design; engineering; IT and digital technologies; management; and energy and sustainability. A nonprofit, independent, private, and nonsectarian institute of higher education founded in 1955, it welcomes nearly 8,000 students worldwide.
The university has campuses in New York City and Long Island, New York; Jonesboro, Arkansas; and Vancouver, British Columbia, as well as programs around the world. More than 112,000 alumni are part of an engaged network of physicians, architects, scientists, engineers, business leaders, digital artists, and healthcare professionals. Together, the university’s community of doers, makers, healers, and innovators empowers graduates to change the world, solve 21st-century challenges, and reinvent the future. For more information, visit nyit.edu. NYIT’s College of Osteopathic Medicine seeks an Academic Analytics & Assessment Associate located at the Old Westbury campus.ResponsibilitiesAdminister, process, tabulate and summarize the online evaluations of courses, labs, and other learning activities. Assist in the preparation of reports and documents for internal and external audiences, including, but not limited to, regulators and accreditors. Disseminate evaluation results securely to stakeholders with varying levels of access. Liaise with other departments within New York Tech and NYITCOM to update documentation for compliance reports. Assist with data collection, processing, and tabulation. Assist with literature reviews. Perform other duties as assigned.QualificationsBachelor's degree or higher in economics, education, business, public policy, psychology, sociology, or related field is required. Proficiency in Microsoft Office Suite, especially Word and Excel. REDCap and Adobe Acrobat Pro experience a plus. The incumbent should possess: superior higher order thinking skillsexcellent judgmentmeticulous attention to detailexcellent written and oral communication skillssuperb planning, organization, and time management skills. Must be able to work independently as well as collaboratively.",70000,YEARLY,"Old Westbury, NY",10352,17,,60000,Full-time,1,1.71346E+12,,https://www.linkedin.com/jobs/view/3901394550/?trk=jobs_biz_prem_srch,https://careers-nyit.icims.com/jobs/3569/academic-analytics-%26-assessment-associate/job,OffsiteApply,1.71606E+12,,Associate,,1.71346E+12,,0,FULL_TIME,USD,BASE_SALARY,65000,11568,36059,,,,,,,,,
3902353887,MPLC,Business Analyst Intern - Summer,"About MPLC
Founded in 1986 by a former vice-president of Paramount Pictures and MGM, MPLC now has offices in 28 countries with headquarters split between the UK and USA. Our UK HQ is in Eastbourne Sussex while in the USA, our HQ is in Los Angeles, next to many of the Hollywood studios that we represent.
MPLC is the market leader in non-theatrical licensing. We are on a mission to enable companies to use world-class film and television entertainment while supporting the creative industries and protecting their intellectual property.
At its simplest, companies around the world use TV and films to help their business. Whether it is gyms trying to create a great environment for their customers or employers making their staff/break rooms a better place to be, hundreds of thousands of companies are showing content in public spaces. A license is required to use that content.
MPLC provides that license to businesses across industries, whether it is a single restaurant or a large global corporation. We then provide royalties from the licenses to our rights holders ranging from major Hollywood studios to local TV production companies.
MPLC is a key player in the entertainment and intellectual property ecosystem and helps to increase content copyright awareness across all organizations.
Our company is on a truly exciting journey. We’re growing fast, adapting to new technology and trends, and have ambitious plans for the future. Yet, we also remember to keep it fun, down-to-earth, and globally collaborative as “who you are with” and “the process of getting there” matter just as much as destination. 😊 We would love for you to be a part of our journey and story!
About the position 
The U.S. business operations and strategy team is looking for a summer intern. This is a non-paid, academic credit internship open to both current undergraduate and graduate students. The role will not only support strategic and operational initiatives but also work in a rotational capacity supporting and learning from other business divisions (sales, marketing, legal, tech, etc.).
Every day is different, with each project directly impacting and supporting the company’s growth and expansion in the U.S. market.
After this internship, you will not only gain new functional skills in a wide variety of business functions, insight into a company’s growth process and strategic decisions, but also gain strategy management consulting style problem solving, communication, and project management skills.
If the traits below sound like you, we’d love to hear from you... 
We are an equal opportunity employer and love all types of folks who enjoy and would excel in this type of role. We are especially interested if you are the following: You are inquisitive and a problem solver. If you don’t know the answer, you know how to find it.You are logical and detail oriented.You are competent with Microsoft Suite, especially Excel and PowerPoint.You have experience with data analysis using Excel.You work well independently as well as in teams.You are currently an undergraduate student in your 2nd year or higher, or a graduate student.You have at least 1 year of professional experience.
We have a 2 day in office 3 day remote culture. This position is for the Los Angeles office. However, we welcome all great candidates even if you are remote!",,,Los Angeles Metropolitan Area,705661,1,,,Internship,,1.71354E+12,,https://www.linkedin.com/jobs/view/3902353887/?trk=jobs_biz_prem_srch,https://mplc.pinpointhq.com/postings/9b3fe327-910f-488f-a01a-556f4f40d0d0,OffsiteApply,1.71613E+12,,Internship,,1.71354E+12,,0,INTERNSHIP,,,,,,,,,,,,,,
3901944725,Paramount,"Senior Financial Analyst, Business Analytics - Planning &  Strategy","We are seeking a Senior Financial Analyst to join our Business Analytics, Planning, & Strategy Team for CBS Studios / Paramount TV Studios / CBS Network Entertainment. This position will work closely with the CBS Studios / Paramount TV Studios / CBS Network Entertainment executive leadership and finance teams to provide business analysis and help guide various decision-making processes.

Responsibilities

Reporting to the Senior Director, Business Analytics, Planning, & Strategy, the position will:

Assist in series greenlight process and deal analysis for CBS Studios, Paramount TV Studios, and CBS primetime entertainment projects, ensuring financials are presented accurately and conciselyPartner with key FP&A, Strategy, Business Affairs, Production, Production Finance, Creative, and Streaming executives to develop financial modelsFurther develop current long range planning model to be a more dynamic/useful planning toolProvide key inputs to FP&A team including a comprehensive list of series production assumptions (both for in-year forecast and Long Range Plan)Support the development and implementation of the new Paramount Global ERP/Planning systemConduct ongoing analysis of key business drivers, trends, and performance indicatorsCarry out other ad-hoc analysis as needed

BASIC QUALIFICATIONS:

4 years related experience in FP&A, finance, or equivalent quantitative rolesBachelor's Degree; preferably in Finance, Business Administration, or EconomicsStrongly proficient in Excel and PowerPoint

ADDITIONAL QUALIFICATIONS:

Entertainment, investment banking or management consulting experience preferredRequires strong analytical and problem-solving skills to analyze financial data and build financial modelsAbility to work in a fast paced, high-pressure environmentStrong work ethic and an acute attention to detail requiredExcellent written and verbal communication skillsExcellent interpersonal skills and the ability to work well in a team environmentMust be highly detail oriented, with the ability to coordinate and prioritize to meet deadlines

CBS Studios is one of the industry’s leading suppliers of programming with more than 70 series currently in production across broadcast and cable networks, streaming services and other emerging platforms.

The Studio’s expansive portfolio spans a diverse slate of commercially successful and critically acclaimed scripted programming, genre-defining franchises including the ever-growing “Star Trek” universe, award-winning late night and daytime talk shows, and an extensive library of iconic intellectual property.

Additional Information

Hiring Salary Range: $78,000.00 - 92,500.00.

The hiring salary range for this position applies to New York, California, Colorado, Washington state, and most other geographies. Starting pay for the successful applicant depends on a variety of job-related factors, including but not limited to geographic location, market demands, experience, training, and education.

Paramount is an equal opportunity employer (EOE) including disability/vet.

At Paramount, the spirit of inclusion feeds into everything that we do, on-screen and off. From the programming and movies we create to employee benefits/programs and social impact outreach initiatives, we believe that opportunity, access, resources and rewards should be available to and for the benefit of all. Paramount is proud to be an equal opportunity workplace and is an affirmative action employer. We are committed to equal employment opportunity regardless of race, color, ethnicity, ancestry, religion, creed, sex, national origin, sexual orientation, age, citizenship status, marital status, disability, gender identity, gender expression, and Veteran status.

If you are a qualified individual with a disability or a disabled veteran, you may request a reasonable accommodation if you are unable or limited in your ability to use or access https://www.paramount.com/careers as a result of your disability. You can request reasonable accommodations by calling 212.846.5500 or by sending an email to paramountaccommodations@paramount.com. Only messages left for this purpose will be returned.

",92500,YEARLY,"Los Angeles, CA",78378114,4,,78000,Full-time,,1.71347E+12,,https://www.linkedin.com/jobs/view/3901944725/?trk=jobs_biz_prem_srch,https://careers.paramount.com/job/Hollywood-Senior-Financial-Analyst%2C-Business-Analytics-Planning-&-Strategy-CA-90028/1157236900/?feedId=404800&utm_source=LinkedInJobPostings&utm_campaign=Paramount_LinkedIn,OffsiteApply,1.71607E+12,,Mid-Senior level,,1.71348E+12,careers.paramount.com,0,FULL_TIME,USD,BASE_SALARY,85250,90001,6037,,,,,,,,,
3904740018,Infogain,Business Data Analyst,"Job Description: - Core ResponsibilitiesData Analysis and Reporting: Understanding of CPG databases like Nielsen, IRI. Utilize data analysis techniques to interpret complex data, create reports, and provide actionable insights.Stakeholder Communication: Engage with stakeholders to gather and translate business requirements into analytical frameworks.Dashboard Development: Design and maintain dashboards using Power Query in Excel, good in analytics in generating metrics & measures and ensuring accurate and real-time data representation. 
Required QualificationsProfessional Experience: 3-6 years as a business analyst, with mandatory experience in the CPG sector and should have worked on brand dataTechnical Proficiency: Advanced skills in Excel and Power Query;Communication Skills: Exceptional ability to communicate complex data insights to non-technical stakeholders.Location: Position based in Springdale. Preferred AttributesProven experience in data-driven decision-making processes.Ability to handle multiple projects simultaneously, with a focus on deadlines and results.",45,HOURLY,"Springdale, AR",6282,,,40,Contract,,1.71357E+12,,https://www.linkedin.com/jobs/view/3904740018/?trk=jobs_biz_prem_srch,,ComplexOnsiteApply,1.71616E+12,,Entry level,,1.71357E+12,,0,CONTRACT,USD,BASE_SALARY,88400,72762,,,,,,,,,,
3901956833,Worldpay,"Business Analyst I, University Program","Position Type

Full time

Type Of Hire

Associate Development Program (Full Time Hire)

Education Desired

Bachelor's Degree

Travel Percentage

0%

Job Description

Are you ready to unleash your full potential? We’re looking for people who are passionate about payments to chart Worldpay’s path to being the largest and most-loved payments company in the world.

Join the 2024 Worldpay University Program!

We are currently recruiting for a Business Analyst to join the Chief of Staff (CoS) team for the CTO (Chief Technology Officer) at Worldpay. This position is based in Cincinnati, OH, and aligned to the Worldpay University Program; a two-year program, suited to entry level joiners who aspire to develop a successful career with a leading payments company.

As a 2024 Worldpay University Program full-time employee, you will have the opportunity to participate in team projects, community service activities, professional development initiatives and work with a team that is invested in your growth, development, and success; including bi-annual performance connects with your manager.

This Two-year Full-time Program Has a Start Date In June 2024 And As a University Program Participant You Can Look Forward To The Following

Learn about the exciting world of Payments and the role Worldpay plays Hear from Worldpay leaders about their journeyHave access to social/professional network opportunities and build a network across the organizationBi-annual merit reviews

About The Team

The Chief of Staff (CoS) team for the CTO (Chief Technology Officer) is a group of professionals who support the CTO in executing the strategic vision and goals of the company. The team works closely with the CTO to manage the daily operations, communications, and projects of the technology department. The team also acts as a liaison between the CTO and other stakeholders, such as the executive team, the board of directors, the customers, and the employees.

The CoS Team Has Several Key Functions, Such As

Planning and facilitating the CTO's agenda, meetings, and eventsPreparing and reviewing the CTO's reports, presentations, and proposalsCoordinating and tracking the progress and outcomes of the CTO's initiatives and prioritiesResearching and analyzing the industry trends, best practices, and opportunities for innovationProviding feedback and guidance to the CTO and the technology team on various issues and challengesBuilding and maintaining relationships with internal and external partners and stakeholders

What You Will Be Doing

Manage key organization projects for the CTO from ideation to executionCreate presentations and other materials for board meetings, conferences, and employee town halls refining the CTO’s message to ensure that it is understood by the right audiences in varying settingsCollect and analyze financial, employee, organization, program, and other data to solve problems and identify opportunities for improvementDrive efforts to create a positive organizational culture, boost employee excitement and establish Worldpay technology as the place to work for high caliber talent looking for opportunities

What You Bring

Bachelor’s degree in relevant field of study Proficiency in Microsoft Office Suite Fluent in English; Strong written and verbal communication skills Adaptability, a drive to learn, and strong problem-solving skills Ability to work well independently and within a team 

Bonus If You Have

Project Management experience, in a SAFe (Scaled Agile Framework) Agile environment a plusExperience/skills in creating creative and innovative communications

What We Offer You

Competitive salary and excellent benefits Orientation upon joining with networking opportunitiesBi-annual merit reviews during your first two years in the programVaried and challenging work in Payments to help you develop your functional and technical knowledge Time to support charities and give back to your community A work environment built on collaboration, flexibility, and respect A fun, inclusive culture – we love having fun together as a team and do lots of things both virtually as well as in person! Current and future sponsorship are not available for this position*

#Worldpay JUNE 2024

Privacy Statement

FIS is committed to protecting the privacy and security of all personal information that we process in order to provide services to our clients. For specific information on how FIS protects personal information online, please see the Online Privacy Notice .

EEOC Statement

FIS is an equal opportunity employer. We evaluate qualified applicants without regard to race, color, religion, sex, sexual orientation, gender identity, marital status, genetic information, national origin, disability, veteran status, and other protected characteristics. The EEO is the Law poster is available here supplement document available here

For positions located in the US, the following conditions apply. If you are made a conditional offer of employment, you will be required to undergo a drug test. ADA Disclaimer~ In developing this job description care was taken to include all competencies needed to successfully perform in this position. However, for Americans with Disabilities Act (ADA) purposes, the essential functions of the job may or may not have been described for purposes of ADA reasonable accommodation. All reasonable accommodation requests will be reviewed and evaluated on a case-by-case basis.

Sourcing Model

Recruitment at FIS works primarily on a direct sourcing model; a relatively small portion of our hiring is through recruitment agencies. FIS does not accept resumes from recruitment agencies which are not on the preferred supplier list and is not responsible for any related fees for resumes submitted to job postings, our employees, or any other part of our company.

#pridepass",,,"Cincinnati, OH",260387,4,,,Full-time,,1.71132E+12,,https://www.linkedin.com/jobs/view/3901956833/?trk=jobs_biz_prem_srch,https://careers.fisglobal.com/us/en/job/FIGLUSJR0260119EXTERNAL/Business-Analyst-I-University-Program?utm_source=linkedin&utm_medium=phenom-feeds,OffsiteApply,1.71607E+12,,Mid-Senior level,,1.71348E+12,careers.fisglobal.com,0,FULL_TIME,,,,45202,39061,,,,,,,,,
3886879484,ATC,Data Analyst-NY,"Job Title: Entry Level Business Analyst / Product Owner U.S. Citizens and those authorized to work in the U.S. are encouraged to apply. We are able to sponsor at this time.We are a US equal employment opportunity employer. Job Description:Entry Level expertise in gathering, analyzing, and documenting business requirements. If you do not have experience as a Business Analyst or Product Owner, you will be put through a training & Internship program.Experience in Requirement Gathering, Agile methodology, writing user stories, and building and planning roadmaps.Experience in preparing functional and detailed system design documentsDemonstrate expertise with SDLC methodologyAbility to communicate effectively across multiple levels of the organization, including with leadership.Demonstrated leadership, initiative, analytical skills, and sound business acumen, including the ability to understand and analyze recommendationsExperience with all phases of testing (i.e., system, integration, user acceptance), including creating use cases, test conditions, and review of output.Must be able to adjust and work effectively in a dynamic, changing environmentOther:Master’s Degree.We sponsor H1B or related work visas for eligible candidates on F1/OPT/CPT.We offer health insurance 100% paid.We follow equal employment opportunity.",,,"New York, United States",2736308,92,,,Full-time,48,1.71266E+12,,https://www.linkedin.com/jobs/view/3886879484/?trk=jobs_biz_prem_srch,,SimpleOnsiteApply,1.71525E+12,,Entry level,,1.71266E+12,,0,FULL_TIME,,,,,,,,,,,,,,
3898162921,Qualitative Financials,GCP Data Engineer,"GCP Data /Streaming/Batch Infrastructure Engineer Visa : USC/GC/L2S/H4EAD/GCEADContract : W2 (No C2C)Experience : 7+Locations: Remote (San Francisco, CA) Once in a quarter they need to Visit San Francisco, CA
Duration: Contract/Fulltime 
Job Description:
4+ years of professional experience in Stream/Batch Processing systems at scale.Strong Programming skills in Java, Python.Experience in Public Cloud is a must. Experience with GCP and GCP managed services is a strong plus.i. Experience in Messaging/Stream Processing systems on Cloud such as Pub/Sub, Kafka, Kinesis, DataFlow, Flink etc, and/Orii. Experience in Batch Processing systems such as Hadoop, Pig, Hive, Spark. Experience with Dataproc is a strong plus.Knowledge of DevOps principles and tools (e.g. CI/CD, IaC/Terraform).Strong understanding of Containerization technologies (e.g., Docker, Kubernetes).Strong problem-solving and critical thinking skills.Strong written/verbal communication skills with the ability to thrive in a remote work environment(For Senior leads/architects) Ability to explore new areas/problems as well as design and architect scalable solutions in Stream/Batch Processing at scale. Ability to technically lead a team of engineers on a project/component.

",,,"San Francisco, CA",79830368,152,,,Contract,,1.71321E+12,1,https://www.linkedin.com/jobs/view/3898162921/?trk=jobs_biz_prem_srch,,ComplexOnsiteApply,1.7158E+12,1.71322E+12,,,1.71321E+12,,0,CONTRACT,,,,94101,6075,,,,,,,,,
3902780922,Capital One,Senior Machine Learning Engineer,"West Creek 1 (12071), United States of America, Richmond, VirginiaSenior Machine Learning Engineer

 As a Capital One Machine Learning Engineer (MLE), you'll be part of an Agile team dedicated to productionizing machine learning applications and systems at scale. You’ll participate in the detailed technical design, development, and implementation of machine learning applications using existing and emerging technology platforms. You’ll focus on machine learning architectural design, develop and review model and application code, and ensure high availability and performance of our machine learning applications. You'll have the opportunity to continuously learn and apply the latest innovations and best practices in machine learning engineering. This role will include accelerating and democratizing machine learning solutions in batch and real-time systems. 

What you’ll do in the role: 

 The MLE role overlaps with many disciplines, such as Ops, Modeling, and Data Engineering. In this role, you'll be expected to perform many ML engineering activities, including one or more of the following:  Design, build, and/or deliver ML models and components that solve real-world business problems, while working in collaboration with the Product and Data Science teams.  Inform your ML infrastructure decisions using your understanding of ML modeling techniques and issues, including choice of model, data, and feature selection, model training, hyperparameter tuning, dimensionality, bias/variance, and validation).  Solve complex problems by writing and testing application code, developing and validating ML models, and automating tests and deployment.  Collaborate as part of a cross-functional Agile team to create and enhance software that enables state-of-the-art big data and ML applications.  Retrain, maintain, and monitor models in production.  Leverage or build cloud-based architectures, technologies, and/or platforms to deliver optimized ML models at scale.  Construct optimized data pipelines to feed ML models.  Leverage continuous integration and continuous deployment best practices, including test automation and monitoring, to ensure successful deployment of ML models and application code.  Ensure all code is well-managed to reduce vulnerabilities, models are well-governed from a risk perspective, and the ML follows best practices in Responsible and Explainable AI.  Use programming languages like Python, Scala, or Java. 

Basic Qualifications:

 Bachelor’s degree  At least 4 years of experience programming with Python, Scala, or Java (Internship experience does not apply)  At least 3 years of experience designing and building data-intensive solutions using distributed computing  At least 2 years of on-the-job experience with an industry recognized ML frameworks (scikit-learn, PyTorch, Dask, Spark, or TensorFlow)  At least 1 year of experience productionizing, monitoring, and maintaining models 

Preferred Qualifications:

 1+ years of experience building, scaling, and optimizing ML systems  1+ years of experience with data gathering and preparation for ML models  2+ years of experience developing performant, resilient, and maintainable code  Experience developing and deploying ML solutions in a public cloud such as AWS, Azure, or Google Cloud Platform  Master's or doctoral degree in computer science, electrical engineering, mathematics, or a similar field  3+ years of experience with distributed file systems or multi-node database paradigms  Contributed to open source ML software  Authored/co-authored a paper on a ML technique, model, or proof of concept  3+ years of experience building production-ready data pipelines that feed ML models  Experience designing, implementing, and scaling complex data pipelines for ML models and evaluating their performance 

 At this time, Capital One will not sponsor a new applicant for employment authorization for this position. 

Capital One offers a comprehensive, competitive, and inclusive set of health, financial and other benefits that support your total well-being. Learn more at the Capital One Careers website . Eligibility varies based on full or part-time status, exempt or non-exempt status, and management level.

This role is expected to accept applications for a minimum of 5 business days.No agencies please. Capital One is an equal opportunity employer committed to diversity and inclusion in the workplace. All qualified applicants will receive consideration for employment without regard to sex (including pregnancy, childbirth or related medical conditions), race, color, age, national origin, religion, disability, genetic information, marital status, sexual orientation, gender identity, gender reassignment, citizenship, immigration status, protected veteran status, or any other basis prohibited under applicable federal, state or local law. Capital One promotes a drug-free workplace. Capital One will consider for employment qualified applicants with a criminal history in a manner consistent with the requirements of applicable laws regarding criminal background inquiries, including, to the extent applicable, Article 23-A of the New York Correction Law; San Francisco, California Police Code Article 49, Sections 4901-4920; New York City’s Fair Chance Act; Philadelphia’s Fair Criminal Records Screening Act; and other applicable federal, state, and local laws and regulations regarding criminal background inquiries.

If you have visited our website in search of information on employment opportunities or to apply for a position, and you require an accommodation, please contact Capital One Recruiting at 1-800-304-9102 or via email at RecruitingAccommodation@capitalone.com . All information you provide will be kept confidential and will be used only to the extent required to provide needed reasonable accommodations.

For technical support or questions about Capital One's recruiting process, please send an email to Careers@capitalone.com

Capital One does not provide, endorse nor guarantee and is not liable for third-party products, services, educational tools or other information available through this site.

Capital One Financial is made up of several different entities. Please note that any position posted in Canada is for Capital One Canada, any position posted in the United Kingdom is for Capital One Europe and any position posted in the Philippines is for Capital One Philippines Service Corp. (COPSSC).",,,"McLean, VA",1419,12,,,Full-time,1,1.7134E+12,,https://www.linkedin.com/jobs/view/3902780922/?trk=jobs_biz_prem_srch,https://dsp.prng.co/F-7QMDb,OffsiteApply,1.716E+12,,Mid-Senior level,,1.7134E+12,dsp.prng.co,0,FULL_TIME,,,,22101,51059,,,,,,,,,
3904396152,"Strategic Education, Inc",Business Analyst Intern,"You’ll gain valuable job experience while getting immersed in our collaborative, fun and engaging culture. We are seeking candidates for full-time summer employment as part of our paid internship program. The position reports into our Information Technology (IT) department and will be part of IT project initiatives positioned to meet Strategic Education’s business objectives. You will be part of a scrum team that is responsible for the design, development, testing, deployment, and support of mission critical applications. Your motivation to be highly productive will contribute to our mature, yet dynamic environment that provides opportunities to learn technologies and project methodologies.

This is a hybrid position and the intern will be asked to work onsite 2 days each week.

Responsibilities

This position is responsible for working on assigned projects as well as maintenance items. Preparing technical requirements documentation, writing and documenting code, debugging technical issues, providing QA, and assisting in creating support documentation for applications are examples of tasks you will be performing.

Business Analyst Intern

Work with stakeholders to gather requirements for the development of applications Learn agile methodology and assist in writing user stories Participate in business process and technology enhancement meetings

Qualifications

Education:

Junior or senior year bachelor’s student or graduate student in Computer Science, Mathematics, or related field.


Experience/Skills

Previous experience that demonstrates a strong aptitude for being team-orientedInnovative problem solvingSelf-starter, proactively seeks direction and asks questions to gain clarityMeticulous attention to detail and organization skillsStrong written and verbal communication skillsFamiliar with application development methodologies including Agile, Waterfall, DevSecOps, and version control


This position pays $25.00 an hour.

SEI is an Equal Opportunity employer committed to a diverse and inclusive community. We welcome applications from all. While it is not typical for an individual to be hired at or near the top end of the pay range at SEI, we offer a competitive salary and benefits package. The actual base pay offered to the successful candidate may vary depending on multiple factors including, but not limited to, job-related knowledge/skills, experience, business needs, geographical location, and internal pay equity. Our Talent Acquisition Team is ready to discuss your interest in joining SEI. The expected salary range for this position is below.


$17.94 - $24.81 - Hourly

If you require a reasonable accommodation to complete our application process, please contact our Human Resources Department at Careers@strategiced.com.",,,"Minneapolis, MN",33202504,35,,,Full-time,9,1.71339E+12,,https://www.linkedin.com/jobs/view/3904396152/?trk=jobs_biz_prem_srch,https://strayer.wd1.myworkdayjobs.com/SEI/job/Minneapolis-MN/Business-Analyst-Intern_R23203?source=APPLICANT_SOURCE-6-,OffsiteApply,1.71599E+12,,,,1.71339E+12,strayer.wd1.myworkdayjobs.com,0,FULL_TIME,,,,55401,27053,,,,,,,,,
3904413403,PulsePoint,"Sr. Data Analyst, Programmatic Advertising","WebMD and its affiliates is an Equal Opportunity/Affirmative Action employer and does not discriminate on the basis of race, ancestry, color, religion, sex, gender, age, marital status, sexual orientation, gender identity, national origin, medical condition, disability, veterans status, or any other basis protected by law.
About PulsePoint:PulsePoint is a fast-growing healthcare technology company (with adtech roots) using real-time data to transform healthcare. We help brands and agencies interpret the hard-to-read signals across the health journey and unify these digital determinants of health with real-world data to produce the most dimensional view of the customer. Our award-winning advertising platforms use machine learning and programmatic automation to seamlessly activate this data, making marketing, predictive analytics, and decision support easy and instantaneous.
Description:Our Data & Analytics team is at the very heart of what makes PulsePoint an innovative, fast-paced and market changing company.
Our path forward is through data and this team is in the driver seat for the journey.
This is an exciting opportunity to support the Legal omnichannel/programmatic strategy, collaborate with Legal business leaders, and help our parent company expand the Legal vertical into programmatic capabilities.
The Big Picture:Our Data Analysts build, deliver & continually innovate on PulsePoint's insightful reporting and data-driven solutions. Their efforts help alleviate friction points and streamline processes that enable internal teams to provide exceptional service, powering the decisions of our customers.In short, they are the conduit through which we will revolutionize health decisions through real time data.
What You’ll Be Doing:Audience model development for LegalDevelop audience characteristicsProvide close analytical support to campaign management to develop, optimize, and troubleshoot campaigns and audience deploymentsWork with Product and Data Engineering teams to turn the models into a “test and production” environment (e.g., prepare data aggregates and data pipelines to facilitate the insights and put the audience model to work against the bidstream)Collaborate with internal teams to delight our customers with timely and accurate data reporting which meets all requirements;Research & implement new data products or capabilitiesAutomate data visualization and reporting capabilities that empower users (both internal and external) to access data on their own thereby improving quality, accuracy and speedSynthesize raw data into actionable insights to drive business results, identify key trends and opportunities for business teams and report the findings in a simple, compelling wayEvaluate and approve additional data partners or data assets to be utilized for identity resolution, targeting or measurementEnhance PulsePoint's data reporting and insights generation capability by publishing internal reports about Health dataAct as the “Subject Matter Expert” to help internal teams understand the capabilities of our platforms, how to implement & troubleshoot
RequirementsWhat are the ‘must haves’ we’re looking for?Minimum 3-5 years of relevant experience in:Creating SQL queries from scratch using real business data;Highly proficient knowledge of Excel (pivot tables, VLOOKUP, formulas, functions)Data analysis & manipulationPythonAt least a Bachelor’s degree in Business Intelligence and Analytics or closely related fieldFull-stack toolset: hard stats/data skills, model development, campaigns execution, business sense, real-time data engineeringExperience in Programmatic/Adtech
What other things would get us excited about you:One of:ELT experienceTableau/Looker/PowerBIExperience with automationStats backgroundAble to organize large data sets to answer critical questions, extrapolate trends, and tell a storyFamiliarity with health-related data setsProject Management skills
Benefits:Comprehensive healthcare with medical, dental, and vision options, and 100%-paid life & disability insurance401(k) MatchGenerous paid vacation and sick timePaid parental leave & adoption assistanceAnnual tuition assistanceBetter Yourself Wellness programCommuter benefits and commuting subsidyGroup volunteer opportunities and fun eventsA referral bonus program -- we love hiring referrals here at PulsePointAnd there’s a lot more!
What are ‘red flags’ for us:Candidates won’t succeed here if they haven’t worked closely with data sets or have simply translated requirements created by others into SQL without a deeper understanding of how the data impacts our business and, in turn, our clients’ success metrics.
Selection Process:Online SQL test (40 mins)Initial Phone Screen (30 mins)Video Calls w/ SVP of Analytics, Sr. Data Analyst, and Sr. Director of Analytics (30 mins each)Video Call w/ IB Exec (30 mins)",,,"Newark, NJ",2349382,39,,,Full-time,16,1.7134E+12,,https://www.linkedin.com/jobs/view/3904413403/?trk=jobs_biz_prem_srch,https://jobs.jobvite.com/pulsepoint/job/o9Fwrfwv,OffsiteApply,1.716E+12,,Mid-Senior level,,1.7134E+12,,0,FULL_TIME,,,,7102,34013,,,,,,,,,
3894993415,Cognizant,Sr. AWS Data Engineer - Hybrid ,"We are Cognizant Artificial Intelligence
Digital technologies, including analytics and AI, give companies a once-in-a-generation opportunity to perform orders of magnitude better than ever before. But clients need new business models built from analyzing customers and business operations at every angle to really understand them.
With the power to apply artificial intelligence and data science to business decisions via enterprise data management solutions, we help leading companies prototype, refine, validate and scale the most desirable products and delivery models to enterprise scale within weeks.
*You must be legally authorized to work in United State without the need of employer sponsorship, now or at any time in the future *
Job Title: Sr. AWS Data EngineerHybrid role in Baltimore, Maryland
We are seeking a highly skilled AWS Data Engineer with experience in Big Data and AWS technologies. This role involves developing and optimizing big data solutions ensuring scalability and efficiency.
The ideal candidate will contribute to our Asset & Wealth Management domain leveraging their expertise in Python Apache Spark and various AWS services to drive innovation and excellence.
Experience: 7 - 10 yearsRequired Skills: Python, MWAA (Airflow), Spark Optimization, AWS Glue, AWS EC2, Apache Spark
Roles & Responsibilities:· Extract transform and load data from various sources into our data lakehouse· Develop test maintain and document data pipelines using DBT Spark AWS Glue and Airflow· Build data marts and data cubes to support various business intelligence initiatives· Automate data quality checks to ensure the accuracy and consistency of our data· Experience interacting directly with stakeholders eliciting business requirements questioning and challenging where vital· Can articulate business needs and translate them into technology solutions· An understanding of the asset management business andor financial markets· Bachelor’s degree in computer science data science or a related field· Strong proficiency in Python and SQL· Expertise in data analysis· Experience building a modern enterprise wide data and analytics platform· Able to quickly learn new technologies and keep abreast of industry trends.· Experience with data stack technologies such as Apache Airflow Prefect Dagster Apache Iceberg· DBT Spark Phenomenal Expectations· AWS experience particularly data services such as Glue Lake Formation EMR Event-Bridge Athena· Experience with data warehousing such as Redshift Snowflake or Dremio· Excellent communication and teamwork skills
Salary and Other Compensation:
Applications will be accepted until 4/17/2024The annual salary for this position is depending on experience and other qualifications of the successful candidate.This position is also eligible for Cognizant’s discretionary annual incentive program, based on performance and subject to the terms of Cognizant’s applicable plans.
Benefits: Cognizant offers the following benefits for this position, subject to applicable eligibility requirements:
• Medical/Dental/Vision/Life Insurance• Paid holidays plus Paid Time Off• 401(k) plan and contributions• Long-term/Short-term Disability• Paid Parental Leave• Employee Stock Purchase Plan
Disclaimer: The Salary, other compensation, and benefits information is accurate as of the date of this posting. Cognizant reserves the right to modify this information at any time, subject to applicable law.",,,"Baltimore, MD",1680,2,,,Full-time,,1.71286E+12,,https://www.linkedin.com/jobs/view/3894993415/?trk=jobs_biz_prem_srch,,ComplexOnsiteApply,1.71545E+12,,Mid-Senior level,,1.71286E+12,,0,FULL_TIME,,,,21201,24510,,,,,,,,,
3901373790,SNVA Technologies,Data Analyst,"

Title: Data Analyst (Onsite)

Work authorization: any (candidate must be authorized to work in US)

Must-have skills: 2-5 y of exp with data analysis/ data integrity/ data governance; PowerBI development; Python; SQL, SOQL

Location: Juno Beach, FL
PLEASE SEND LOCAL CANDIDATES ONLY

Seniority on the skill/s required on this requirement: Mid.

Earliest Start Date: ASAP

Type: Temporary Project

Estimated Duration: 12 months with possible extension(s)

Additional information: The candidate should be able to provide an ID if the interview is requested. The candidate interviewing must be the same individual who will be assigned to work with our client. 
Requirements:• Availability to work 100% at the Client’s site in Juno Beach, FL (required);• Experience in data analysis/ data integrity/ data governance;• Experience in analytical tools including PowerBI development, Python, coding, Excel, SQL, SOQL, Jira, and others.

Responsibilities include but are not limited to the following:• Analyze data quickly using multiple tools and strategies including creating advanced algorithms;• Serve as a critical member of data integrity team within digital solutions group and supplies detailed analysis on key data elements that flow between systems to help design governance and master data management strategies and ensure data cleanliness.",,,"Juno Beach, FL",14439628,16,,,Contract,3,1.71346E+12,,https://www.linkedin.com/jobs/view/3901373790/?trk=jobs_biz_prem_srch,,ComplexOnsiteApply,1.71605E+12,,,,1.71346E+12,,0,CONTRACT,,,,34217,12081,,,,,,,,,
3905241252,Rose International,Support Data Engineer,"Date Posted: 04/18/2024Hiring Organization: Rose InternationalPosition Number: 462537Job Title: Support Data EngineerJob Location: Tampa, FL, USA, 33602Work Model: HybridEmployment Type: TemporaryEstimated Duration (In months): 7Min Hourly Rate($): 60.00Max Hourly Rate($): 70.00Must Have Skills/Attributes: Banking/Financial, DATA MANAGEMENT, Data Quality, Database, DataStage, ETL, Informatica, Python, Shell Scripting, UNIX Job Description
**Only those lawfully authorized to work in the designated country associated with the position will be considered.**
**Please note that all Position start dates and duration are estimates and may be reduced or lengthened based upon a client’s business needs and requirements.**
The Application Support Data Engineer will help provide Application support, monitor dashboards, data quality exception reports, investigate and resolve data issues, coordinate resolution of data problems in upstream systems and executing solutions such as data quality reporting as well as automation of data quality monitoring and resolution.
Required Skills:• 4 to 8+ years of relevant work experience around automation, data management, data quality, financial or regulatory reporting• Experience with relational and non-relational data stores• Experience in ETL/ELT using tools like Abinitio, Informatica, and DataStage• Experience writing Python• Understanding database performance concepts like indices, segmentation, projections, and partitions• Require shell scripting in a Unix environment
What You’ll Do:• Support data warehouse batch and drive continuous optimization and improvement• Identify and implement process improvements: infrastructure that scales, automating manual processes• Take ownership of the various tasks that will allow us to maintain high-quality data; ingestion, validation, transformation, enrichment, mapping, storage• Improve observability across the data infrastructure to ensure data quality from raw sources to downstream systems• Collaborate with the teams to deploy and support reliable, scalable tooling for analysis and experimentation• Collaborate with the dev teams to anticipate and support changes to the data 
Benefits:For information and details on employment benefits offered with this position, please visit here. Should you have any questions/concerns, please contact our HR Department via our secure website.California Pay Equity:For information and details on pay equity laws in California, please visit the State of California Department of Industrial Relations' website here.Rose International is an Equal Opportunity Employer. All qualified applicants will receive consideration for employment without regard to race, color, religion, age, sex, sexual orientation, gender (expression or identity), national origin, arrest and conviction records, disability, veteran status or any other characteristic protected by law. Positions located in San Francisco and Los Angeles, California will be administered in accordance with their respective Fair Chance Ordinances.If you need assistance in completing this application, or during any phase of the application, interview, hiring, or employment process, whether due to a disability or otherwise, please contact our HR Department.Rose International has an official agreement (ID #132522), effective June 30, 2008, with the U.S. Department of Homeland Security, U.S. Citizenship and Immigration Services, Employment Verification Program (E-Verify). (Posting required by OCGA 13/10-91.).",70,HOURLY,"Tampa, FL",12309,8,,60,Temporary,2,1.71347E+12,,https://www.linkedin.com/jobs/view/3905241252/?trk=jobs_biz_prem_srch,,ComplexOnsiteApply,1.71606E+12,,Mid-Senior level,,1.71347E+12,,0,TEMPORARY,USD,BASE_SALARY,135200,33602,12057,,,,,,,,,
3894875140,Frost,Data Analyst - Financial,"Job Description

It’s about insights that are out of sight.

Does diving into a 1,000-piece puzzle and placing all the pieces excite you? Do you want the autonomy to improve processes and find solutions? Would you consider excel to be your second language? If so, being a Data Analyst – Financial with Frost could be for you.

At Frost, it’s about more than a job. It’s about having a flourishing career where you can thrive, both in and out of work. At Frost, we’re committed to fostering an environment that reflects our values and encourages team members to be the best they can be. In joining our adaptable, integrity-driven team, you’ll become part of Frost’s over 150-year legacy of providing unparalleled banking services.

Who You Are

As a Data Analyst – Financial with Frost, you are our researcher, always searching for new data to analyze. In this role, you will analyze complex financial data to support key business initiatives. You will use your effective communication skills and analytical mindset to present your findings and make recommendations to upper management. More than that, this role is about constant improvement and doing so with our signature all-win approach in mind.

What You’ll Do

Interpret data using sound statistical methods while considering how the data can tell a story for an audience with a different area of expertiseExtract relevant data from enterprise data storage systems by using Structured Query Language (SQL) and other available tools and techniquesProvide expertise to create reporting and analysis that improves and automates the financial data collection processWork closely with end users to determine business rules and requirements that must be followed during report creation and validate that extracted information is accurateProvide guidance to less experienced Data Analysts Always act using Integrity, Caring, and Excellence to achieve all-win outcomes

What You’ll Need

Bachelor's degree in Business, Data Analytics, Statistics or MIS disciplineAdvanced knowledge and skill in SQL tools and techniquesAdvanced experience with report writing systems and the ability to create programs from scratchStrong analytical thinking and problem-solving skillsExcellent written and verbal communication skillsStrong knowledge and understanding of financial and accounting conceptsExperience working in cross-functional teamsProficiency in Microsoft computer applications

Additional Preferred Skills

2+ years of data analyst experienceExperience in the banking industryExperience with workflow process management or process improvementCompetency with advanced analytics or data science

Frost Benefits

At Frost, we care about your health, your family, and your future and strive to have our benefits reflect that. This includes:

Medical, dental, vision, long-term, and life insurance401(k) matchingGenerous holiday and paid time off scheduleTuition reimbursementExtensive health and wellness programs, including our Employee Assistance ProgramReferral bonus program + more!

Since 1868, Frost has dedicated their expertise to provide exceptional banking, investment, and insurance services to businesses and individuals throughout Texas. Frost is one of the 50 largest U.S. banks by asset size and is a leader is banking customer satisfaction. At Frost, it’s about being part of something bigger. If this sounds like you, we encourage you to apply and see what’s possible at Frost.",,,"San Antonio, TX",13256,17,,,Full-time,3,1.71069E+12,,https://www.linkedin.com/jobs/view/3894875140/?trk=jobs_biz_prem_srch,https://careers.frostbank.com/us/en/job/FRBAUSR230053EXTERNALENUS/Data-Analyst-Financial?utm_source=linkedin&utm_medium=phenom-feeds,OffsiteApply,1.71545E+12,,Entry level,,1.71286E+12,careers.frostbank.com,0,FULL_TIME,,,,78201,48029,,,,,,,,,
3898179040,"Promantis, Inc.",Business Analyst,"Hiring -Business Analyst- Hybrid
HI Dear Candidates;Hope You’re having a good dayI reached you regarding a job opportunity mentioned below, kindly let me know Your interest in this position  Job Title: Business Analyst Location: Brighton , MI  Job Description
Engagement Description – Works closely with stakeholders to analyse and understand business problems and opportunities. Develops business requirements and continuously evaluates processes toensure IT solutions support and align with business initiatives. Develops the documentation for existing and proposed business processes and functional specifications to ensure IT solutions support and align with business initiatives. Top 3 Required Skills/Experience –• Proven analytical ability related to analysis of functional business processes is a must.• Exceptional verbal and written communications skills, proven organization and attention to detail are required• 3 years of Business Analyst experience Required Skills/Experience – The rest of the required skills/experience. Include:  • Demonstrated ability to lead and drive initiatives through consensus-building• Ability to learn and understand new concepts (both business and technical) in a short timeframe and apply that knowledge to help achieve business objectives• Strong technology skills with a good understanding of PC based applications, including MS Office Professional and Internet based applications.• Demonstrated proficiency with Visio and FIGMA or similar tools• Experience with UI/UX design Preferred Skills/Experience – Optional but preferred skills/experience. Include: • Agile development experience• Experience with JIRA• UI/UX design experience Education/Certifications – Include:• BS degree preferred

",,,"Brighton, MI",2049094,121,,,Contract,27,1.71322E+12,,https://www.linkedin.com/jobs/view/3898179040/?trk=jobs_biz_prem_srch,,ComplexOnsiteApply,1.71581E+12,,,,1.71322E+12,,0,CONTRACT,,,,48114,,,,,,,,,,
3904574897,Capital One,Lead Data Engineer (FinOps),"NYC 299 Park Avenue (22957), United States of America, New York, New YorkLead Data Engineer (FinOps)

Do you love building and pioneering in the technology space? Do you enjoy solving complex business problems in a fast-paced, collaborative, inclusive, and iterative delivery environment? At Capital One, you'll be part of a big group of makers, breakers, doers and disruptors, who solve real problems and meet real customer needs. We are seeking Data Engineers who are passionate about marrying data with emerging technologies to drive cost efficiency of our AWS infrastructure. As a Capital One Lead FinOps Data Engineer, you’ll have the opportunity to be on the forefront of driving a major transformation within Capital One.

What You’ll Do:

 Design, deploy, and support cost-efficient AWS solutions as well as systems for data collection, storage, access, and analytics at scale  Work with a team of developers with deep experience in machine learning, distributed microservices, and full stack systems  Utilize programming languages like Java, Scala, Python and Open Source RDBMS and NoSQL databases and Cloud based data warehousing services such as Redshift and Snowflake  Share your passion for staying on top of tech trends, experimenting with and learning new technologies, participating in internal & external technology communities, and mentoring other members of the engineering community  Research cloud cost abnormalities and provide insights into its financial impact and solutions for supporting needed changes for correction  Work with lines of businesses to implement savings opportunities within their cloud footprints and applications.  Provide technical leadership and guidance around architectural best practices that help elevate Cost Optimization as a pillar of the Well-Architected Framework  Influence and help achieve our enterprise cost efficiency strategy 

Basic Qualifications: 

 Bachelor’s Degree  At least 6 years of experience in application development (Internship experience does not apply)  At least 2 years of experience in big data technologies  At least 1 year experience with cloud computing (AWS, Microsoft Azure, Google Cloud) 

Preferred Qualifications:

 7+ years of experience in application development including Python, SQL, Scala, or Java  4+ years of experience with a public cloud (AWS, Microsoft Azure, Google Cloud)  4+ years experience with Distributed data/computing tools (MapReduce, Hadoop, Hive, EMR, Kafka, Spark, Gurobi, or MySQL)  4+ year experience working on real-time data and streaming applications  4+ years of experience with NoSQL implementation (Mongo, Cassandra)  4+ years of data warehousing experience (Redshift or Snowflake)  4+ years of experience with UNIX/Linux including basic commands and shell scripting  2+ years of experience with Agile engineering practices 

At this time, Capital One will not sponsor a new applicant for employment authorization for this position.

The minimum and maximum full-time annual salaries for this role are listed below, by location. Please note that this salary information is solely for candidates hired to perform work within one of these locations, and refers to the amount Capital One is willing to pay at the time of this posting. Salaries for part-time roles will be prorated based upon the agreed upon number of hours to be regularly worked.

New York City (Hybrid On-Site): $201,400 - $229,900 for Lead Data Engineer

Candidates hired to work in other locations will be subject to the pay range associated with that location, and the actual annualized salary amount offered to any candidate at the time of hire will be reflected solely in the candidate’s offer letter.

This role is also eligible to earn performance based incentive compensation, which may include cash bonus(es) and/or long term incentives (LTI). Incentives could be discretionary or non discretionary depending on the plan.

Capital One offers a comprehensive, competitive, and inclusive set of health, financial and other benefits that support your total well-being. Learn more at the Capital One Careers website . Eligibility varies based on full or part-time status, exempt or non-exempt status, and management level.

This role is expected to accept applications for a minimum of 5 business days.No agencies please. Capital One is an equal opportunity employer committed to diversity and inclusion in the workplace. All qualified applicants will receive consideration for employment without regard to sex (including pregnancy, childbirth or related medical conditions), race, color, age, national origin, religion, disability, genetic information, marital status, sexual orientation, gender identity, gender reassignment, citizenship, immigration status, protected veteran status, or any other basis prohibited under applicable federal, state or local law. Capital One promotes a drug-free workplace. Capital One will consider for employment qualified applicants with a criminal history in a manner consistent with the requirements of applicable laws regarding criminal background inquiries, including, to the extent applicable, Article 23-A of the New York Correction Law; San Francisco, California Police Code Article 49, Sections 4901-4920; New York City’s Fair Chance Act; Philadelphia’s Fair Criminal Records Screening Act; and other applicable federal, state, and local laws and regulations regarding criminal background inquiries.

If you have visited our website in search of information on employment opportunities or to apply for a position, and you require an accommodation, please contact Capital One Recruiting at 1-800-304-9102 or via email at RecruitingAccommodation@capitalone.com . All information you provide will be kept confidential and will be used only to the extent required to provide needed reasonable accommodations.

For technical support or questions about Capital One's recruiting process, please send an email to Careers@capitalone.com

Capital One does not provide, endorse nor guarantee and is not liable for third-party products, services, educational tools or other information available through this site.

Capital One Financial is made up of several different entities. Please note that any position posted in Canada is for Capital One Canada, any position posted in the United Kingdom is for Capital One Europe and any position posted in the Philippines is for Capital One Philippines Service Corp. (COPSSC).",,,"New York, NY",1419,8,,,Full-time,,1.71355E+12,,https://www.linkedin.com/jobs/view/3904574897/?trk=jobs_biz_prem_srch,https://dsp.prng.co/zLUW8Yb,OffsiteApply,1.71615E+12,,Mid-Senior level,,1.71355E+12,dsp.prng.co,0,FULL_TIME,,,,10001,36061,,,,,,,,,
3895540929,Nordstrom,Credit Data Analyst 3 (Remote),"Job Description

The Credit Analytics and Strategy Team is responsible for analyzing and driving strategies that help both fuel growth of the portfolio as well as protect the business from losses. As part of this team, you will have the opportunity to develop sophisticated strategies, perform cutting edge analysis, and drive meaningful and challenging projects that improve the customer experience and deliver improved profitability for our business. You will have unparalleled exposure to Senior Leadership and be part of a dynamic, fast paced, and growing division within Nordstrom.

A day in the life...

Develop and analyze data that is used to interpret credit card acquisition, portfolio, and card marketing campaign performanceTranslate analytical findings into actionable strategic recommendationsIndependently lead projects based off your own analytical findingsSet forecasts and expectations for strategy performance and track actual performance to these expectationsMonitor the performance of existing acquisition, portfolio, and card marketing strategies and campaigns and present findings in a concise and effective manner via related reports and presentationsMonitor emerging trends across new and established account vintagesIdentify and provide recommendations regarding new opportunities within the credit card portfolio to drive low risk growthCollaborate effectively with cross-functional partners, including TD Bank, Card Marketing, Implementation Teams, Operations, Product, and Finance, to increase share of Nordstrom sales, deliver a world-class customer experience, and meet business objectivesMentor junior level analystsComplete additional Ad hoc requests as necessary

You own this if you have…

Bachelor’s degree in a quantitative field or equivalent combination of experience and education required. Advanced degree preferred.4+years’ experience in gathering, reporting on, and analyzing financial data, preferably in the consumer credit card industry2+ years of experience with descriptive and inferential statistical techniques, including experimental design concepts and their application 2+ years of experience in extracting large data sets from various relational databases using SQL (Oracle, Teradata preferred) Demonstrated or prior experience in a Team Lead role, working with lower-level analysts to their success, preferredDemonstrated ability to perform multifunctionally within Risk or Card Marketing Analytics in the consumer credit card industryDemonstrated ability to design impactful strategies aimed at optimizing financial metricsAdvanced experience using SAS/SQL programming languages including the ability to navigate, interpret, and join data from multiple databases as well as create macros and custom functions to automate/streamline tasksProficient in MS Office, with advanced MS Excel skillsKnowledge of the Consumer Credit Industry strongly preferredAbility to take ambiguous data questions, translate them into a clear analytical plan, and produce concise summary output that includes recommendations based upon core findingsProven ability to proficiently communicate complicated data and analytical issues verbally, in writing, or in presentation form to core stakeholders and partners across the enterpriseAbility to manage multiple projects simultaneously and work in a fast-paced environment as part of a team

This job description is intended to describe the general nature of the work employees can expect within this particular job classification. It is certainly not a comprehensive inventory of all duties, responsibilities and qualifications required for this job.

Nordstrom is able to offer remote employment for this position in: Arizona, California, Colorado, Illinois, Nevada, North Carolina, Texas, Utah and Washington.

We’ve got you covered…

Our employees are our most important asset and that’s reflected in our benefits. Nordstrom is proud to offer a variety of benefits to support employees and their families, including:

Medical/Vision, Dental, Retirement and Paid Time AwayLife Insurance and DisabilityMerchandise Discount and EAP Resources

A few more important points...

The job posting highlights the most critical responsibilities and requirements of the job. It’s not all-inclusive. There may be additional duties, responsibilities and qualifications for this job.

Nordstrom will consider qualified applicants with criminal histories in a manner consistent with all legal requirements.

Applicants with disabilities who require assistance or accommodation should contact the nearest Nordstrom location, which can be identified at www.nordstrom.com.

© 2022 Nordstrom, Inc

Current Nordstrom employees: To apply, log into Workday, click the Careers button and then click Find Jobs.

Pay Range Details

The pay range(s) below are provided in compliance with state specific laws. Pay ranges may be different in other locations.

California: $102,500- $170,500 annually, Colorado: $89,000- $147,000 annually, Nevada: $89,000- $147,000 annually, Washington: $102,500- $170,500 annually",170500,YEARLY,"Centennial, CO",3379,4,,89000,Full-time,,1.71289E+12,1,https://www.linkedin.com/jobs/view/3895540929/?trk=jobs_biz_prem_srch,https://nordstrom.wd5.myworkdayjobs.com/nordstrom_careers/job/Centennial-CO/Credit-Data-Analyst-3--Remote-_R-644856-1/apply?source=LinkedIn,OffsiteApply,1.71548E+12,,Mid-Senior level,,1.71289E+12,nordstrom.wd5.myworkdayjobs.com,0,FULL_TIME,USD,BASE_SALARY,129750,81125,8011,,,,,,,,,
3886895482,Spectrum,Business Analyst,"BE PART OF THE CONNECTION As a Business Analyst in the Credit Services department, you’ll analyze business operations and recommend solutions to align individual business functions with organizational goals. You’ll use your understanding of an organization’s structure, policies, and operations to improve general business processes and planning. WHAT OUR BUSINESS ANALYSTS ENJOY MOST Compiling, analyzing, interpreting business needs, and presenting requirements related to current and future operationCreating reports, charts, graphs, and presentations to aid in proposing new strategies for successful business changesAnalyzing external market dynamics and other data sources to assess trends and develop actionable insights and recommendations to managementRecommending use of new technology or existing technology alternatives to solve problems or make improvements In this role you’ll work individually and within a team in a dynamic office environment. You’ll excel if you can collaborate cross-functionally, adapt to change, and handle multiple projects and priorities simultaneously. You’ll develop skills that are transferable to other areas of Spectrum for a meaningful, long-term career.
WHAT YOU’LL BRING TO SPECTRUM Required QualificationsExperience: Business analysis or related experience: 2 years or moreEducation: Bachelor’s degree in business or related fieldTechnical skills: Comprehensive knowledge of software applications such as Word, Excel, PowerPoint, etc.Abilities: Quickly identify business problems & opportunities; prioritize & organize effectively; analyze & interpret data, communicate clearly both orally and in writingSPECTRUM CONNECTS YOU TO MOREDynamic Growth: The growth of our industry and evolving technology powers our employees’ careers as they move up or around the companyLearning Culture: We invest in your learning, and provide paid training and coaching to help you succeedSupportive Teams: Be part of a strong community that gives you opportunities to network and grow, and wants to see you succeedTotal Rewards: See all the ways we invest in you—at work and in life",,,"Stamford, CT",18425303,227,,,Full-time,64,1.71267E+12,,https://www.linkedin.com/jobs/view/3886895482/?trk=jobs_biz_prem_srch,https://jobs.spectrum.com/job/stamford/business-analyst/4673/63680932384,OffsiteApply,1.71526E+12,,Associate,,1.71267E+12,,0,FULL_TIME,,,,6901,9001,,,,,,,,,
3902782727,Capital One,Business Manager - Workplace Analytics,"Locations: VA - McLean, United States of America, McLean, VirginiaBusiness Manager - Workplace Analytics

 Summary: 

As a Business Analysis Manager at Capital One, you will apply your strategic and analytical skills to major company challenges. You'll team with world-class professionals to develop and test strategies that ultimately impact the bottom line. And you will do it all in a collaborative environment that values your insight, encourages you to take on new responsibility, promotes continuous learning, and rewards innovation.

Within Global Workplace Services, Workplace Analytics uses data and technology to make magic happen with dashboards and spreadsheets, illuminating what’s actually happening in our spaces to improve the associate experience both today and in the future. You’ll partner with clients across Global Workplace Services as well as the Retail Bank to help them solve everyday business problems and monitor/optimize Capital One’s real estate footprint (which includes offices, branches, and cafes). Design, build, and/or deliver ML models and components that solve real-world business problems, while working in collaboration with the Product and Data Science teams. Collaborate as part of a cross-functional Agile team to create and enhance software that enables state-of-the-art big data and ML applications. Develop and maintain the machine learning models which form the heart of our business. Use a combination of business acumen, coding and statistical skills to navigate large amounts of data and extract actionable solutions.

 General  Responsibilities  : 

 Strategic leadership: Develop business strategies that will drive growth, profitability, and competitive success for Capital One in the face of shifting consumer and regulatory demands  Leadership: May manage and develop 1-2 analysts. Coaching and mentoring associates with a goal of developing and retaining talent at Capital One  Product: Develop and implement new product and pricing strategies for various lending products; lead product level modeling/analytics  Marketing: Lead direct-to-consumer marketing efforts for select products, and strategic intent for products distributed through the retail channel. Build targeted insights to inform the design and development of new customer experiences, as well as breakthrough technology and concepts designed to deliver on new go-to-market strategies  Credit Risk: Drive step-change improvements in credit performance by connecting drivers of future consumer credit trends to historical behavior, creating risk models, and testing hypotheses using rigorous monitoring and analysis  Execution: Manage and sequence delivery of business intent, build business requirements and execute against the product strategy. Oversee multiple projects and programs concurrently  Partnership: Work closely with colleagues across Capital One including: IT, Sales, Operations, Finance and others to drive improvement in quality, volume, service, and profitability  Strategic & analytic orientation: A proven track record of decision making and problem solving based on analytics. Conceptual thinking skills must be complemented by a strong quantitative orientation, given that a large part of the business is based on rigorous analytic marketing & credit risk management  Strong business judgment, leadership and integrity: He/she should be a tenacious decision maker, able to bring a healthy, aggressive, yet responsible approach to business  Solid people leadership experience: Ability to build and leverage the capabilities of a high-performing team, as well as business partners across the enterprise. He/she should foster innovation, drive critical decisions, hold business partners accountable, and be able to consistently deliver results  Strong executive communication skills: Impeccable written and oral communication credentials, coupled with strategic influencing skills and the ability to drive agreement through intellect, interpersonal and negotiation skills  Clear results orientation: display an intense focus on achieving both short and long term goals. He/she should be able to drive and execute an agenda in an uncertain and fluid environment  Successful track record of thriving in a fast paced, entrepreneurial and dynamic environment. Previous consulting experience is a plus 

 Basic  Qualifications: 

 Bachelor’s Degree  At least 2 years of experience in analysis 

 Preferred Qualifications: 

 Master’s Degree in Business or quantitative field such as Finance, Economics, Physical Sciences, Math, Statistics, Engineering  5+ years of experience in analysis  2+ years of experience in financial services  1+ year of experience in consulting  2+ years of experience in people management 

Capital One will consider sponsoring a new qualified applicant for employment authorization for this position.

Capital One offers a comprehensive, competitive, and inclusive set of health, financial and other benefits that support your total well-being. Learn more at the Capital One Careers website . Eligibility varies based on full or part-time status, exempt or non-exempt status, and management level.

This role is expected to accept applications for a minimum of 5 business days.No agencies please. Capital One is an equal opportunity employer committed to diversity and inclusion in the workplace. All qualified applicants will receive consideration for employment without regard to sex (including pregnancy, childbirth or related medical conditions), race, color, age, national origin, religion, disability, genetic information, marital status, sexual orientation, gender identity, gender reassignment, citizenship, immigration status, protected veteran status, or any other basis prohibited under applicable federal, state or local law. Capital One promotes a drug-free workplace. Capital One will consider for employment qualified applicants with a criminal history in a manner consistent with the requirements of applicable laws regarding criminal background inquiries, including, to the extent applicable, Article 23-A of the New York Correction Law; San Francisco, California Police Code Article 49, Sections 4901-4920; New York City’s Fair Chance Act; Philadelphia’s Fair Criminal Records Screening Act; and other applicable federal, state, and local laws and regulations regarding criminal background inquiries.

If you have visited our website in search of information on employment opportunities or to apply for a position, and you require an accommodation, please contact Capital One Recruiting at 1-800-304-9102 or via email at RecruitingAccommodation@capitalone.com . All information you provide will be kept confidential and will be used only to the extent required to provide needed reasonable accommodations.

For technical support or questions about Capital One's recruiting process, please send an email to Careers@capitalone.com

Capital One does not provide, endorse nor guarantee and is not liable for third-party products, services, educational tools or other information available through this site.

Capital One Financial is made up of several different entities. Please note that any position posted in Canada is for Capital One Canada, any position posted in the United Kingdom is for Capital One Europe and any position posted in the Philippines is for Capital One Philippines Service Corp. (COPSSC).",,,"McLean, VA",1419,14,,,Full-time,2,1.7134E+12,,https://www.linkedin.com/jobs/view/3902782727/?trk=jobs_biz_prem_srch,https://dsp.prng.co/ObhLV-b,OffsiteApply,1.716E+12,,Director,,1.7134E+12,dsp.prng.co,0,FULL_TIME,,,,22101,51059,,,,,,,,,
3905210827,micro1,Machine Learning Engineer,"About Us:At micro1, we're passionate about connecting top-tier remote developers with handpicked Silicon Valley companies. Our goal is to provide developers with competitive and stable income and access to the best companies in the industry, all while offering them a flexible work environment and a host of amazing benefits. We're proud to work with trusted partners such as Webflow, IMX, Deel, Immutable, O’Gara, LegalSoft, and more.
What we offer:remotelyof PTOanalysis for raisesinsurancecosts coveredUdemy courses (and books)much more
About the Role:As a Software Engineer, your primary responsibility will be to contribute to the development and maintenance of our software products. You will collaborate with cross-functional teams to design, implement, and deploy high-quality code across various parts of our technology stack. Your contributions will be critical in ensuring the reliability, scalability, and performance of our systems.
Responsibilities: exposure to artificial intelligence and machine learning concepts is advantageous. Familiarity with implementing AI/ML algorithms and frameworks would be beneficial.with distributed systems architecture and development is desirable. Understanding how to design and implement scalable and fault-tolerant distributed applications would be a plus.you have prior experience with high-performance computing, it would be advantageous, especially in optimizing code for performance and efficiency.of systems and infrastructure concepts, including cloud computing, containerization, and microservices architecture, would be beneficial.with AI-powered developer tools such as Codeium, Copilot, ChatGPT, and others is highly valued. Being able to leverage these tools to enhance productivity and code quality is a strong advantage.
Requirements:don't impose hard requirements on specific languages or technologies, but we expect you to demonstrate your ability to write clean, efficient, and maintainable code.should have the capability to work on different layers of the software stack, including frontend, backend, IDE extensions, machine learning components, infrastructure, and data processing.",,,"Mountain View, CA",81490090,69,,,Full-time,37,1.71346E+12,,https://www.linkedin.com/jobs/view/3905210827/?trk=jobs_biz_prem_srch,,ComplexOnsiteApply,1.71605E+12,,Mid-Senior level,,1.71346E+12,,0,FULL_TIME,,,,94040,6085,,,,,,,,,
3902760382,Citi,HR Delivery - Governance & Analytics Manager,"Job Id: 24736568

The HR Data Governance and Analytics Manager is a senior management level position responsible for accomplishing results through the management of professional team(s) and department(s). Integrates subject matter and industry expertise within a defined area. Contributes to standards around which others will operate. Requires in-depth understanding of how areas collectively integrate within the sub-function and coordinate and contribute to the objectives of the entire function. Developed communication and diplomacy skills are required to guide, influence, and convince others, particularly colleagues in other areas and occasional external customers. Has responsibility for volume review, quality, timeliness, and delivery of end results of an area.

Responsibilities:

Responsible for the overall direction, coordination, implementation, execution, control, and completion of specified projects ensuring consistency with Workplace Support Delivery.Aids in aligning global strategy with regional and country specific priorities in partnership with respective regional, product, and/or country colleaguesPartners with respective lead on queue coordination for Service Now (SNOW) cases to ensure proper reassignments.Establishes governance of aged cases for HR Delivery Partners.Reviews, monitors, and recommends changes or enhancements to HRD Dashboard and systems.Responsible for maintaining and tracking Workplace Support data and metrics and implementing relevant controls to meet departmental goals.Resolves complex problems or transactions, where expertise is required to interpret against policies, guidelines, or processes.Full ownership of one or more processes, reports, procedures, or products, and may also be considered analytical or procedural experts representing a unit or team on cross-function process or project deliverables.Applies in-depth disciplinary knowledge of concepts and procedures within own area to resolve issues.Identifies, documents, and understands project dependencies Identify key stakeholders who participate in project scope definition.Measures project management performance against standards.Establishes project communication needs and creates project communication plan.Partners with cross function peers to create, administer, track, and eventually close project plan.Manages and leads projects in collaboration with PMO partners, as needed.Ensures resources are assigned to project & monitor commitment.Ensures change control is executed throughout project.Appropriately assess risk when business decisions are made, demonstrating particular consideration for the firm's reputation and safeguarding Citigroup, its clients and assets, by driving compliance with applicable laws, rules and regulations, adhering to Policy, applying sound ethical judgment regarding personal behavior, conduct and business practices, and escalating, managing and reporting control issues with transparency, as well as effectively supervise the activity of others and create accountability with those who fail to maintain these standards.

Qualifications:

6-10 years of Human Resource experienceDemonstrates ability to manage multiple projects or activities simultaneously.Broad understanding of HR functionDemonstrates capacity to work in highly pressured & volatile environments.Broad understanding of various HR tools and systemsConsistently demonstrates clear and concise written and verbal communication skillsProficient in Microsoft Office with an emphasis on MS ExcelSelf-motivated and detail oriented

Education:

Bachelor’s degree/University degree or equivalent experienceMaster’s degree preferred

This job description provides a high-level review of the types of work performed. Other job-related duties may be assigned as required.

------------------------------------------------------

Job Family Group: 

Human Resources

------------------------------------------------------

Job Family:

HR Advisors & Generalist

------------------------------------------------------

Time Type:

Full time

------------------------------------------------------

Primary Location:

Tampa Florida United States

------------------------------------------------------

Primary Location Full Time Salary Range:

$103,920.00 - $155,880.00

In addition to salary, Citi’s offerings may also include, for eligible employees, discretionary and formulaic incentive and retention awards. Citi offers competitive employee benefits, including: medical, dental & vision coverage; 401(k); life, accident, and disability insurance; and wellness programs. Citi also offers paid time off packages, including planned time off (vacation), unplanned time off (sick leave), and paid holidays. For additional information regarding Citi employee benefits, please visit citibenefits.com. Available offerings may vary by jurisdiction, job level, and date of hire.

------------------------------------------------------

Anticipated Posting Close Date:

Apr 24, 2024

------------------------------------------------------

Citi is an equal opportunity and affirmative action employer.

Qualified applicants will receive consideration without regard to their race, color, religion, sex, sexual orientation, gender identity, national origin, disability, or status as a protected veteran.

Citigroup Inc. and its subsidiaries (""Citi”) invite all qualified interested applicants to apply for career opportunities. If you are a person with a disability and need a reasonable accommodation to use our search tools and/or apply for a career opportunity review Accessibility at Citi.

View the ""EEO is the Law"" poster. View the EEO is the Law Supplement.

View the EEO Policy Statement.

View the Pay Transparency Posting",,,"Tampa, FL",11448,29,,,Full-time,,1.71331E+12,,https://www.linkedin.com/jobs/view/3902760382/?trk=jobs_biz_prem_srch,https://ad.doubleclick.net/ddm/trackclk/N4789.466581LINKEDIN.COM/B24610901.326267118;dc_trk_aid=518286485;dc_trk_cid=165264150;dc_lat=;dc_rdid=;tag_for_child_directed_treatment=;tfua=;ltd=;dc_tdv=1?https://jobs.citi.com/job/-/-/287/64073244128?utm_term=326267118&ss=paid&utm_campaign=NAM_lateral&utm_medium=job_posting&source=linkedinJB&utm_source=linkedin.com&utm_content=social_media,OffsiteApply,1.71599E+12,,,,1.7134E+12,jobs.citi.com,0,FULL_TIME,,,,33602,12057,,,,,,,,,
3894861605,Above Lending,Business Analytics Associate,"Above Lending is a next-generation financial services company. We provide simple and transparent products aimed at helping our clients achieve their personal finance goals. With competitive rates and personalized support, our mission is to simplify the lending process and help borrowers attain financial well-being. We are committed to making credit more affordable and accessible.

The Business Analytics Associate will conduct analyses focused on monitoring, understanding trends, and making recommendations for improving performance across a number of areas in the business. The role will collaborate cross-functionally to deliver actionable insights that help meet company goals.

A successful Associate will quickly build a deep understanding of the business and be able to effectively communicate results. The ideal candidate will be a results-driven, strategic thinker able to thrive in a dynamic, rapid-growth environment. Exceptional candidates will have best-in-class data skills including SQL, Excel, dataset manipulation, data visualization and strong willingness to learn.

This role is expected to be hybrid, 3x per week in-office in Northbrook, IL

You will

Dive into data and processes to understand major operational challenges and opportunitiesPresent findings to stakeholders and recommend actionable solutions for non-analytical partners including Senior LeadershipBuild analytics that track progress towards company KPIs and drivers of performance that are critical to achieving company and business unit goalsWork closely with the product and operations teams in monitoring and validating releases

What We Look For

Bachelor’s or Master’s degree in business, STEM, or other analytical fieldPrior experience in Strategy Consulting, Financial Services, or Start-up environments a plusFamiliarity with doing analysis in Excel and coding in SQLExperience in Python or R is not required but a plusLooker or Tableau experience is a plusQuick learner; willing to dive in and get their hands dirtyDesire to work in a fast-paced environment and continuously learn and iterate 

Join our dynamic team and contribute to Above Lending’s success as we continue to provide innovative lending solutions to our customers.

Under the California Consumer Privacy Act (“CCPA”), Above Lending is informing California residents who are our job applicants, contractors or prospective employees (together “job applicants”) about the categories of personal information we collect about you and the purposes for which we will use this information. This notice and our Privacy Policy contain important information relating to the CCPA and apply only to personal information that is subject to the CCPA. Please see our website for the full CCPA statement.

*Above Lending is an equal opportunity Employer*

Above Lending does not accept unsolicited resumes from individual recruiters or third-party recruiting agencies in response to job positions. No fee will be paid to their parties who submit unsolicited candidates directly to Above Lending employees or the Above Lending Finance and HR teams. No placement fee will be paid to any third party unless such a request has been made by the Above Lending HR team.",,,"Chicago, IL",37540512,6,,,Full-time,1,1.71285E+12,,https://www.linkedin.com/jobs/view/3894861605/?trk=jobs_biz_prem_srch,https://jobs.lever.co/abovelending/68c0a47e-48ca-4aa8-a037-41e86b5826f4/apply?source=LinkedIn,OffsiteApply,1.71545E+12,,Entry level,,1.71286E+12,jobs.lever.co,0,FULL_TIME,,,,60601,17031,,,,,,,,,
3902814236,Nebula,Data Scientist,"Company Description
 Nebula Partners is an Atlanta-based enterprise solution company specializing in custom information technology and consulting services. Our team of consultants combines technical and functional expertise to accelerate decision-making processes and drive better outcomes. We use agile methodologies to condense time-to-value and collaborate with clients to co-create plans and execute them. With a passion for success, we believe in the success of our customers.
 Role Description
 This is a remote contract role for a Data Scientist at Nebula. As a Data Scientist, you will be responsible for performing data analysis, implementing statistical models, and visualizing data to provide insights and recommendations. Your day-to-day tasks will involve working with large datasets, cleaning and preprocessing data, applying analytical techniques, and communicating findings to stakeholders.
 Qualifications
 Data Science, Statistics, and Data Analytics skillsData Visualization and Data Analysis skillsExperience with machine learning algorithms and predictive modelingProficiency in programming languages such as Python or RStrong problem-solving and critical thinking abilitiesExcellent communication and presentation skillsAbility to work independently and remotelyExperience in the field of data science or related rolesBachelor's degree in Data Science, Statistics, Computer Science, or a related field",,,United States,74511026,26,,,Contract,6,1.71355E+12,1,https://www.linkedin.com/jobs/view/3902814236/?trk=jobs_biz_prem_srch,,SimpleOnsiteApply,1.71614E+12,,,,1.71355E+12,,0,CONTRACT,,,,,,,,,,,,,,
3905300309,Westlake,Analyst Sr.-Functional (Project Manager/ Business Analyst),"Summary

Experienced Sr. Analyst, proficient in SharePoint application implementation, design, configuration, and support; responsible for gathering and organizing business requirements, analyzing data requirements, performing systems analysis and design activities, and supporting system development, testing, and delivery efforts. This position will be responsible for supporting all phases of the system development life-cycle process for numerous applications including SharePoint, Nintex, Enablon, Cority, and other enterprise applications. Applicants must have excellent communication skills, both verbal and written, and prior experience with project management and delivery of applications. Applicants must have strong project management skills with experience in following recognized project management standards.

Duties And Responsibilities

May include, but are not limited to, the following:

Facilitate and organize meetings with functional users and business managers to document procedures and to gather functional requirementsPerform analysis and design activities for applications to be deliveredAnalyze data needs and create data models for applicationsModifies and/or enhances applications following established methodologyLeverage experience to suggest and support business enhancementsCoordinate quality assurance efforts by creating and executing test plansContinually seeks opportunities to increase customer satisfaction and strengthen client relationshipsAssist in creating user documentation for applicationsDesign and configuration of automated business process workflowCoordinate system signoff and meet all other change management requirementsResearch and resolve help desk issues that relate to the core application.Provide quality assurance support during and after implementationProvide user training for individuals and groupsAssist Technical Architect in design and integration of solutionsManage and work with consultant staffMotivate the team to deliver excellenceAny additional responsibilities or tasks as assigned.Comply with all Company policies and procedures.Fully supports Company goals of continuous improvement and operational excellence at strategic and tactical levels including reviewing area of responsibility for improvement opportunities to initiate projects or communicate ideas to management as well as active participation on project teams.

Education, Experience And Qualifications

College Degree or equivalent experience in Computer Science, Business, or related discipline.Minimum 7 years of experience as a business and/or project analyst with SharePoint applicationsExperience with Health, Safety, and Environmental management systems preferredExperience with Occupational Health management systems preferredMinimum 5 years of experience with delivery of application solutionsProven skills in business analysis, quality assurance, and implementationThorough understanding of SharePoint capabilities and managementExperience with integration of enterprise applicationsStrong Project Management skills. Certification in PMP or equivalent preferred3 or more years of experience with Nintex preferred

PHYSICAL DEMANDS

While performing the duties of this job, the employee is frequently required to sit; stand; walk; use hands to touch, handle, or feel; reach with hands and arms; and talk or hear. The employee is occasionally required to stoop, kneel, or crouch. The employee must regularly lift and/or move up to 10 pounds. Specific vision abilities required by this job include close vision, distance vision, color vision, peripheral vision, depth perception, and ability to adjust focus.

WORK ENVIRONMENT

The noise level in the work environment is usually moderate as normally based in an office. Some of the work may be required in the operating units which can require usage of required PPE including safety glasses, hearing protection, etc. May also result in exposure to outside elements and may require usage of stairs and elevators. 25% travel including air travel or auto travel may occasionally be required.",,,"Houston, TX",47905,5,,,Full-time,,1.71331E+12,,https://www.linkedin.com/jobs/view/3905300309/?trk=jobs_biz_prem_srch,https://www.westlaketalent.com/analyst-sr-functional-project-manager-business-analyst/job/28026577,OffsiteApply,1.71607E+12,,Mid-Senior level,,1.71348E+12,www.westlaketalent.com,0,FULL_TIME,,,,77002,48201,,,,,,,,,
3901387962,Stealth Startup,Machine Learning Engineer - GenAI,"We are one of the leading tech investment firms globally, with a track record of investing in some of the most valuable companies in the world.
Right now, we are helping our early stage (Pre-Seed -> Series B) portfolio companies grow their machine learning engineering teams.
A generative AI portfolio company is looking to hire a number of machine learning engineers of varied experience levels as their sales increase and they confirm product-market fit.
While being good at what you do are table stakes, we believe the following will make you successful in a startup:
Optimistic individuals are persistent, determined, and unwilling to give up in the face of adversity. They keep working towards a goal or objective despite setbacks or failures. Optimism often involves a combination of perseverance, resilience, and determination.Growth-oriented individuals embrace challenges, persist in the face of setbacks, and see effort as a key to success. They are willing to take risks and push themselves outside of their comfort zones. Growth-oriented individuals are curious, see learning as a lifelong process, and embrace feedback. They are willing to try new things, and are not afraid to change direction if something isn’t working.Effective individuals collaborate well, work consistently and purposefully towards achieving their goals, efficiently manage their time, and are self-motivated. They are able to identify problems, analyze them critically, and develop effective solutions.
We are looking for candidates who have at least 2 years of professional experience. They are unable to sponsor visas of any kind currently. 
If you are interested in working at an early stage company, please apply to learn more.",,,United States,18583501,66,,,Full-time,14,1.71346E+12,1,https://www.linkedin.com/jobs/view/3901387962/?trk=jobs_biz_prem_srch,https://jobs.ashbyhq.com/stealthventurecapitalfirm/47bc51aa-e88d-43f6-bed4-d20ff9309f1a,OffsiteApply,1.71605E+12,,Mid-Senior level,,1.71346E+12,,0,FULL_TIME,,,,,,,,,,,,,,
3901343732,"REV Group, Inc",D365 Finance & Operations IT Sr. Business Analyst - Finance,"IDEAL LOCATIONS WOULD BE OCALA FLORIDA, DECATUR INDIANA OR BROOKFIELD WI FOR THIS PERSON TO WORK OUT OF 3 DAYS A WEEK
The D365 Finance & Operations (F&O) IT Senior Business Analyst - Finance is to function as an internal ERP implementation team member and aid in the rollout and support of D365 across our REV sites. This position will add value to REV by understanding business process and configure and rollout Microsoft D365 Finance and Operations to the sites while upholding standards and setup so the system is properly configured with minimal customizations. This position will understand ERP and how the systems work and how to implement and set up the software to maximize business processes. The position is responsible for participating in business process design, setup and testing of the system, training users as well as providing support to business users after go live. This position will continue to expand in responsibility as we continue to grow and support D365. This is a remote position, but will require travel to sites domestically during implementation, 10%-50% of the time. This position is specifically finance focused.
Essential Duties and Responsibilities:This list of duties and responsibilities is not all inclusive and may be expanded to include other duties and responsibilities, as management may deem necessary from time to time.Actively participate in the first implementation of D365 Finance and Operations. Work with external vendor that will be assisting with rollout to help understand the setup, configure, and test the system.Become extremely knowledgeable in the setup and configuration of D365 Finance and Operations.Work with business stakeholders and users to understand their needs and requirements and design, configure and implement the system to meet their needs.Leverage technology expertise and prior experience, translate business processes, master data and other operational knowledge into requirements.Document global standards and streamline the process to set up and configure companies that are moving onto the D365 platform, so it can be a repeatable process.Meet with decision makers, system owners and end users to define business, financial and operations requirements and system goals and identify and resolve system issues.Able to manage small projects by identifying issues, requirements and putting together project plans to track and manage.Create system modules, specifications, diagrams, and charts to provide directions to system programmers.Provide orientation and training to end users.Maintain systems documentation by writing and updating procedures.Interface with users as well as senior and executive staff levels with the highest level of professionalism.Establish corporate governance. Maintain SOX and legal regulations when implementing and supporting systems.
Required Knowledge, Skills, and Abilities:Able to analyze the gap between a user request and the capability of the support application to determine if a customize is needed or the functionality exists.Excellent written and oral communication.Acute attention to detailSense of urgency to complete activities during implementation as well as when supplying supportComfortable travelling to business sites and working with teams to complete implementations.Some basic programming skills to pull data out of system.General knowledge of network, PC operations system, network hardware, protocol, and standards.Able to effectively prioritize and execute tasks in a high-pressure environment.Able to travel domestically with a travel requirement based on implementation schedule (10 – 50% of time).
Education and/or Experience:Bachelor’s Degree of Business Administration, Computer Science, Accounting, Management Information Systems or equivalent experience required.Typically requires 6+ years of related experience.Previous ERP experience in implementation of Microsoft AX, or similar ERP. Prefer D365 Finance and Operations, but willing to train if the right candidate is found.Work experience, such as a manufacturing, financial, or supply chain analyst or controller in a manufacturing environment preferred.Knowledge of configuration and Salesforce CRM a plus.Physical Demands:Must be able to communicate telephonically and electronically with team members and customers.Must be able to hear/understand/speak with team members at all levels within a diverse workforce.Must be able to walk/climb to a variety of primary work locations, including the ability to travel by air/auto to remote sites.Must be able to work in front of a personal computer for extended periods of time.Must be able to lift documents/work materials up to 50 pounds in weight..
Work Environment/Conditions:Comfortable travelling to business sites and working with teams to complete implementations.The majority of the work is conducted in an office setup connecting on network to manage/administer the applications.This position may involve working in our manufacturing plants when managing IT technologies that are supporting our manufacturing operations.
The above information is intended to describe the general nature of this position and should not be considered a comprehensive statement of duties, activities, responsibilities, and requirements. Additional duties, activities, responsibilities, and requirements may be assigned, with or without notice, at any time. This job description is neither an employment contract nor a promise of work for any specific length of time.",,,"Ocala, FL",1151859,3,,,Full-time,,1.71345E+12,,https://www.linkedin.com/jobs/view/3901343732/?trk=jobs_biz_prem_srch,,ComplexOnsiteApply,1.71604E+12,,Mid-Senior level,,1.71345E+12,,0,FULL_TIME,,,,34470,,,,,,,,,,
3903844013,Florida Blue,Telesales Business Analyst,"Job Summary

The Telesales Business Analyst is responsible for providing 3rd party data insights and reporting to the Telesales leadership team and provide peer or leadership support as needed on existing projects. Analysts will understand pain points, identify gaps in channel performance, and execute process improvement initiatives to support increased sales conversion rates and improve member satisfaction. Analysts will generate easy to interpret reports based on collected data and findings. Analysts are relied upon to apply business knowledge to projects and provide value-added insights to directly impact business outcomes.

Essential Functions

Listens to calls, reviews chats, transcriptions, and survey data to mine for qualitative and quantitative analysis to ensure that the channel’s teams are consistently performing in compliance with organizational and direct sales policies and procedures, rulings, laws, and government regulations. Identify, investigate, and document possible root causes of trends, issues, and performance gaps based on analyses and campaign results to determine improvements and recommendations. Develop daily reports and presentations documenting analysis and ensure that key stakeholders understand the business implications for those analyses. Research, analyze, maintain, validate, and prepare data, information and content used in making business decisions. Present and articulate findings to a variety of audiences including Telesales leadership, Sales and Engagement managers, Direct Sales Enablement, and the Continuous Improvement team. Also produce, edit, and distribute a variety of other business documents such as proposals, ad hoc presentations, and continuous improvement plans. Produces ad hoc reporting and assists with presentation building as needed. 


Qualifications

 Required Work Experience


2+ years related work experience. Experience Details: data analysis experience, preferably in a call center environment, data science. Detail oriented with experience recognizing patterns and trends. Or any combination of the above.

 Required Management Experience


No Supervisory/management Experience Required

 Required Education


Related Bachelor’s degree or additional related equivalent work experience

 Demonstrated ability to use process and operational workflows. Demonstrated understanding of process improvement concepts. Proficient with Microsoft Office, including Word, Excel and PowerPoint. Great communication skills: written and oral. Preferred Education


Bachelor’s degree Data Science

 Additional Preferred Qualifications


Strong qualitative thinking and statistical data analysis skills.

General Physical Demands

Sedentary work: Exerting up to 10 pounds of force occasionally to move objects. Jobs are sedentary if traversing activities are required only occasionally.

Physical/Environmental Activities

Must be able to travel to multiple locations for work (i.e. travel to attend meetings, events, conferences). Occasionally

What We Offer:

As a Florida Blue employee, you will thrive in our Be Well, Work Well, GuideWell culture where being well as an individual, and working well as a team, are both important in serving our members and communities.

To support your wellbeing, comprehensive benefits are offered. As an employee, you will have access to:

Medical, dental, vision, life and global travel health insurance;Income protection benefits: life insurance, Short- and long-term disability programs;Leave programs to support personal circumstances;Retirement Savings Plan includes employer contribution and employer match;Paid time off, volunteer time off, 10 holidays and two flexible Well-Being daysAdditional voluntary benefits available; andA comprehensive wellness program


Employee benefits are designed to align with federal and state employment laws. Benefits may vary based on the state in which work is performed. Benefits for intern, part-time and seasonal employees may differ.

To support your financial wellbeing, we offer competitive pay as well as opportunities for incentive or commission compensation. We also conduct regular annual reviews with pay for performance considerations for base pay increases.

Annualized Salary Range: $57,200 - $93,000

Typical Annualized Hiring Range: $57,200 - $71,500

Final pay will be determined with consideration of market competitiveness, internal equity, and the job-related knowledge, skills, training, and experience you bring.

We are an Equal Opportunity/Protected Veteran/Disabled Employer committed to creating a diverse, inclusive and equitable culture for our employees and communities.",93000,YEARLY,United States,239879,15,,57200,Full-time,2,1.71348E+12,1,https://www.linkedin.com/jobs/view/3903844013/?trk=jobs_biz_prem_srch,https://careers.floridablue.com/us/en/job/34037/Telesales-Business-Analyst,OffsiteApply,1.71607E+12,,Mid-Senior level,,1.71348E+12,careers.floridablue.com,0,FULL_TIME,USD,BASE_SALARY,75100,,,,,,,,,,,
3894207377,USAA,Data Scientist (Intermediate),"Why USAA?

At USAA, we have an important mission: facilitating the financial security of millions of U.S. military members and their families. Not all of our employees served in our nation’s military, but we all share in the mission to give back to those who did. We’re working as one to build a great experience and make a real impact for our members.

We believe in our core values of honesty, integrity, loyalty and service. They’re what guides everything we do – from how we treat our members to how we treat each other. Come be a part of what makes us so special!

The Opportunity

We offer a flexible work environment that requires an individual to be in the office 4 days per week. This position can be based in one of the following locations: San Antonio, TX; Phoenix, AZ; Colorado Springs, CO; Plano, TX or Tampa, FL.

Relocation assistance is not available for this position.

This candidate selected for this position will be working on the D&S Data Science team applying artificial intelligence and machine learning solutions to support a variety of business applications from automating key business processes, to improved routing of phone calls, to better understanding our members needs and the service we deliver. This position will work with a broad range of business partners from product lines to contact center and everything in between.

Translates business problems into applied statistical, machine learning, simulation, and optimization solutions to advise actionable business insights and drive business value through automation, revenue generation, and expense and risk reduction. In collaboration with engineering partners, delivers solutions at scale, and enables customer-facing applications. Leverages database, cloud, and programming knowledge to build analytical modeling solutions using statistical and machine learning techniques. Collaborates with other data scientists to improve USAA’s tooling, growing the company’s library of internal packages and applications. Works with model risk management to validate the results and stability of models before being pushed to production at scale.

What You’ll Do

Captures, interprets, and manipulates structured and unstructured data to enable analytical solutions for the business.Selects the appropriate modeling technique and/or technology with consideration to data limitations, application, and business needs.Develops and deploys models within the Model Development Control (MDC) and Model Risk Management (MRM) framework.Composes technical documents for knowledge persistence, risk management, and technical review audiences. Consults with peers for mentorship, as needed.Translates business request(s) into specific analytical questions, executing on the analysis and/or modeling, and communicating outcomes to non-technical business colleagues.Consults with Data Engineering, IT, the business, and other internal stakeholders to deploy analytical solutions that are aligned with the customer’s vision and specifications and consistent with modeling best practices and model risk management standards.Seeks opportunities and materials to learn new techniques, technologies, and methodologies.Ensures risks associated with business activities are optimally identified, measured, monitored, and controlled in accordance with risk and compliance policies and procedures.

What You Have

Bachelor’s degree in mathematics, computer science, statistics, economics, finance, actuarial sciences, science and engineering, or other similar quantitative discipline; OR 4 years of experience in statistics, mathematics, quantitative analytics, or related experience (in addition to the minimum years of experience required) may be substituted in lieu of degree.2 years of experience in predictive analytics or data analysis OR advanced degree (e.g., Master’s, PhD) in mathematics, computer science, statistics, economics, finance, actuarial sciences, science and engineering, or other similar quantitative discipline.Experience in training and validating statistical, physical, machine learning, and other advanced analytics models.Experience in one or more dynamic scripted language (such as Python, R, etc.) for performing statistical analyses and/or building and scoring AI/ML models.Ability to write code that is easy to follow, well detailed, and commented where necessary to explain logic (high code transparency).Experience in querying and preprocessing data from structured and/or unstructured databases using query languages such as SQL, HQL, NoSQL, etc.Experience in working with structured, semi-structured, and unstructured data files such as delimited numeric data files, JSON/XML files, and/or text documents, images, etc.Familiarity with performing ad-hoc analytics using descriptive, diagnostic, and inferential statistics.Experience with the concepts and technologies associated with classical supervised modeling for prediction such as linear/logistic regression, discriminant analysis, support vector machines, decision trees, forest models, etc.Experience with the concepts and technologies associated with unsupervised modeling such as k-means clustering, hierarchical/agglomerative clustering, neighbors algorithms, DBSCAN, etc.Ability to communicate analytical and modeling results to non-technical business partners.

What Sets You Apart

Knowledge or experience with Natural Language Processing (NLP).Intermediate experience using Python.

The above description reflects the details considered necessary to describe the principal functions of the job and should not be construed as a detailed description of all the work requirements that may be performed in the job.

What We Offer

Compensation: USAA has an effective process for assessing market data and establishing ranges to ensure we remain competitive. You are paid within the salary range based on your experience and market data of the position. The actual salary for this role may vary by location. The salary range for this position is: $89,990 - $161,990.

Employees may be eligible for pay incentives based on overall corporate and individual performance and at the discretion of the USAA Board of Directors.

Benefits: At USAA our employees enjoy best-in-class benefits to support their physical, financial, and emotional wellness. These benefits include comprehensive medical, dental and vision plans, 401(k), pension, life insurance, parental benefits, adoption assistance, paid time off program with paid holidays plus 16 paid volunteer hours, and various wellness programs. Additionally, our career path planning and continuing education assists employees with their professional goals.

For more details on our outstanding benefits, please visit our benefits page on USAAjobs.com.

Applications for this position are accepted on an ongoing basis, this posting will remain open until the position is filled. Thus, interested candidates are encouraged to apply the same day they view this posting. 

USAA is an Equal Opportunity Employer. All qualified applicants will receive consideration for employment without regard to race, color, religion, sex, sexual orientation, gender identity, national origin, disability, or status as a protected veteran.",,,"Tampa, FL",4501,8,,,Full-time,3,1.71285E+12,,https://www.linkedin.com/jobs/view/3894207377/?trk=jobs_biz_prem_srch,https://dsp.prng.co/t8y9xkb,OffsiteApply,1.71545E+12,,Entry level,,1.71286E+12,dsp.prng.co,0,FULL_TIME,,,,33602,12057,,,,,,,,,
3900961567,Proliance Consulting,Business Systems Analyst (Exstream Developer),"The Business Systems Analyst works to manipulate the behavior and/or the structure of an application using an application’s inherent tool set. The Business Systems Analyst will configure business rules, workflows, forms, and user interfaces to support business processes for small to medium sized system modifications. Knowledge and ability to apply basic analysis skills is required along with the ability to identify and execute solutions for small to medium system modifications. Scope of work for the Business Systems Analyst role is generally limited to a single business unit or specific area.
Length:  Contract until 12/31/2024Associate Vendors: We are accepting applications from candidates who are currently authorized to work in the US for any employer without sponsorship.
Role & ResponsibilitiesThe Business Systems Analyst will perform document composition using OpenText Exstream to create customer communication documents such as forms, notifications, letters, and statements. Document composition will result in high quality Exstream components based on business specifications, style formatting, and adherence to standards for software deployment methodologies.Create pages with correct template assignment and effective use of text boxes, tables, messages, flow frames, and variables.Data mapping of requirements to technical specifications for the desired outcome for customer communication.Create test data and test cases for unit testing of documents and components created.Adhere to defined standards and processes for document composition to ensure supportable components.Collaborate and communicate with technical and business teams to refine requirements, perform integration testing, and obtain approvals for documents being configured.Analyze and problem solve issues in the generation of customer communication.Participate in on-call rotation for incident support.
Required QualificationsExperience with OpenText Exstream customer communication management. product with various modules like Command Center, Orchestration, Communications Designer, PDF Export, Queue management and Document creation.Experience with Exstream 9.5 or a more recent version.Analytical skill set with experience mapping business requirements to technical specifications required to develop effective document templates.Experience with unit testing and creating test cases.Experience with Data Mapping (connecting data files to templates in Exstream).Excellent written and verbal communication skills required for work with diverse teams and effective requirement meetings.Self-starter who can work independently.Strong time management skills, along with knowing how to get support most effectively when needed.
Desired QualificationsExperience with Exstream version 22Experience in Print & Mail Industry, Insurance or Financial Services Industry is a plus. Especially Insurance or Financial Services.Experience writing SQL queries is a plus.
How Do I Apply?Apply on this website or send an updated resume to recruiters@prolianceconsult.com.
About Proliance:We are a technical staffing agency based in Bellevue, WA that specializes in matching you with quality opportunities that meet your professional aspirations. We offer contract, contract to hire and direct placement services to top Fortune 500, mid-market, and emerging companies from a variety of industries. Our IT staffing success in the telecommunication, financial, insurance, retail, travel, healthcare, professional service and technology industries are how we've built a reputation for long-lasting, authentic relationships.
Follow us on Facebook, Twitter, LinkedIn, and Google+ for recent news and current openings. 
Why Work for Us?
Proliance Consulting offers a competitive salary and benefits package which includes the following:Medical: Proliance covers 50% of our employee’s premiums and 25% of any dependents on a plan administered through United Healthcare.Vision: Proliance covers 50% of our employee’s premiums and 25% of any dependents on a plan administered through United Healthcare.Dental: Proliance offers a plan administered by Delta Dental.Retirement: Proliance offers a matching 401K savings plan for pre-tax or Roth retirement savings.Deposit: Proliance offers direct deposit to all employees.Time Off: Proliance offers accrued paid time off to all employees.Pay Statements: Proliance offers the flexibility to view and manage your paycheck online.Referral Program: Proliance offers competitive bonuses for employee referrals.
Proliance Consulting provides equal employment opportunities (EEO) to all employees and applicants for employment without regard to race, color, religion, sex, national origin, age, disability or genetics. In addition to federal law requirements, Proliance Consulting complies with applicable state and local laws governing nondiscrimination in employment in every location in which the company has facilities. This policy applies to all terms and conditions of employment, including recruiting, hiring, placement, promotion, termination, layoff, recall, transfers, leaves of absence, compensation, and training.",,,United States,3787302,69,,,Contract,12,1.71339E+12,1,https://www.linkedin.com/jobs/view/3900961567/?trk=jobs_biz_prem_srch,,ComplexOnsiteApply,1.71598E+12,,,,1.71339E+12,,0,CONTRACT,,,,,,,,,,,,,,
3899523948,"Aptino, Inc.",Digital Marketing - Business Analyst,"Role: Digital Marketing - Business AnalystWork Location: MIDDLETOWN, PA (Hybrid – 3 days/week from office)Duration: 07 month
Roles and Responsibilities:The role requires a detail-oriented, ecommerce-savvy individual that can drive innovative, web-based solutions by getting to the heart of business needs. It includes building relationships with different teams and supporting stakeholder relationships through your unique blend of technical system knowledge and client management abilities.
• Drive requirements elicitation by communicating with stakeholders, development teams, design teams and other, third party teams• Prepare functional specifications, use cases, testing scenarios and processes throughout the project lifecycle• Apply specific knowledge of ecommerce and content management systems in order to guide the design and implementation of features• Produce training materials and perform knowledge transfer for target audiences through concise communications• Leverage tracking tools in an Agile methodology to analyze the development lifecycle, conduct sprint planning and ensure timely delivery• Maintain a working knowledge of SAP Commerce Cloud/Hybris, Adobe AEM, Endeca, Oracle Eloqua and Adobe Analytics in order to better define detailed business requirements and understand design limitations and tradeoffs• Understanding of search functionality and platforms, notably Endeca• Simultaneous management of multiple large digital projects• Communication expertise in bridging gap of technical understanding for non-technical customers• Risk management and mitigation• Execution & direction of tasks for business analysis, requirements gathering and quality assurance• Work closely to engage with client’s pre-existing processes to coordinate the business and technology efforts from initial visioning through user testing and deployment.",,,"Middletown, PA",13672385,102,,,Contract,16,1.71328E+12,,https://www.linkedin.com/jobs/view/3899523948/?trk=jobs_biz_prem_srch,,ComplexOnsiteApply,1.71587E+12,,Entry level,,1.71328E+12,,0,CONTRACT,,,,17057,42043,,,,,,,,,
3904970171,Auburn University,IT Business Analyst/Senior IT Business Analyst,"Are you passionate about leveraging technology to drive business success? Do you thrive in a dynamic, fast-paced environment where creative thinking and problem-solving are highly valued? If so, we have an exciting opportunity for you!
The IT Business Analyst will conduct HR IT process analysis, needs assessments, and preliminary benefit analysis. Prepare functional, system, and program specifications for business unit initiatives. Lead teams in all HR and business analysis efforts. Serve as a technical leader within the Human Resources area, focusing on our ERP system (currently Ellucian Banner), Timekeeping system (currently Kronos), and other software solutions. Collaborate with the Business & Administration Technology Team to enhance overall system performance and efficiency.
Why Should YOU Consider a Career with Business & Administration Technology at AU?Competitive salary and benefits package.A focus on work-life balanceA supportive and collaborative work environment.Opportunities for professional growth and development.Competitive employee benefits and a state retirement plan.Tuition assistance for you and your dependents.Generous leave policies, including paid parental leave.Forbes Magazine named Auburn University one of the best employers in the state of Alabama, with employees staying an average of ten years!
Learn more about Auburn’s impact, generous employee benefits, and thriving community by visiting aub.ie/working-for-auburn.
About Us: The Business & Administration Technology Team believes that technology plays a crucial role in achieving our business goals. As an HR IT Business Analyst, you’ll be at the forefront of aligning information technology solutions with Auburn University’s HR initiatives. You’ll work closely with cross-functional teams, ensuring that our systems support the needs of our Human Resources department.
It’s a Lifestyle: The Auburn/Opelika area embodies the charm of a Southern Living magazine feature, striking a unique balance between a close-knit community and consistent growth and development. As Auburn University continues to expand, our area offers services and amenities that cater to diverse interests. From top-notch school systems to award-winning restaurants, life in this college town is vibrant and spirited. Nestled halfway between the beach and the mountains, our lower-cost-of-living location is just two hours outside of Atlanta or Birmingham. Whether you’re new to Auburn or already acquainted, it’s time to come home!
Our Commitment: Auburn University is committed to fostering a diverse and inclusive campus environment. Learn more about our dedication to expanding equity and inclusion for all at auburn.edu/inclusion.
Essential FunctionsLeads the formulation and definition of systems scope and objectives based on user needs and a thorough understanding of applicable HR\business systems and University requirements.Leads and assists teams in the creation and modification of procedures to solve highly complex problems considering our system capacity and limitations, the needs of Business & Administration, and form of desired results. Creates and/or reviews process documents and technical specifications created by Business & Administration Leadership, and other team members and AU departments across campus.Responsible for the determination and recommendation of applications required for optimal problem solution within performance objectives, collaborating with other Business Analysts, Management, Functional Leaders within Business & Administration and OIT as needed.Leads cross-functional project teams and may oversee portions of the project life cycle. May lead or assist teams in project capacities including, but not limited to, requirements gathering, functional design, functional configuration, testing, documentation, and documentation review.Documents and Understands the HR processes being used within Business & Administration. Provides input into research and development initiatives for the implementation of new technologies for University adoption.Leads in the analysis of business user needs, documentation of requirements, and translation into proper system requirement specifications. Responsible for requirements planning and feasibility determination. Responsible for project capacities including, but not limited to, requirements, functional design, functional configuration, interfacing with Quality Assurance to complete testing, and documentation. Reviews documentation for updates, and other projects.May also work around and within the Finance side of Business & Administration Technology as needed for support\backup and overlapping areas of responsibility.
Minimum Qualifications
IT Business Analyst:Bachelor’s degree and 5 years of experience ORAssociate’s Degree and 9 years of experience ORHigh School/GED and 13 years of relevant IT experience to include business analyses
Sr. IT Business Analyst:Bachelor’s degree plus 8 years of relevant IT experience to include business analyses
AUBURN UNIVERSITY IS AN AFFIRMATIVE ACTION/EQUAL OPPORTUNITY EMPLOYER. It is our policy to provide equal employment opportunities for all individuals without regard to race, sex, religion, color, national origin, age, disability, protected veteran status, genetic information, sexual orientation, gender identity, or any other classification protected by applicable law.",107800,YEARLY,"Auburn, AL",7096,43,,55300,Full-time,5,1.71346E+12,,https://www.linkedin.com/jobs/view/3904970171/?trk=jobs_biz_prem_srch,https://www.auemployment.com/postings/44918,OffsiteApply,1.71605E+12,,Associate,,1.71346E+12,,0,FULL_TIME,USD,BASE_SALARY,81550,36830,1081,,,,,,,,,
3904392573,"IDR, Inc.",Business Systems Analyst,"Immediate and fully remote opportunity for a Business Systems Analyst to join industry leading company in the Hospitality sector.

Responsibilities

Gather and refine requirements for Hotel's next generation Property Management System (PMS) and the integration with a newly developed Tax Fee Surcharge engine (TFS) Coordinate the documentation, analysis, and validation of functional requirements, in partnership with Property product and business stakeholders Work with multiple Technology workstreams to ensure project objectives are being met and the projects are completed on time and on budget Effectively communicate and participate in cross-functional teams and successfully identify risks and issues to manage expectations and to mitigate identified risks to delivery commitments 

Requirements

Three (3) years of professional work experience in Technology or a related field Two (2) years of Hotel experience, preferably in Front Office/Hotel Operations Knowledge of Property Management systems 

Nice To Haves

Four (4) + years of professional work experience in Technology or related field Three (3) + of Hotel experience, preferably in Front Office/Hotel Operations Two (2) + years experience as a Business Analyst Knowledge of tax & fee calculation rules for hospitality for US domestic and international markets Knowledge of the Agile Methodology and prominent tools such as Jira and Confluence 

Why IDR?

20+ Years of Proven Industry Experience in 4 major markets Employee Stock Ownership Program Dedicated Engagement Manager who is committed to you and your success Medical, Dental, Vision, and Life Insurance ClearlyRated’s Best of Staffing® Client and Talent Award winner 10 years in a row",,,"Addison, TX",259589,7,,,Full-time,,1.71339E+12,1,https://www.linkedin.com/jobs/view/3904392573/?trk=jobs_biz_prem_srch,,SimpleOnsiteApply,1.71599E+12,,Mid-Senior level,,1.71339E+12,www.idr-inc.com,0,FULL_TIME,,,,75001,48113,,,,,,,,,
3891073730,Gilead Sciences,Business Analyst (only USC or GC),"Responsibilities:  Excellent employment opportunity for a Business Analyst in the Foster City, CA area.Support PDM System Managers by analyzing cost optimization information provided by IT Cloud team. (onsite)As needed, work with system managers to create plan to implement right sizing of AWS features and services e.g., EC2 instance type, EBS drive, RDS, etc.Work with IT Cloud DevOps team and system manager to provide resource utilization dashboardingPrepare adhoc reports to support System Managers to provide visibility to cost optimization and reduction processWork with Cloud Dev Ops and GCQS team members to ensure accuracy of cost optimization on dashboard updatedResearch AWS current and upcoming services and features and provide guidance to System Managers and GCQS leadership on best practices and process for cost optimization.Plans, prioritizes and manages multiple tasks within required performance standardsConducts data analysis and summarize findings; while demonstrating the highest level of accuracy. Experience:
 BA Degree Required5 years of experience in Life Science Sector3 years of experience with Amazon AWS",44,HOURLY,"Foster City, CA",163993,7,,33,Contract,,1.71286E+12,,https://www.linkedin.com/jobs/view/3891073730/?trk=jobs_biz_prem_srch,,ComplexOnsiteApply,1.71546E+12,,Mid-Senior level,,1.71286E+12,,0,CONTRACT,USD,BASE_SALARY,80080,96125,6091,,,,,,,,,
3901950666,CARFAX,Product Data Analyst,"Description

Join Team CARFAX as a Product Data Analyst

Isn't it time you bragged about where you work? At CARFAX, we do, every day. We pride ourselves on being mission-focused on helping to grow a brand built on accuracy and integrity. We care deeply about our products and our customers. We’re more than just a company: We help millions of consumers make more-informed decisions every day. We know that our teammates are our most valuable asset, and we value a balanced life while tackling challenging projects in a fast-paced environment. One last thing: Our four-day week continues in Summer 2024!

The CARFAX product management team is looking for an exceptional product professional who is passionate about delivering world class products. You will be working with product managers focusing on enhancing CARFAX’s core product – the CARFAX Vehicle History Report.

The Product Data Analyst will serve as a subject matter expert to help CARFAX provide insight and identify abnormalities within the vehicle history accident and service data, as well as mine the data for additional details. This product analyst will also aid in leading product improvements projects.

At CARFAX, we believe in the power of teamwork and value in-person interactions so that we can collaborate and thrive together. This position will require 3 days in the office per week, subject to change with future business needs.

What You’ll Be Doing

Utilize industry knowledge and relationships to help CARFAX strengthen our product leadershipResearch and understand latest trends within the repair industry to identify opportunities for product improvementBe the CARFAX accident and service subject matter expertWork with service mapping teams to educate and ensure consistency across productsWork with stakeholders to lead a cross functional team to define and implement product improvementsWork with internal & external customers to ensure maximum value data is receivedProvide insight into data analysis to yield higher quality productsMine existing data for additional detailsHelp define business requirements, consult on display, and aid in customer inquiries

What We’re Looking For

Product owner or business analyst experienceExperience leading cross team initiativesExceptional problem solving and analytical skills; willingness to get into the details and drive clarity from ambiguityThe ability to work in a dynamic environment with shifting priorities and focusExperience in interpreting, and explaining estimate/repair order dataExperience in eliciting requirements and identifying process improvementsHighly collaborative with excellent communication skillsProven ability to push forward on multiple projects simultaneously Ability to work independently within defined metrics and game planStrong organizational and project management skillsMarketing experience – understanding of customers’ needs/wantsExperience working with Agile software development teamsAdvanced Microsoft Excel skillsBA/BS preferred

What’s In It For You

Competitive compensation, benefits and generous time-off policies4-Day summer work weeks and a winter holiday break401(k) / DCCP matchingAnnual bonus programCasual, dog-friendly, and innovative office spaces

Don’t Just Take Our Word For It

10X Virginia Business Best Places to Work9X Washingtonian Great Places to Work9X Washington Post Top WorkplaceSt. Louis Post-Dispatch Best Places to Work

About CARFAX

CARFAX, part of S&P Global Mobility, helps millions of people every day confidently shop, buy, service and sell used cars with innovative solutions powered by CARFAX vehicle history information. The expert in vehicle history since 1984, CARFAX provides exclusive services like CARFAX Used Car Listings, CARFAX Car Care, CARFAX History-Based Value and the flagship CARFAX® Vehicle History Report™ to consumers and the automotive industry. CARFAX owns the world’s largest vehicle history database and is nationally recognized as a top workplace by The Washington Post and Glassdoor.com. Shop, Buy, Service, Sell – Show me the CARFAX™. S&P Global Mobility is a division of S&P Global (NYSE: SPGI). S&P Global is the world’s foremost provider of credit ratings, benchmarks, analytics and workflow solutions in the global capital, commodity and automotive markets.

CARFAX is an Affirmative Action/Equal Opportunity Employer. It is the policy of CARFAX to provide equal employment opportunity to all persons regardless of race, color, sex, pregnancy, religion, national origin, age, ancestry, citizenship status, veteran status, military status, disability or handicap, sexual orientation, genetic information or any other status protected by federal, state or local law. In addition, CARFAX will provide reasonable accommodations for qualified individuals with disabilities. We maintain a drug-free workplace. We are a participant in E-Verify.",,,"Centreville, VA",10616,5,,,Full-time,,1.71347E+12,,https://www.linkedin.com/jobs/view/3901950666/?trk=jobs_biz_prem_srch,https://jobs.jobvite.com/carfax/job/ooi0sfwS?__jvst=Job+Board&__jvsd=LinkedIn,OffsiteApply,1.71607E+12,,Entry level,,1.71348E+12,jobs.jobvite.com,0,FULL_TIME,,,,20120,,,,,,,,,,
3903844602,Raymond James,"Director, People Analytics (Remote)","Job Summary:

The Director of People Analytics is responsible for the design of our analytics strategy, delivering strategic insights and using tools to build business intelligence related to people matters. This role will drive continuous improvement, standardization and automation of people data reporting which will enable an evidence-based approach to management decisions. The role will collaborate with our Technology team to ensure data accuracy, integrity and security, and assist in the implementation of data governance practices.

Essential Duties and Responsibilities:

 Liaise with stakeholders to define data requirements, metrics and reporting frequencies necessary for effectively analyzing trends Set a long-term vision for People Analytics and execute on it in collaboration with other HR leaders Conduct complex data analysis, and identify patterns and trends in people data Create data visualizations and use storytelling techniques to inform decision-making on people issues Point of contact and subject matter expert for ad-hoc people data and analytics requests Lead systems assessment and implementation Perform human resource management activities, including identifying performance problems and approving recommendations for remedial action; evaluating performance; and interviewing and selecting staff at all levels Coach and mentor staff, identifies training needs and creates development plans. Work with cross-functional teams and other department managers to ensure success.

Qualifications:

Knowledge, Skills, and Abilities:

Knowledge of:

 Industry trends with the ability to anticipate and evaluate their potential impact on the organization. Data management, processing and analysis Microsoft Office products PeopleSoft, Workday and other HRIS products Workday reporting, preferred PRISM experience, preferred

Skill in:

 Organizational, planning and time management skills – sufficient to independently oversee multiple projects from start to completion. Excellent written and oral communication skills, as well as strong interpersonal skills. Proven negotiation, conflict resolution and relationship management skills Gathering and compiling complex information and data and analyzing results to drive business decisions. Delivering presentations to varied sized groups on topics of varying complexity and significance to the organization. Operating standard office equipment and using required software application to produce correspondence, reports, electronic communication, and spreadsheets.

Ability to:

 Work with a wide range of constituencies in a decision-making framework. Manage multiple tasks for self and team members with changing priorities to meet deadlines and goals in a fast paced environment. Work in a stakeholder-focused and team-based environment. Be a creative thinker and have an entrepreneurial mindset. Work in a dynamic, growing environment. Partner with other functional areas to accomplish objectives. Communicate effectively, both orally and in writing. Plan, assign, monitor, review and evaluate the work of others and lead high performance teams; coach and mentor others. Work independently as well as collaboratively within a team environment. Lead others in providing a high level of customer service. Establish and maintain effective working relationships at all organizational levels.

Educational/Previous Experience Requirements:

 Bachelor’s Degree (B.A.) with a minimum of ten (10) years’ experience required, preferably within the financial services industry. Minimum of five (5) years of management experience.

~OR ~

 Any equivalent combination of experience, education, and/or training

Licenses/Certifications:

 None Required

At Raymond James our associates use five guiding behaviors (Develop, Collaborate, Decide, Deliver, Improve) to deliver on the firm's core values of client-first, integrity, independence and a conservative, long-term view.

We expect our associates at all levels to:

 Grow professionally and inspire others to do the same Work with and through others to achieve desired outcomes Make prompt, pragmatic choices and act with the client in mind Take ownership and hold themselves and others accountable for delivering results that matter Contribute to the continuous evolution of the firm

At Raymond James – as part of our people-first culture, we honor, value, and respect the uniqueness, experiences, and backgrounds of all of our Associates. When associates bring their best authentic selves, our organization, clients, and communities thrive. The Company is an equal opportunity employer and makes all employment decisions on the basis of merit and business needs.

Job :

Human Resources

Primary Location :

US-FL-St. Petersburg-Saint Petersburg

Organization :

HR Product Management

Schedule :

Full-time

Shift :

Day Job

Travel :

Yes, 15 % of the Time

Salary Range: CO, NY, CA, WA (based on Education, Work Experience, and Geographic Location) 

$150,000- $160,000

Eligible for Discretionary Bonus : 

Yes

",,,"St Petersburg, FL",4207,4,,,Full-time,,1.71348E+12,,https://www.linkedin.com/jobs/view/3903844602/?trk=jobs_biz_prem_srch,https://raymondjames.taleo.net/careersection/rj_extcareersection052308/jobdetail.ftl?job=594699&tz=GMT+05:30&tzname=Asia/Calcutta#JB-10208,OffsiteApply,1.71607E+12,,,,1.71348E+12,raymondjames.taleo.net,0,FULL_TIME,,,,33701,12103,,,,,,,,,
3898172866,Experis,Data Analyst II,"Our client is seeking a Data Engineer to join their team.

 Job Title:  Data Engineer

 Location:  Alameda, CA

 Job Type:  6 Months contract

Job Id: ABOJP00034858

Job Description

 Must have data modeling experience.  Data engineering would be even better.  Creating reports in Power BI (advanced) that includes working with a variety of data sources (like Oracle, AWS Redshift, AWS S3, Azure, SharePoint, Excel).  Worked with structured and unstructured data.  Inquisitive and seeks out learning opportunities (what we work on is changing fast, so they need to adapt)  Works well cross functionally (able to speak to business users without using technical jargon) and independently with little oversight 


 List any preferred requirements: 

 Microsoft Fabric, Microsoft Power Automate  AI (artificial intelligence) ML (machine learning) and gen AI (generative AI) experience or interest a plus  Python/SQL/Spark/DAX  ETL experience  Built solutions with scalability in mind. Creative.  Supply chain experience  3-5 years of experience 


Required

 Required education level/certifications: 

 Bachelor’s (Associate’s acceptable with relevant job experience) in Data Analytics, Statistics, Computer Science, or Mathematics major preferred  Certifications in data analytics, data engineering, and/or data architecture would be great  Preferred interview method: phone interview with me then in-person interview 


 Skills:  Data transformation, data modeling, data analysis, demonstrated knowledge with AWS, SQL, Python, MS Excel, Power BI, Fabric, Power Automate

Education

 Four-year college degree (preferred Data Analytics, Statistics, Computer Science, or Mathematics major) or equivalent work experience involving Data Modeling Initiatives and Database Development.  Will also consider an Associate’s with 4+ years of Data Analytics exp.  3-5 years of experience in data modeling, data warehousing, data engineering, and/or data analytics  3+ years of demonstrated experience working with various business units defining and understanding business problems and solutions.  Experience with Supply Chain a plus  Strong understanding of data analytics, structured and unstructured data analysis, predictive modeling techniques, and data visualization as well as a good command of emerging methodologies like artificial intelligence, machine learning, and gen AI  Knows data querying languages (e.g. SQL), scripting languages (e.g. Python), reporting tools such as PowerBI, and advanced Microsoft Excel skills  Experience engaging cross-functional teams to build a strong data infrastructure  A recognized thought leader and innovator in the development of new tools, methodologies, and problem-solving approaches  Broad understanding of the latest data science, analytics, and technology trends/tools and their impact on business strategies and operations  Curiosity-driven, with mindset geared towards continuous learning. Must be comfortable with ambiguity with a proven track record of being a self-starter. 


 Responsibilities: 

 Unify disparate data sources (different types and systems) into a single source of truth that supports reporting across the teams.  Develop and execute data initiatives on our Digital Transformation roadmap, including development of Power BI reports and dashboards, to enhance data accessibility and productivity for the organization.  Develop solutions for optimal extraction, transformation, and loading of data from various data sources and types.  Benchmark with cross functional teams to understand how technology is utilized to support the business. Collaborate with other teams to understand available and upcoming technology.  Develop technology to support process improvements, data standardization, and automation.  Provide training to department as needed on new tools.  Identify process issues, recommend improvements, and implement process improvements.  Act as a data steward and support the advancement of citizen developers within the department.  Maintain existing Microsoft Fabric and Power Platform applications, including supporting current reporting, metrics, and automation across the team.  Create and maintain the necessary documentation and visuals to ensure clarity in data lineage and firm understanding of developed data solutions. 


 Other responsibilities: 

 Ability to manage multiple tasks under tight deadlines  Very strong customer focus and relationship skills  Operations/Supply Chain knowledge a plus  Ability to work alone or with little supervision  Willingness to find solutions to problems related to Data analytics  Proficient with Microsoft Suite  Awareness of Project Management methodologies and processes 


If this is a role that interests you and you’d like to learn more, click apply now and a recruiter will be in touch with you to discuss this great opportunity. We look forward to speaking with you!

About ManpowerGroup, Parent Company of:Manpower, Experis, Talent Solutions, and Jefferson Wells

ManpowerGroup® (NYSE: MAN), the leading global workforce solutions company, helps organizations transform in a fast-changing world of work by sourcing, assessing, developing, and managing the talent that enables them to win. We develop innovative solutions for hundreds of thousands of organizations every year, providing them with skilled talent while finding meaningful, sustainable employment for millions of people across a wide range of industries and skills. Our expert family of brands –  Manpower, Experis, Talent Solutions, and Jefferson Wells  – creates substantial value for candidates and clients across more than 75 countries and territories and has done so for over 70 years. We are recognized consistently for our diversity - as a best place to work for Women, Inclusion, Equality and Disability and in 2022 ManpowerGroup was named one of the World's Most Ethical Companies for the 13th year - all confirming our position as the brand of choice for in-demand talent.

",,,"Alameda, CA",2203697,167,,,Contract,51,1.71314E+12,,https://www.linkedin.com/jobs/view/3898172866/?trk=jobs_biz_prem_srch,https://click.appcast.io/track/j6quuls?cs=jj7&sjg=6cfq,OffsiteApply,1.71581E+12,,Entry level,,1.71322E+12,click.appcast.io,0,CONTRACT,,,,94501,6001,,,,,,,,,
3902738281,Fidelity Investments,"Senior Business Analyst, Technology Service Management","2090471

Job Description

The Role

As a Senior Business Analyst, you will be responsible for refining, improving, and driving the service resiliency strategy for long-term sustainability based on data and trends. Using best-in-class data platforms and tools, including Excel, PowerBI, PowerApps you will help redefine IT operations with an IT Service Management point of view and maturity. Your recommendations will be based on data and trend analysis and help define and transform IT operations. You will expand on your knowledge of Service Improvement, apply documented processes to identify, prioritize, manage, measure, and report improvement activities on an ongoing basis.

Partner with key business and technology stakeholders to drive and participate in ensuring data quality and consistency.Demonstrate solid attention to detail, ability to evaluate problems, and exhibit a methodical approach to solutions.Embrace an open-minded outlook and adapt to change; also be a champion of change inside the organization.Apply documented processes to identify, prioritize, manage, measure, and report improvement activities on an ongoing basis.Evaluate problems and exhibit a methodical approach to solutions will be key in ensuring data quality and consistency.


Skills & Expertise You Bring

Bachelor's degree or equivalent.3+ years of experience in an Operations, Business Analysis, and/or Data Analyst role.Proven project management skills and advanced proficiency in Microsoft Office applications (ie Excel, PowerBI and PowerApps ).IT Service Management (ITSM) ServiceNow experience (preferred), including knowledge of the ServiceNow Data Model and Performance Analytics.Excellent verbal and written communication skills, with the ability to communicate successfully with multiple levels internally and externally to the organization.Ability to work well on teams and in cross-collaborative environments, both internally and externally.Comfortable with ambiguity and consistently able to find a path through it.Prepared to roll up your sleeves and get into the details, producing challenging new points of view based on data and facts. 


The Team

The ITSM Center of Excellence (COE) team defines and ensures alignment and adherence of enterprise ITSM processes to organizational best practices and applicable ITIL standards. This team is accountable for overall ITSM governance across all functions to ensure business needs are met, including program tracking, roadmaps, implementation, training, and reporting.

Certifications

Company Overview

Fidelity Investments is a privately held company with a mission to strengthen the financial well-being of our clients. We help people invest and plan for their future. We assist companies and non-profit organizations in delivering benefits to their employees. And we provide institutions and independent advisors with investment and technology solutions to help invest their own clients’ money.

Join Us

At Fidelity, you’ll find endless opportunities to build a meaningful career that positively impacts peoples’ lives, including yours. You can take advantage of flexible benefits that support you through every stage of your career, empowering you to thrive at work and at home. Honored with a Glassdoor Employees’ Choice Award, we have been recognized by our employees as a top 10 Best Place to Work in 2024. And you don’t need a finance background to succeed at Fidelity—we offer a range of opportunities for learning so you can build the career you’ve always imagined.

Fidelity's working model blends the best of working offsite with maximizing time together in person to meet associate and business needs. Currently, most hybrid roles require associates to work onsite all business days of one assigned week per four-week period (beginning in September 2024, the requirement will be two full assigned weeks).

At Fidelity, we value honesty, integrity, and the safety of our associates and customers within a heavily regulated industry. Certain roles may require candidates to go through a preliminary credit check during the screening process. Candidates who are presented with a Fidelity offer will need to go through a background investigation, detailed in this document, and may be asked to provide additional documentation as requested. This investigation includes but is not limited to a criminal, civil litigations and regulatory review, employment, education, and credit review (role dependent). These investigations will account for 7 years or more of history, depending on the role. Where permitted by federal or state law, Fidelity will also conduct a pre-employment drug screen, which will review for the following substances: Amphetamines, THC (marijuana), cocaine, opiates, phencyclidine.

We invite you to Find Your Fidelity at fidelitycareers.com.

Fidelity Investments is an equal opportunity employer. We believe that the most effective way to attract, develop and retain a diverse workforce is to build an enduring culture of inclusion and belonging.

Fidelity will reasonably accommodate applicants with disabilities who need adjustments to participate in the application or interview process. To initiate a request for an accommodation, contact the HR Accommodation Team by sending an email to accommodations@fmr.com, or by calling 800-835-5099, prompt 2, option 3.",,,"Merrimack, NH",1307,6,,,Full-time,,1.71331E+12,,https://www.linkedin.com/jobs/view/3902738281/?trk=jobs_biz_prem_srch,https://FMRLLC.contacthr.com/136662925,OffsiteApply,1.71598E+12,,,,1.71339E+12,FMRLLC.contacthr.com,0,FULL_TIME,,,,3054,33011,,,,,,,,,
3901908139,Pop-Up Talent,Senior Backend AI Engineer,"Senior Backend AI EngineerTruckee, CAROLE IS ONLY AVAILABLE ON W2
We are seeking an exceptional Senior Backend AI Engineer to join our cutting-edge AI team. In this pivotal role, you will be at the forefront of developing advanced AI-powered tools and GenAI solutions. Your expertise in machine learning, artificial intelligence, and data engineering will be instrumental in driving innovation and pushing the boundaries of what's possible in the realm of AI.
ABOUT YOU:You have AI and Client Expertise: You have a deep understanding of artificial intelligence and machine learning concepts, with extensive experience in developing and deploying AI models and algorithmsYou are proficient in Python: You possess strong programming skills in Python, with the ability to write clean, efficient, and scalable codeYou have Foundational Model Experience: You have hands-on experience working with foundational models such as RAG (Retrieval-Augmented Generation), and you are well-versed in their applications and limitationsYou are proficient in API Building: You have experience building and designing APIs using frameworks like Flask, ensuring seamless integration and interaction between different systems and componentsYou are proficient in AWS tools: You are proficient in utilizing AWS services and tools for data storage, processing, and deployment of AI modelsYou are proficient in Big Data: You have expertise in large-scale data processing and analysis, and you are comfortable working with big data technologiesYou have Vector and Embedded Vector Knowledge: You have a solid understanding of vector spaces and embedded vectors, and you can apply this knowledge to develop efficient and accurate AI modelsYou are proficient in Data Architecture and ETL: You have experience designing and implementing robust data architectures and ETL (Extract, Transform, Load) pipelines to ensure seamless data flow and integrityYou have expertise in SQL and NoSQL Databases: You are proficient in working with both SQL and NoSQL databases, and you can efficiently query and manipulate data to support AI model development and deploymentYou leverage Testing and CI/CD: You are well-versed in testing methodologies and have experience implementing continuous integration and continuous deployment (CI/CD) pipelines to ensure code quality and streamline the development processYou are an expert in Code Review and Collaboration: You have a strong understanding of code review best practices and enjoy collaborating with team members to maintain high-quality code and share knowledgeYou know Agile Methodologies: You are familiar with Agile development methodologies, such as Scrum or Kanban, and can effectively work in an Agile environment to deliver iterative and incremental valueYou live in Cross-Team Collaboration: You thrive in a collaborative environment, working effectively with cross-functional teams, including data scientists, software engineers, and product managers, to deliver high-quality AI solutionsYou are Continuous Learning and Adaptable: You stay up to date with the latest advancements in AI, Client, and data engineering, and you are eager to learn and adapt to new technologies and methodologies
THINGS YOU MAY DO:Develop AI Models and Algorithms: Design, implement, and optimize advanced AI models and algorithms using Python, foundational models like RAG, and other relevant technologiesBuild and Integrate APIs: Design and develop robust APIs using frameworks like Flask to facilitate seamless integration and interaction between AI models, tools, and other systemsIntegrate AI into Tools and Applications: Collaborate with cross-functional teams to integrate AI capabilities into user-friendly tools and applications, focusing on enhancing functionality and user experienceUtilize AWS for AI Deployment: Leverage AWS services and tools to deploy, scale, and manage AI models and applications in a secure and efficient mannerPerform Large-Scale Data Processing: Use big data technologies to process and analyze vast amounts of data, enabling the development of accurate and insightful AI modelsDesign Data Architectures and ETL Pipelines: Develop robust data architectures and ETL pipelines to ensure smooth data flow, data quality, and data integrity throughout the AI development lifecycleImplement Testing and CI/CD: Develop and execute comprehensive testing strategies and implement CI/CD pipelines to ensure code quality, reliability, and efficient deployment of AI models and applicationsConduct Code Reviews: Actively participate in code reviews, providing constructive feedback and ensuring adherence to coding best practices and standardsOptimize AI Performance and Scalability: Continuously monitor and optimize the performance and scalability of AI models and applications, ensuring they meet the highest standards of efficiency and reliabilityCollaborate and Innovate: Work closely with UI/UX engineers, software engineers, and product managers to ideate, prototype, and implement innovative AI solutions that push the boundaries of what's possibleStay at the Forefront of AI Research: Keep abreast of the latest research and advancements in AI, Client, and data engineering, and apply this knowledge to drive innovation and improve our AI-powered tools and GenAI solutions
PERKS:Paid flexible time off & holidaysCompetitive medical, dental, vision benefitsFun, get-things-done work environment
req24-00458",130000,YEARLY,"Truckee, CA",52199182,4,,120000,Full-time,,1.71346E+12,,https://www.linkedin.com/jobs/view/3901908139/?trk=jobs_biz_prem_srch,,ComplexOnsiteApply,1.71606E+12,,Mid-Senior level,,1.71346E+12,,0,FULL_TIME,USD,BASE_SALARY,125000,96161,,,,,,,,,,
3901392844,Vaco,Sr. Data Engineer,"Hiring a Senior Data Engineer for a Healthcare Technology client
100% Remote, EST/CST candidates preferred 

Salary: $110,000-120,000 + yearly bonus, benefits, 401k 

ENVIRONMENT:Data Modeling experienceETL pipelinesAzure data factorySSIS experienceReporting data in the data martTeam Size: 2 other senior data engineers
 OVERVIEW:

The Senior Data Engineer is primarily responsible for designing, building, and maintaining the infrastructure that supports data storage, flow, and retrieval. The Senior Data Engineer works with large data sets and develops data pipelines that move data from source systems to data warehouses and processing systems.

All activities must be in compliance with Equal Employment Opportunity laws, HIPAA, ERISA, and other regulations, as appropriate. 

Functions:

Work with business users, developers, and other stakeholders to determine and document the requirements of the data warehouse and data martsDesign and develop data pipelines for transferring data between several data sources in an efficient mannerCombine raw information from various sources and explore ways to enhance data quality and reliabilitUtilize analytical tools & programs, and collaborate with database developers and database administrators, working on several projectManage data flow in a large-scale production environment with multiple workloads with different requirementEnhance the automation of data flow pipelines and processes to reduce toil and improve performancDevelop and manage the data archiving processes based on different retention policieBuild and operate data pipelines including ensuring uptime through monitoring, alerting, and proactive maintenance tasksAssist the rest of the data operation team on migration of data sources to PaaS and other modern data platformsDesign and implement solutions to complex systemsTake part in triaging and troubleshooting issues impacting our services

Minimum Requirements

5+ years of experience as a SQL Server DBA or Database Developer5+ years of experience developing ETLs using SQL Server based tools like SSIS and ADF5+ years of exposure with modern cloud tools and servicesFamiliarity with developing large-scale ETL pipelines performing incremental loadExperience in migrating IaaS data sources and ETLs to PaaS servicesIn-depth knowledge and experience in database and ETL performance tuning, monitoring, and alertingParticipate in 24x7x365 on-call rotation and provide support during off-hours for production incidentsExperience or willing to learn and use Azure DevOps pipelines for continuous deployments (CI/CD)

",120000,YEARLY,"Tampa, FL",11229,36,,110000,Full-time,18,1.71346E+12,1,https://www.linkedin.com/jobs/view/3901392844/?trk=jobs_biz_prem_srch,,SimpleOnsiteApply,1.71467E+12,,Mid-Senior level,,1.71346E+12,,0,FULL_TIME,USD,BASE_SALARY,115000,33602,12057,,,,,,,,,
3902356904,Thoughtwave Software and Solutions,Data Engineer,"Title: Senior Data Engineer with Healthcare (10+years) Location: 100% Remote – EST Time zoneDuration: 12 Months
Required Skills : Look for someone who has experience in the Healthcare domain and worked with Healthcare DataShould have good experience in Azure Stack (Data Lake/Blob Storage, Power BI Services, Azure Data Factory (or equivalent), Data bricks) and strong on SQL Server 
QUALIFICATION REQUIREMENTS• Bachelor’s degree (BS/BA) in Information Systems, Software Engineering, Computer Science, Data Engineering, or related field required. Master’s degree (MS/MA) preferred.• Experience with ETL/ELT, taking data from various data sources and formats and ingesting into a cloud-native data warehouse required.• Experience with Azure Stack (Data Lake/Blob Storage, PowerBI Services, Azure Data Factory (or equivalent), Databrick) and production level experience with on-premises Microsoft SQL Server required.• Experience with one of the following: Python, R, and/or Scala as well as standard analytic libraries/packages (e.g., pandas, Numpy, dplyr, data table, stringr, Slick, and/or Kafka) and related distribution frameworks required.• Strong verbal and written communication skills required.• Familiarity with agile and lean concepts that drive towards MVPs and iterative learning to generate the desired business and technology outcomes required.• Experience with DataRobot, Domino Data Labs, Salesforce MC, Veeva CRM preferred.• Familiarity with modern data stack components like Snowflake, dbt, Stitch, Tableau, and Airflow• Familiarity with statistical concepts and analytic modeling (e.g., regression analyses, hypothesis testing, and ML based modeling) preferred.• Experience with software engineering best practices like version control with Git and CI/CD preferred.• Experience with US healthcare and healthcare data, as well as familiarity with HIPAA guidelines, and best practices for handling and storing PHI and PII preferred.• Experience with healthcare marketing analytics, healthcare data (claims), and common medical coding sets (ICD, HCPCs, NPIs) preferred.
if your interested please share me resume to syed@thoughtwavesoft.com or else call me 630-326-4525 Asap",,,Dallas-Fort Worth Metroplex,245238,5,,,Contract,2,1.71354E+12,1,https://www.linkedin.com/jobs/view/3902356904/?trk=jobs_biz_prem_srch,,ComplexOnsiteApply,1.71613E+12,,,,1.71354E+12,,0,CONTRACT,,,,,,,,,,,,,,
3904986169,"American Unit, Inc",Sr. Business Analyst,"Hello,Greetings from the American Unit…Hope you are doing well.This is Riya from American Unit Inc.Review the below job description and let me know your interest by replying to this email with an updated resume and a convenient time/number to discuss. Job Title: Sr. Business Analyst - W2Location: Brentwood, TN(Onsite)Exp: 10+ YearsVisa: H4 EAD, GC, USC""Passport Number is Mandatory""Job Description:Key Skill /Skill Specialization- Healthcare Mandatory Skills- SQL, Strong Business Analyst Skills, US Health Care exp Desired Skills - Jira Job Description• Good understanding of US HC, especially on RCM (revenue cycle management), clinicals (medications, orders, labs, etc) • Should have a working experience in Agile methodology• Should have gathered requirements from Product owners, drafted user stories • Assure solutions align with the customer’s functional and non-functional requirements.• Provide regular updates of project progress and outstanding issues. • Collaborate with customers. • Comply with corporate standards and government regulations. • Contribute to team development through support and collaboration with remote team members. • Continued personal technical growth. • Contribute technical educational sessions to the team.Thanks n Regards, RiyaUS IT RecruiterAmerican Unit IncEmail: Riya@americanunit.com",,,"Brentwood, TN",51100,80,,,Contract,19,1.71346E+12,,https://www.linkedin.com/jobs/view/3904986169/?trk=jobs_biz_prem_srch,,ComplexOnsiteApply,1.71605E+12,,Mid-Senior level,,1.71346E+12,,0,CONTRACT,,,,37027,47037,,,,,,,,,
3905283695,Novo Nordisk,Data Scientist,"About The Department

The Clinical, Medical and Regulatory (CMR) department at Novo Nordisk is one of the most diverse and collaborative groups within the organization. From health-care-provider interactions and developing and implementing regulatory strategies with the FDA to providing medical education and collecting data to support efficacy and new product development, CMR is involved. The one thing that keeps us all marching to the same beat is our patient-centered focus. At Novo Nordisk, you will help patients around the world. As their needs evolve, so does our challenge to find better and more innovative ways to improve their quality of life. We’re changing lives for a living. Are you ready to make a difference?

 The Position 

The Data Scientist identifies and delivers dynamic and reliable analytics products and services by leveraging internal and external data to enable faster decision making across Novo Nordisk; and contributes to the growth, competitiveness, and innovation of the company.

 Relationships 

This position reports the head of Scientific Analytics and functions as an analytics specialist in the Medical Information & Analytics department. Collaborates closely with teams in departments throughout the organization, including Medical Affairs, HEOR, Clinical Trial Management, Market Development & HCP Engagement, as well as with other data science units globally. May also mentor Analytics interns and oversee projects with external vendors.

Essential Functions

 Leads the development and delivery of novel and innovative analytics solutions and services (text mining analysis, data visualization, data mining, statistical modelling) in response to client requests. Understands client needs and readily customizes deliverables to address key business needs.  Explores and introduces new data driven approaches to generate business insights in order to address unanswered business problems. Expertly understands and incorporates analytics best practices and keeps on top of emerging tools and practices.  Leads analytics projects; understands stakeholder needs; demonstrates thorough understanding of data and directs data preparation activities.  Validates, interprets, and presents data findings to key stakeholders. Translates data analysis into a meaningful story that explains nuance and complexity and inspires action.  Communicates to ensure efficient knowledge sharing and collaboration within Medical Operations and occasionally with other departments in CMR.  Presents existing work within department and with individual clients and/or client departments.  Collaborates with other Scientific Analytics team members to ensure overall integration of products and services. Contributes to completion of information analytics projects; participates in planning and coordination of projects.  Contributes to the development of new standards and/or practices.  Participates in development of Scientific Analytics strategy - develops specific tactics based on strategy. Makes and executes decisions within area of responsibility and impact within department, with some impact outside department.  Develops network of internal relationships. Participates in projects locally and/or globally, and across CMR. 

Physical Requirements

0-10% overnight travel required.

Qualifications

 Bachelor’s Degree from an Accredited University and 6 years of experience from relevant industry (life sciences or technology research) is required.  Advanced degree in Data Science or related field strongly preferred.  Excellent organizational, communication, and presentation skills.  Advanced skills in text mining, data mining, information visualization concepts and tools is required.  Experience with cloud analytics platforms & tools (AWS platform & services, R, Python, SQL) is preferred.  Experience researching and implementing Machine Learning & Deep Learning models is required.  Deep expertise in interpreting and explaining data trends is required.  Subject matter familiarity in one or more disease areas of interest to Novo Nordisk is preferred. 

We commit to an inclusive recruitment process and equality of opportunity for all our job applicants.

At Novo Nordisk we recognize that it is no longer good enough to aspire to be the best company in the world. We need to aspire to be the best company for the world and we know that this is only possible with talented employees with diverse perspectives, backgrounds and cultures. We are therefore committed to creating an inclusive culture that celebrates the diversity of our employees, the patients we serve and communities we operate in. Together, we’re life changing.

Novo Nordisk is an equal opportunity employer. Qualified applicants will receive consideration for employment without regard to race, ethnicity, color, religion, sex, gender identity, sexual orientation, national origin, disability, protected veteran status or any other characteristic protected by local, state or federal laws, rules or regulations.

If you are interested in applying to Novo Nordisk and need special assistance or an accommodation to apply, please call us at 1-855-411-5290. This contact is for accommodation requests only and cannot be used to inquire about the status of applications.",,,"Princeton, NJ",2227,3,,,Full-time,,1.7134E+12,,https://www.linkedin.com/jobs/view/3905283695/?trk=jobs_biz_prem_srch,https://careers.novonordisk.com/job/Princeton-Data-Scientist-NJ-08540/1062469701/?feedId=300201&utm_source=LinkedInJobPostings&tcsource=Apply&utm_campaign=Novo_Nordisk_LinkedIn,OffsiteApply,1.71606E+12,,,,1.71347E+12,careers.novonordisk.com,0,FULL_TIME,,,,8540,34021,,,,,,,,,
3904392124,SAE International,Senior Machine Learning Engineer,"Job Summary

SAE is seeking an experienced Senior Machine Learning Engineer to join our rapidly growing Enterprise Data team. The ideal candidate will have a strong background in machine learning, MLOps, and data engineering, with a passion for leading teams and collaborating with data scientists to develop innovative solutions. The Senior Machine Learning Engineer will be responsible for creating, maintaining, and improving our ML pipeline and establishing MLOps practices within our data science group. Experience with Neo4j and working with graph databases is essential for this role.

Essential Functions

Lead the design, development, and deployment of machine learning models and solutions, ensuring they meet business objectives and performance requirements.Establish and maintain a robust ML pipeline, including data ingestion, feature engineering, model training, evaluation, and deployment.Implement MLOps practices to streamline the ML lifecycle, including version control, testing, continuous integration, and continuous deployment.Collaborate closely with data scientists, data engineers, and other stakeholders to understand requirements, provide technical guidance, and ensure successful delivery of machine learning solutions.Stay current with the latest advancements in machine learning, MLOps, and data engineering, and drive the adoption of new technologies and best practices within the team.Develop and maintain documentation related to machine learning models, pipelines, and processes.Provide mentorship, guidance, and support to junior team members, fostering a collaborative and inclusive team culture.

Minimum Requirements

Bachelor's or Master's degree in Computer Science, Data Science, or a related field.At least 5 years of experience as a Machine Learning Engineer, with a proven track record of leading teams and working with data science groups.Strong experience with MLFlow, Databricks, and other machine learning platforms.Deep understanding of machine learning algorithms, data structures, and optimization techniques.Proficiency in Python and experience with ML libraries such as TensorFlow, PyTorch, or Scikit-learn.Familiarity with MLOps tools and practices, including version control (e.g., Git), CI/CD, and containerization (e.g., Docker, Kubernetes).Extensive experience working with Neo4j and other graph databases, along with a solid understanding of graph algorithms and data modeling.

Working Conditions And Physical Requirements

Ability to work for long periods at a computer/deskStandard office environment

About The Organization

Fullsight is an integrated brand of our three primary affiliate companies – SAE Industry Technologies Consortia, SAE International and Performance Review Institute – and their subsidiaries. As a collective, Fullsight enables a robust resource of innovative programs, products and services for industries, their engineers and technical experts to work together on traditional and emergent complex issues that drive their future progress.

SAE Industry Technologies Consortia® (SAE ITC) enables organizations to define and pilot best practices. SAE ITC industry stakeholders are able to work together to effectively solve common problems, achieve mutual benefit for industry, and create business value.

The Performance Review Institute® (PRI) is the world leader in facilitating collaborative supply chain oversight programs, quality management systems approvals, and professional development in industries where safety and quality are shared values.

SAE International® (SAEI) is a global organization serving the mobility sector, predominantly in the aerospace, automotive and commercial-vehicle industries, fostering innovation, and enabling engineering professionals. Since 1905, SAE has harnessed the collective wisdom of engineers around the world to create industry-enabling standards. Likewise, SAE members have advanced their knowledge and understanding of mobility engineering through our information resources, professional development, and networking.",,,"Warrendale, PA",25098,46,,,Full-time,11,1.71331E+12,,https://www.linkedin.com/jobs/view/3904392124/?trk=jobs_biz_prem_srch,https://recruiting.ultipro.com/SAE1001SAEI/JobBoard/2d80db34-c394-45b6-ac72-5ad6e0192f60/OpportunityDetail?opportunityId=aa1d523c-b9af-4480-93b5-f2e78de26212&utm_source=LINKEDIN&utm_medium=referrer,OffsiteApply,1.71599E+12,,Mid-Senior level,,1.71339E+12,recruiting.ultipro.com,0,FULL_TIME,,,,15086,42003,,,,,,,,,
3902838650,Experis,Sr Data Engineer,"Job title: Senior Data Engineer (Databricks Platform Modernization)

Job Description

Must Have Skills/Tech: 7-10 years experience

 Hands-on experience with Databricks and Azure , including implementation using Unity Catalog .  Experience in platform modernization projects and implementation.  Deep understanding of components of data and analytics (building data platforms, data platform management, data extraction, ETL/ELT, data security, and data/insight reporting)  Lead and facilitate technical conversations with team and cross collaboration teams 


Job Responsibilities:

 Lead the design, development, and optimization of Cencora’s cloud Data & Analytics platform, collaborating with cross-functional teams throughout all phases of data ingestion.  Evaluate and integrate software technologies into our modern platform, ensuring compatibility, scalability, and performance while leveraging configurable self-service tools.  Facilitate technical discussions and mentor junior team members to drive informed decisions, design scalable architectures, and enhance data solutions.  Document technical conversations, architectural decisions, and best practices to ensure alignment and enable knowledge sharing across teams.  Research and explore emerging features and technologies in the data and analytics space, identifying opportunities for innovation and improvement.  Conduct hands-on evaluation and testing of tools and technologies, including Databricks and Azure , to support data platform management, data extraction, UI/UX presentation, and generative AI.  Collaborate with delivery and platform teams to implement architectural strategies, design solutions, and ensure successful project outcomes.  Evaluate, propose, and implement data writing solutions using tools like Power BI, ensuring data governance, security, and compliance requirements are met. 


Required Skills and Qualifications:

 7-10 years of proven experience in Data Engineering roles, with a strong understanding of Data and Analytics components.  Expertise in cloud platforms, particularly Databricks and Azure , with hands-on experience in architecting and implementing data solutions.  Proficiency in data platform management, data extraction, UI/UX presentation, and generative AI, with a strong technical background in data ops and data governance.  Ability to lead technical discussions, mentor junior team members, document decisions, and communicate effectively with both technical and non-technical stakeholders.  Proactive, independent, and self-motivated with a natural curiosity and desire to explore emerging technologies, industry trends, and best practices.  Bachelor’s degree in Computer Science, Engineering, or related field (or equivalent work experience).",,,"Philadelphia, PA",2203697,5,,,Contract,,1.71348E+12,,https://www.linkedin.com/jobs/view/3902838650/?trk=jobs_biz_prem_srch,https://click.appcast.io/track/j8g1mer?cs=jj7&sjg=6cfq,OffsiteApply,1.71615E+12,,Mid-Senior level,,1.71356E+12,click.appcast.io,0,CONTRACT,,,,19102,42101,,,,,,,,,
3901995691,JPMorgan Chase & Co.,Head of Corporate Technology Intelligent Systems Data and Analytics - Senior Principal Data Architect,"Job Description

Come join a collaborative and diverse team focused on delivering business value to our partners in the Corporate Functions and the Developers they support!

As a Senior Principal Data Architect at JP Morgan Chase, within our Intelligent Systems Data and Analytics Corporate Technology organization, your role will encompass the application of Artificial Intelligence and Machine Learning to enhance the business value of data utilized and produced by Corporate Technology and our Corporate Function Partners. Your collaboration with Information Architects, Data Engineers, Data Scientists, Data Owners, Chief Data Officers will be instrumental in shaping our data strategy.

Job Responsibilities

Collaborate across Intelligent Systems Data and Analytics (ISDA), the rest of Corporate Technology (CT) and their partners in the Corporate Functions to create and drive the our Data StrategyCreate roadmaps for achieving our Data Strategy while adhering to or business and controls requirements along the way Collaborate with Corporate Technology Chief Architect to define the Data Architecture standards and patterns and blueprints for Corporate TechnologyCollaborate with the Chief Data Offices of our partners in the Corporate Functions to ensure that they have the right controls and visibility into the data they have in a self-service and automated wayCollaborate with our Intelligent Systems Data and Analytics (ISDA) AI/ML and Data Science teams across Corporate Technology and our Corporate Functions to reduces friction in obtaining the data they need to build solutions.

Required Qualifications, Capabilities And Skills

Formal training or Certification on Information Architecture concepts and 10+ years applied experience in managing diverse and technical Information Architecture and Data Engineering teamsStrong project management skills and ability to deliver scalable, resilient, high quality Software and Services leveraging Public CloudBachelor's degree in Computer Science or related Math or Engineering field10+ years experience in Information Architecture5+ years experience creating data architecture for large scale systems on public cloud

ABOUT US

JPMorgan Chase & Co., one of the oldest financial institutions, offers innovative financial solutions to millions of consumers, small businesses and many of the world’s most prominent corporate, institutional and government clients under the J.P. Morgan and Chase brands. Our history spans over 200 years and today we are a leader in investment banking, consumer and small business banking, commercial banking, financial transaction processing and asset management.

We offer a competitive total rewards package including base salary determined based on the role, experience, skill set, and location. For those in eligible roles, we offer discretionary incentive compensation which may be awarded in recognition of firm performance and individual achievements and contributions. We also offer a range of benefits and programs to meet employee needs, based on eligibility. These benefits include comprehensive health care coverage, on-site health and wellness centers, a retirement savings plan, backup childcare, tuition reimbursement, mental health support, financial coaching and more. Additional details about total compensation and benefits will be provided during the hiring process.

We recognize that our people are our strength and the diverse talents they bring to our global workforce are directly linked to our success. We are an equal opportunity employer and place a high value on diversity and inclusion at our company. We do not discriminate on the basis of any protected attribute, including race, religion, color, national origin, gender, sexual orientation, gender identity, gender expression, age, marital or veteran status, pregnancy or disability, or any other basis protected under applicable law. We also make reasonable accommodations for applicants’ and employees’ religious practices and beliefs, as well as mental health or physical disability needs. Visit our FAQs for more information about requesting an accommodation.

JPMorgan Chase is an Equal Opportunity Employer, including Disability/Veterans

About The Team

Our professionals in our Corporate Functions cover a diverse range of areas from finance and risk to human resources and marketing. Our corporate teams are an essential part of our company, ensuring that we’re setting our businesses, clients, customers and employees up for success.",,,"Houston, TX",1068,3,,,Full-time,,1.7135E+12,,https://www.linkedin.com/jobs/view/3901995691/?trk=jobs_biz_prem_srch,https://JPMorganChase.contacthr.com/135856291,OffsiteApply,1.71609E+12,,Director,,1.7135E+12,JPMorganChase.contacthr.com,0,FULL_TIME,,,,77002,48201,,,,,,,,,
3898164992,Robert Half,SAP FICO Business Analyst,"SAP FICO Business Analyst Location: Milwaukee, Wisconsin Hybrid 3 days week onsite No sponsorship Relocation offered
A Robert Half client is looking for a SAP FICO Business Analyst to join their team to be part of an upcoming implementation. This role will be responsible for working with stakeholders, design, testing, configuration, integrations, go-live, documentation and reporting. 
Qualifications:5+ years proven experience with SAP FICOECC 6 or higherSAP FICO modules AP/AR/GL/TaxExperience with SAP integrations experience between FI and MMFunctional experience with design, implementation, configuration, integration, testing, training, go-live, documentation, reporting and support",,,"Milwaukee, WI",1681,76,,,Full-time,19,1.71321E+12,,https://www.linkedin.com/jobs/view/3898164992/?trk=jobs_biz_prem_srch,,ComplexOnsiteApply,1.7158E+12,,Mid-Senior level,,1.71321E+12,,0,FULL_TIME,,,,53202,55079,,,,,,,,,
3891075029,Publicis Sapient,Manager Data Engineering- AWS cloud,"Publicis Sapient is a digital transformation partner helping established organizations get to their future, digitally-enabled state, both in the way they work and the way they serve their customers. We help unlock value through a start-up mindset and modern methods, fusing strategy, consulting and customer experience with agile engineering and problem-solving creativity. United by our core values and our purpose of helping people thrive in the brave pursuit of next, our 20,000+ people in 53 offices around the world combine experience across technology, data sciences, consulting and customer obsession to accelerate our clients’ businesses through designing the products and services their customers truly value.

Job Description

Publicis Sapient is looking for a Manager/ ArchitectData Engineering- AWS Cloud to join our team of bright thinkers and doers. You will team with top-notch technologists to enable real business outcomes for our enterprise clients by translating their needs into transformative solutions that provide valuable insight. Working with the latest data technologies in the industry, you will be instrumental in helping the world’s most established brands evolve for a more digital

future.



Your Impact:

• Play a key role in delivering data-driven interactive experiences to our clients

• Work closely with our clients in understanding their needs and translating them to technology solutions

• Provide expertise as a technical resource to solve complex business issues that translate into data integration and database systems designs

• Problem solving to resolve issues and remove barriers throughout the lifecycle of client engagements

• Ensuring all deliverables are high quality by setting development standards, adhering to the standards and participating in code reviews

• Participate in integrated validation and analysis sessions of components and subsystems on production servers

• Mentor, support and manage team members

Your Skills & Experience:

• 8+ years of demonstrable experience in enterprise level data platforms involving implementation of end to end data pipelines

• Good communication and willingness to work as a team

• Hands-on experience with at least one of the leading public cloud data platform- AWS (Amazon Web Services)

• Experience with column-oriented database technologies (i.e. Big Query, Redshift, Vertica), NoSQL database technologies (i.e. DynamoDB, BigTable, Cosmos DB, etc.) and traditional database systems (i.e. SQL Server, Oracle, MySQL)

• Experience in architecting data pipelines and solutions for both streaming and batch integrations using tools/frameworks like Glue ETL, Lambda, Google Cloud DataFlow, Azure Data Factory, Spark, Spark Streaming, etc.

• Ability to handle multiple responsibilities simultaneously in leadership and contributing to tasks “hands-on”

• Understanding of data modeling, warehouse design and fact/dimension concepts

Qualifications

Set Yourself Apart With:

• Certifications for any of the cloud services like AWS

• Experience working with code repositories and continuous integration

• Understanding of development and project methodologies

• Willingness to travel

Additional Information

Benefits of Working Here:

• Flexible vacation policy; time is not limited, allocated, or accrued

• 16 paid holidays throughout the year

• Generous parental leave and new parent transition program

• Tuition reimbursement

• Corporate gift matching program



Annual base pay range: $117,000 - $175,000

The range shown represents a grouping of relevant ranges currently in use at Publicis Sapient. The actual range for this position may differ, depending on location and the specific skillset required for the work itself.

As part of our dedication to an inclusive and diverse workforce, Publicis Sapient is committed to Equal Employment Opportunity without regard for race, color, national origin, ethnicity, gender, protected veteran status, disability, sexual orientation, gender identity, or religion. We are also committed to providing reasonable accommodations for qualified individuals with disabilities and disabled veterans in our job application procedures. If you need assistance or an accommodation due to a disability, you may contact us at hiring@publicissapient.com or you may call us at +1-617-621-0200.",,,"Atlanta, GA",10801655,2,,,Full-time,,1.71286E+12,,https://www.linkedin.com/jobs/view/3891075029/?trk=jobs_biz_prem_srch,https://jobs.smartrecruiters.com/PublicisGroupe/743999979940883-manager-data-engineering-aws-cloud,OffsiteApply,1.71545E+12,,Mid-Senior level,,1.71286E+12,jobs.smartrecruiters.com,0,FULL_TIME,,,,30303,13121,,,,,,,,,
3903807162,Capital One,"Senior Associate, Data Scientist - Model Risk Office","Center 1 (19052), United States of America, McLean, VirginiaSenior Associate, Data Scientist - Model Risk Office

Data is at the center of everything we do. As a startup, we disrupted the credit card industry by individually personalizing every credit card offer using statistical modeling and the relational database, cutting edge technology in 1988!

Fast-forward a few years, and this little innovation and our passion for data has skyrocketed us to a Fortune 200 company and a leader in the world of data-driven decision-making.

As a Data Scientist at Capital One, you’ll be part of a team that’s leading the next wave of disruption at a whole new scale, using the latest in computing and machine learning technologies and operating across billions of customer records to unlock the big opportunities that help everyday people save money, time and agony in their financial lives.

Role Description

In this role, you will:

 Partner with a cross-functional team of data scientists, software engineers, and product managers to deliver a product customers love  Leverage a broad stack of technologies — Python, Conda, AWS, H2O, Spark, and more — to reveal the insights hidden within huge volumes of numeric and textual data  Build machine learning models through all phases of development, from design through training, evaluation, validation, and implementation  Flex your interpersonal skills to translate the complexity of your work into tangible business goals 

The Ideal Candidate is:

 Customer first. You love the process of analyzing and creating, but also share our passion to do the right thing. You know at the end of the day it’s about making the right decision for our customers.  A leader. You challenge conventional thinking and work with stakeholders to identify and improve the status quo. You're passionate about talent development for your own team and beyond.  Technical. You’re comfortable with open-source languages and are passionate about developing further. You have hands-on experience developing data science solutions using open-source tools and cloud computing platforms.  Statistically-minded. You’ve built models, validated them, and backtested them. You know how to interpret a confusion matrix or a ROC curve. You have experience with clustering, classification, sentiment analysis, time series, and deep learning.  A data guru. “Big data” doesn’t faze you. You have the skills to retrieve, combine, and analyze data from a variety of sources and structures. You know understanding the data is often the key to great data science. 

Basic Qualifications:

 Currently has, or is in the process of obtaining a Bachelor’s Degree plus 2 years of experience in data analytics, or currently has, or is in the process of obtaining Master’s Degree, or currently has, or is in the process of obtaining PhD, with an expectation that required degree will be obtained on or before the scheduled start date  At least 1 year of experience in open source programming languages for large scale data analysis  At least 1 year of experience with machine learning  At least 1 year of experience with relational databases 

Preferred Qualifications:

 Master’s Degree in “STEM” field (Science, Technology, Engineering, or Mathematics), or PhD in “STEM” field (Science, Technology, Engineering, or Mathematics)  Experience working with AWS  At least 2 years’ experience in Python, Scala, or R  At least 2 years’ experience with machine learning  At least 2 years’ experience with SQL 

The minimum and maximum full-time annual salaries for this role are listed below, by location. Please note that this salary information is solely for candidates hired to perform work within one of these locations, and refers to the amount Capital One is willing to pay at the time of this posting. Salaries for part-time roles will be prorated based upon the agreed upon number of hours to be regularly worked.

New York City (Hybrid On-Site): $138,500 - $158,100 for Data Science Masters

Candidates hired to work in other locations will be subject to the pay range associated with that location, and the actual annualized salary amount offered to any candidate at the time of hire will be reflected solely in the candidate’s offer letter.

This role is also eligible to earn performance based incentive compensation, which may include cash bonus(es) and/or long term incentives (LTI). Incentives could be discretionary or non discretionary depending on the plan

 Capital One will consider sponsoring a new qualified applicant for employment authorization for this position. 

Capital One offers a comprehensive, competitive, and inclusive set of health, financial and other benefits that support your total well-being. Learn more at the Capital One Careers website . Eligibility varies based on full or part-time status, exempt or non-exempt status, and management level.

This role is expected to accept applications for a minimum of 5 business days.No agencies please. Capital One is an equal opportunity employer committed to diversity and inclusion in the workplace. All qualified applicants will receive consideration for employment without regard to sex (including pregnancy, childbirth or related medical conditions), race, color, age, national origin, religion, disability, genetic information, marital status, sexual orientation, gender identity, gender reassignment, citizenship, immigration status, protected veteran status, or any other basis prohibited under applicable federal, state or local law. Capital One promotes a drug-free workplace. Capital One will consider for employment qualified applicants with a criminal history in a manner consistent with the requirements of applicable laws regarding criminal background inquiries, including, to the extent applicable, Article 23-A of the New York Correction Law; San Francisco, California Police Code Article 49, Sections 4901-4920; New York City’s Fair Chance Act; Philadelphia’s Fair Criminal Records Screening Act; and other applicable federal, state, and local laws and regulations regarding criminal background inquiries.

If you have visited our website in search of information on employment opportunities or to apply for a position, and you require an accommodation, please contact Capital One Recruiting at 1-800-304-9102 or via email at RecruitingAccommodation@capitalone.com . All information you provide will be kept confidential and will be used only to the extent required to provide needed reasonable accommodations.

For technical support or questions about Capital One's recruiting process, please send an email to Careers@capitalone.com

Capital One does not provide, endorse nor guarantee and is not liable for third-party products, services, educational tools or other information available through this site.

Capital One Financial is made up of several different entities. Please note that any position posted in Canada is for Capital One Canada, any position posted in the United Kingdom is for Capital One Europe and any position posted in the Philippines is for Capital One Philippines Service Corp. (COPSSC).",,,"New York, NY",1419,6,,,Full-time,1,1.71347E+12,,https://www.linkedin.com/jobs/view/3903807162/?trk=jobs_biz_prem_srch,https://dsp.prng.co/4W4AVPb,OffsiteApply,1.71606E+12,,Associate,,1.71347E+12,dsp.prng.co,0,FULL_TIME,,,,10001,36061,,,,,,,,,
3887499919,Mission Staffing,Regulatory Reporting Analyst,"Our client, a global investment bank, is adding a Regulatory Reporting Analyst to their team. Responsibilities include performing thorough review of regulatory reports to ensure compliance with the regulatory reports’ instruction and preparing regulatory reports in accordance with US GAAP. This role will also handle reporting instructions covering daily, weekly, monthly, quarterly, and annual reports including FR2900, FR2644, FFIEC 002, FFIEC 019, TIC reports, and BE reports. Candidates must have at least five years of Financial and Regulatory Reporting experience at a large banking organization and/or consulting firm and have a strong understanding of financial and reporting requirements in the U.S.
RequirementsAt least five years working experience in financial and regulatory reporting at a large and complex banking organization or consulting firm.Strong Accounting knowledge and comprehension of U.S. GAAP accounting rule/ instructionsStrong understanding of banking and capital marketsKnowledge of what controls are needed when working on certain processes.Proficient PC Skills, especially in MS Office Suite; Advanced Excel (formulas, pivot tables, Vlookup, etc), and comfortable dealing with big data sets.",65,HOURLY,"Houston, TX",132319,36,,60,Full-time,7,1.71235E+12,,https://www.linkedin.com/jobs/view/3887499919/?trk=jobs_biz_prem_srch,,ComplexOnsiteApply,1.71494E+12,,Mid-Senior level,,1.71235E+12,,0,FULL_TIME,USD,BASE_SALARY,130000,77002,48201,,,,,,,,,
3905395157,R.J. O'Brien,Senior Business Analyst,"Job Title:  Senior Business Analyst, Global Solutions

 Business Unit:  Global Solutions Group

 Location:  Chicago

 Reports To:  Executive Director, Chief Solutions Officer

 Full Time/Part Time:  Full Time

 Hours  : 8:00 a.m. – 5:00 p.m.

Position Summary: 

R.J. O'Brien & Associates LLC is the oldest and largest independent futures brokerage and clearing firm in the United States. We are currently seeking a Senior Business Analyst to partner with business leaders throughout the firm to understand how to bridge the gap between their needs and delivery of a technical solution. The job will include collection and analysis of business requirements as well as drafting of project proposals, business requirements and creation of functional specifications. The role will require interaction with business leaders, system users, internal development teams and external vendors. The ideal candidate should have a minimum of 8 years experience working as a business analyst.

Duties & Responsibilities:

 Act as a consultant to senior management and all stakeholders who have a need for new or revised functionality  Collect, analyze, document, and review business requirements with project stakeholders  Create functional specifications and review them with development teams  Document and design business, data, process or workflows that show current and future flows  Review, analyze, and document changes to business processes that could benefit from improvements  Scope projects, create project plans and collaborate with developers to create work estimates and schedules  Organize meetings to track project status, manage deadlines and work with IT to meet project requirements  Help manage and provide governance for company project portfolio artifacts for project prioritization, decision making, resource management, communications, metrics and reporting  Assist in development of testing plans and scripts  Support end user testing  Help, plan and participate in testing and facilitate implementation  Manage, train and evaluate less experienced analysts 

 Qualifications: 

Demonstrated knowledge and provide examples of recent experience working as a Business Analyst and / or Project Manager in the brokerage industry for a sell side firm. Candidate should have a general sense of the trading, clearing cycle, risk and regulatory backdrop in the brokerage industry.

 Confidence in working with a diverse group of colleagues across multiple geographies and multiple levels  A collaborative approach to problem solving  Familiarity with elicitation skills to understand business processes and needs.  Ability to document business requirements.  Ability to translate business requirements to a clear and logical functional specification that is coherent to IT developers and QA  Understand key concepts and standard methods employed by BA and PM roles in an organization  Enthusiastic self-starter who takes initiative 

 SKILLS DESIRED: 

 Excellent interpersonal skills with a strong focus on internal client service  Experience in overseeing, directing, training and evaluating other business analysts  Able to produce clear system process and workflow diagrams  Familiarity and experience with various system development life cycle methodologies  Experience working for a brokerage firm  Demonstrate familiarity with business systems and process flows within the brokerage industry (front, middle or back office) 

It is the policy of R.J. O’Brien & Associates, LLC to ensure equal employment opportunity without discrimination or harassment on the basis of race, color, religion, sex, sexual orientation, gender identity or expression, age, disability, marital status, citizenship, genetic information, or any other characteristic protected by law.",,,Greater Chicago Area,45127,5,,,Full-time,1,1.7134E+12,,https://www.linkedin.com/jobs/view/3905395157/?trk=jobs_biz_prem_srch,https://workforcenow.adp.com/mascsr/default/mdf/recruitment/recruitment.html?rb=LinkedIn&jobId=488523&ccId=167975490985_2767&type=MP&lang=en_US&selectedMenuKey=CurrentOpenings&cid=c87fb76b-de8c-4e72-b294-5c6f23cacbd9,OffsiteApply,1.71609E+12,,Mid-Senior level,,1.7135E+12,workforcenow.adp.com,0,FULL_TIME,,,,,,,,,,,,,,
3894206499,USAA,Data Scientist (Intermediate),"Why USAA?

At USAA, we have an important mission: facilitating the financial security of millions of U.S. military members and their families. Not all of our employees served in our nation’s military, but we all share in the mission to give back to those who did. We’re working as one to build a great experience and make a real impact for our members.

We believe in our core values of honesty, integrity, loyalty and service. They’re what guides everything we do – from how we treat our members to how we treat each other. Come be a part of what makes us so special!

The Opportunity

We offer a flexible work environment that requires an individual to be in the office 4 days per week. This position can be based in one of the following locations: San Antonio, TX; Phoenix, AZ; Colorado Springs, CO; Plano, TX or Tampa, FL.

Relocation assistance is not available for this position.

This candidate selected for this position will be working on the D&S Data Science team applying artificial intelligence and machine learning solutions to support a variety of business applications from automating key business processes, to improved routing of phone calls, to better understanding our members needs and the service we deliver. This position will work with a broad range of business partners from product lines to contact center and everything in between.

Translates business problems into applied statistical, machine learning, simulation, and optimization solutions to advise actionable business insights and drive business value through automation, revenue generation, and expense and risk reduction. In collaboration with engineering partners, delivers solutions at scale, and enables customer-facing applications. Leverages database, cloud, and programming knowledge to build analytical modeling solutions using statistical and machine learning techniques. Collaborates with other data scientists to improve USAA’s tooling, growing the company’s library of internal packages and applications. Works with model risk management to validate the results and stability of models before being pushed to production at scale.

What You’ll Do

Captures, interprets, and manipulates structured and unstructured data to enable analytical solutions for the business.Selects the appropriate modeling technique and/or technology with consideration to data limitations, application, and business needs.Develops and deploys models within the Model Development Control (MDC) and Model Risk Management (MRM) framework.Composes technical documents for knowledge persistence, risk management, and technical review audiences. Consults with peers for mentorship, as needed.Translates business request(s) into specific analytical questions, executing on the analysis and/or modeling, and communicating outcomes to non-technical business colleagues.Consults with Data Engineering, IT, the business, and other internal stakeholders to deploy analytical solutions that are aligned with the customer’s vision and specifications and consistent with modeling best practices and model risk management standards.Seeks opportunities and materials to learn new techniques, technologies, and methodologies.Ensures risks associated with business activities are optimally identified, measured, monitored, and controlled in accordance with risk and compliance policies and procedures.

What You Have

Bachelor’s degree in mathematics, computer science, statistics, economics, finance, actuarial sciences, science and engineering, or other similar quantitative discipline; OR 4 years of experience in statistics, mathematics, quantitative analytics, or related experience (in addition to the minimum years of experience required) may be substituted in lieu of degree.2 years of experience in predictive analytics or data analysis OR advanced degree (e.g., Master’s, PhD) in mathematics, computer science, statistics, economics, finance, actuarial sciences, science and engineering, or other similar quantitative discipline.Experience in training and validating statistical, physical, machine learning, and other advanced analytics models.Experience in one or more dynamic scripted language (such as Python, R, etc.) for performing statistical analyses and/or building and scoring AI/ML models.Ability to write code that is easy to follow, well detailed, and commented where necessary to explain logic (high code transparency).Experience in querying and preprocessing data from structured and/or unstructured databases using query languages such as SQL, HQL, NoSQL, etc.Experience in working with structured, semi-structured, and unstructured data files such as delimited numeric data files, JSON/XML files, and/or text documents, images, etc.Familiarity with performing ad-hoc analytics using descriptive, diagnostic, and inferential statistics.Experience with the concepts and technologies associated with classical supervised modeling for prediction such as linear/logistic regression, discriminant analysis, support vector machines, decision trees, forest models, etc.Experience with the concepts and technologies associated with unsupervised modeling such as k-means clustering, hierarchical/agglomerative clustering, neighbors algorithms, DBSCAN, etc.Ability to communicate analytical and modeling results to non-technical business partners.

What Sets You Apart

Knowledge or experience with Natural Language Processing (NLP).Intermediate experience using Python.

The above description reflects the details considered necessary to describe the principal functions of the job and should not be construed as a detailed description of all the work requirements that may be performed in the job.

What We Offer

Compensation: USAA has an effective process for assessing market data and establishing ranges to ensure we remain competitive. You are paid within the salary range based on your experience and market data of the position. The actual salary for this role may vary by location. The salary range for this position is: $89,990 - $161,990.

Employees may be eligible for pay incentives based on overall corporate and individual performance and at the discretion of the USAA Board of Directors.

Benefits: At USAA our employees enjoy best-in-class benefits to support their physical, financial, and emotional wellness. These benefits include comprehensive medical, dental and vision plans, 401(k), pension, life insurance, parental benefits, adoption assistance, paid time off program with paid holidays plus 16 paid volunteer hours, and various wellness programs. Additionally, our career path planning and continuing education assists employees with their professional goals.

For more details on our outstanding benefits, please visit our benefits page on USAAjobs.com.

Applications for this position are accepted on an ongoing basis, this posting will remain open until the position is filled. Thus, interested candidates are encouraged to apply the same day they view this posting. 

USAA is an Equal Opportunity Employer. All qualified applicants will receive consideration for employment without regard to race, color, religion, sex, sexual orientation, gender identity, national origin, disability, or status as a protected veteran.",,,"Colorado Springs, CO",4501,5,,,Full-time,,1.71285E+12,,https://www.linkedin.com/jobs/view/3894206499/?trk=jobs_biz_prem_srch,https://dsp.prng.co/iZi1x0b,OffsiteApply,1.71545E+12,,Entry level,,1.71286E+12,dsp.prng.co,0,FULL_TIME,,,,80902,,,,,,,,,,
3903472486,"FUJIFILM Cellular Dynamics, Inc",Data Scientist,"FUJIFILM Cellular Dynamics, Inc. is searching for a Bioinformatician to contribute to our life science and therapeutic research programs. FCDI is expanding the use of genomics and next generation sequencing throughout our research and development teams. In this role you will be responsible for statistical support to ongoing studies on the behavior and performance of our reprogrammed and differentiated cell lines in both life science and therapeutic settings. As a member of the Data Sciences team, and in this new role, you will develop robust analytical pipelines for analysis of a wide range of next generation sequencing data. Work closely with team members in deploying tools and analysis and apply cutting-edge Next Generation technologies such as RNASeq, whole genome sequencing, epigenetic analysis, proteomics, and others to solve important problems in human health.

FUJIFILM Cellular Dynamics is a leading developer and supplier of human cells used in drug discovery, toxicity testing, stem cell banking, and cell therapy development. We partner with innovators from around the world to combine biologically relevant human cells with the newest technologies to drive advancements in medicine and healthier living. Our technology can be used to create induced pluripotent stem cells (iPSCs) from anyone followed by the powerful capability to develop into virtually any cell type in the human body. Our proprietary manufacturing systems result in inventoried iCell® products and donor-specific Custom Products in the quantity, quality, purity, and reproducibility required for drug and cell therapy development.

 External US 

Essential Responsibilities

 Perform data analysis (s/mi/mRNAseq, whole genome assembly, SNP, BisSeq, ChIPseq) with in-house and externally generated NGS data.  Assist FCDI and Fujifilm scientists in interpreting experimental results.  Manage in-house and publicly available data collections in support of these analyses.  Evaluate publicly available analysis methods for applicability to FCDI research goals.  Organize, script and document analyses to ensure reproducibility.  Ensure data and analysis integrity through self-directed review.  Support ongoing development projects in bioinformatics and data management.  Educate scientific staff on bioinformatics best practices and developments.  Develop new methods of analysis as needed.  Other job functions as assigned. 

Required Skills And Education

 Master’s degree in Bioinformatics, Biostatistics, Computer Science or related field of study, or bachelor’s degree in Bioinformatics, Biostatistics, Computer Science or related field of study + 2 years of relevant experience.  3 years of relevant professional experience in the field of computational biology with demonstrated achievements and progressive responsibilities.  Experience with computational biology tools and methods (BWA, GATK, Trinity, Bioconductor, Soap2, Galaxy, BLAST, others).  Programming experience (Perl, Python, R, bash).  Relational Database Experience (MySQL, MS SQL Server, Oracle, Postgres).  Unix/Linux experience including shell scripting, basic commands, and utilities.  Experience in proteomics, mass spec, and image analysis is considered a plus.  Strong communication skills and being organized.  Able to work at a computer for extended periods of time.  Able to work on-site in Madison, WI two to three days a week. 

EEO/AGENCY NOTES

Fujifilm is an equal opportunity employer to all, regardless of age, ancestry, color, disability (mental and physical), exercising the right to family care and medical leave, gender, gender expression, gender identity, genetic information, marital status, medical condition, military or veteran status, national origin, political affiliation, race, religious creed, sex (includes pregnancy, childbirth, breastfeeding and related medical conditions), and sexual orientation, and any other status protected by federal, state, or local law.

To all agencies: Please, no phone calls or emails to any employee of Fujifilm about this requisition. All resumes submitted by search firms/employment agencies to any employee at Fujifilm via-email, the internet or in any form and/or method will be deemed the sole property of Fujifilm, unless such search firms/employment agencies were engaged by Fujifilm for this requisition and a valid agreement with Fujifilm is in place. In the event a candidate who was submitted outside of the Fujifilm agency engagement process is hired, no fee or payment of any kind will be paid.

hybrid",,,"Madison, WI",301071,62,,,Full-time,18,1.71346E+12,,https://www.linkedin.com/jobs/view/3903472486/?trk=jobs_biz_prem_srch,https://uscareers-fujifilm.icims.com/jobs/26996/data-scientist/job?in_iframe=1,OffsiteApply,1.71605E+12,,Entry level,,1.71346E+12,uscareers-fujifilm.icims.com,0,FULL_TIME,,,,53703,55025,,,,,,,,,
3904955115,ICE,Senior Business Analyst,"Overview

Job Purpose

Intercontinental Exchange, Inc. (ICE) presents a unique opportunity to work with cutting-edge technology to provide solutions to business challenges in the financial sector.  ICE team members work across departments and traditional boundaries to innovate and respond to industry demand.  A successful candidate will be able to multitask in a dynamic team-based environment demonstrating strong problem-solving and decision-making abilities and the highest degree of professionalism.

This role will be part of a team of software developers responsible for building and maintaining global corporate tools to support various teams throughout the organization.  This position requires technical proficiency as well as an eager attitude, professionalism, and solid communication skills.

Responsibilities

Collaborate with other internal groups to gain insights into existing business challenges, translate business and functional requirements into technical implementation for the automation of existing processes and the development of new applications Analyze and document the current and proposed business processes, workflows, and business requirements. Document detailed user stories that effectively captures business needs Define clear and unambiguous acceptance criteria that serve as a benchmark for when a user story is considered complete. Prioritize and validate requirements to align with project goals and objectives. Handover the project requirements to the developers for design and implementation. Collaborate with the development team to design solutions that meet business needs. Prepare and present proposals and/or solutions to management and stakeholders Oversee projects from specification gathering, development, QA, user acceptance testing, and deployment to production Identify potential risks and issues that may impact the project and propose mitigation strategies.  Keep requirements documentation up to date. Manage and document changes to requirements throughout the project's lifecycle. Reconcile conflicting requirements with stakeholders Ensure that the final software product aligns with business objectives and is of high quality. Conduct UAT demonstrations and training sessions for tools developed by the team Seek opportunities for process improvement and share insights to enhance the software development lifecycle. Provide guidance and mentorship to junior business analysts and team members.

Knowledge And Experience

BS degree in technology, engineering, or equivalent experience 3+ years’ experience as a business analyst with emphasis on Software Development Must have an excellent understanding of Software development lifecycle model Must have expertise in writing user stories and acceptance criteria A basic understanding of web applications, data structures, HTML Data analysis skills and competence in MS Word and Excel Strong communication skills Ability to multitask and work independently on multiple projects Minimal travel up to 10% 

Preferred

Familiarity with Web Application Architecture (HTTP, Client/Server, HTML, JavaScript) Experience with ServiceNow, Salesforce, or SharePoint Experience with SQL and Database Technologies (SQL Server, MySQL) Experience with Web Services / Web APIs including both SOAP and REST Financial industry expertise 

Schedule

This role offers work from home flexibility of up to 2 days per week.

Intercontinental Exchange, Inc. is an Equal Opportunity and Affirmative Action Employer. All qualified applicants will receive consideration for employment without regard to race, color, religion, gender, sexual orientation, gender identity, national origin or ancestry, age, disability or veteran status, or other protected status.",,,"Atlanta, GA",252398,19,,,Full-time,5,1.71345E+12,,https://www.linkedin.com/jobs/view/3904955115/?trk=jobs_biz_prem_srch,https://careers.ice.com/jobs/6576?mode=apply&iis=LinkedIn&iisn=Linkedin&lang=en-us,OffsiteApply,1.71605E+12,,,,1.71345E+12,careers.ice.com,0,FULL_TIME,,,,30303,13121,,,,,,,,,
3902781837,Capital One,"Senior Machine Learning Engineer (Python, PySpark, SQL)","Center 1 (19052), United States of America, McLean, VirginiaSenior Machine Learning Engineer (Python, PySpark, SQL)

As a Capital One Machine Learning Engineer (MLE), you'll be part of an Agile team dedicated to productionizing machine learning applications and systems at scale. You’ll participate in the detailed technical design, development, and implementation of machine learning applications using existing and emerging technology platforms. You’ll focus on machine learning architectural design, develop and review model and application code, and ensure high availability and performance of our machine learning applications. You'll have the opportunity to continuously learn and apply the latest innovations and best practices in machine learning engineering.

What you’ll do in the role: 

 The MLE role overlaps with many disciplines, such as Ops, Modeling, and Data Engineering. In this role, you'll be expected to perform many ML engineering activities, including one or more of the following:  Design, build, and/or deliver ML models and components that solve real-world business problems, while working in collaboration with the Product and Data Science teams.  Inform your ML infrastructure decisions using your understanding of ML modeling techniques and issues, including choice of model, data, and feature selection, model training, hyperparameter tuning, dimensionality, bias/variance, and validation).  Solve complex problems by writing and testing application code, developing and validating ML models, and automating tests and deployment.  Collaborate as part of a cross-functional Agile team to create and enhance software that enables state-of-the-art big data and ML applications.  Retrain, maintain, and monitor models in production.  Leverage or build cloud-based architectures, technologies, and/or platforms to deliver optimized ML models at scale.  Construct optimized data pipelines to feed ML models.  Leverage continuous integration and continuous deployment best practices, including test automation and monitoring, to ensure successful deployment of ML models and application code.  Ensure all code is well-managed to reduce vulnerabilities, models are well-governed from a risk perspective, and the ML follows best practices in Responsible and Explainable AI.  Use programming languages like Python, Scala, or Java. 

Basic Qualifications:

 Bachelor’s degree  At least 4 years of experience programming with Python, Scala, or Java (Internship experience does not apply)  At least 3 years of experience designing and building data-intensive solutions using distributed computing  At least 2 years of on-the-job experience with an industry recognized ML frameworks (scikit-learn, PyTorch, Dask, Spark, or TensorFlow)  At least 1 year of experience productionizing, monitoring, and maintaining models 

Preferred Qualifications:

 1+ years of experience building, scaling, and optimizing ML systems  1+ years of experience with data gathering and preparation for ML models  2+ years of experience with building models  2+ years of experience developing performant, resilient, and maintainable code  Experience developing and deploying ML solutions in a public cloud such as AWS, Azure, or Google Cloud Platform  Master's or doctoral degree in computer science, electrical engineering, mathematics, or a similar field  3+ years of experience with distributed file systems or multi-node database paradigms  Contributed to open source ML software  3+ years of experience building production-ready data pipelines that feed ML models  Experience designing, implementing, and scaling complex data pipelines for ML models and evaluating their performance 

At this time, Capital One will not sponsor a new applicant for employment authorization for this position.

The minimum and maximum full-time annual salaries for this role are listed below, by location. Please note that this salary information is solely for candidates hired to perform work within one of these locations, and refers to the amount Capital One is willing to pay at the time of this posting. Salaries for part-time roles will be prorated based upon the agreed upon number of hours to be regularly worked.

New York City (Hybrid On-Site): $165,100 - $188,500 for Senior Machine Learning Engineer

Candidates hired to work in other locations will be subject to the pay range associated with that location, and the actual annualized salary amount offered to any candidate at the time of hire will be reflected solely in the candidate’s offer letter.

This role is also eligible to earn performance based incentive compensation, which may include cash bonus(es) and/or long term incentives (LTI). Incentives could be discretionary or non discretionary depending on the plan.

Capital One offers a comprehensive, competitive, and inclusive set of health, financial and other benefits that support your total well-being. Learn more at the Capital One Careers website . Eligibility varies based on full or part-time status, exempt or non-exempt status, and management level.

This role is expected to accept applications for a minimum of 5 business days.No agencies please. Capital One is an equal opportunity employer committed to diversity and inclusion in the workplace. All qualified applicants will receive consideration for employment without regard to sex (including pregnancy, childbirth or related medical conditions), race, color, age, national origin, religion, disability, genetic information, marital status, sexual orientation, gender identity, gender reassignment, citizenship, immigration status, protected veteran status, or any other basis prohibited under applicable federal, state or local law. Capital One promotes a drug-free workplace. Capital One will consider for employment qualified applicants with a criminal history in a manner consistent with the requirements of applicable laws regarding criminal background inquiries, including, to the extent applicable, Article 23-A of the New York Correction Law; San Francisco, California Police Code Article 49, Sections 4901-4920; New York City’s Fair Chance Act; Philadelphia’s Fair Criminal Records Screening Act; and other applicable federal, state, and local laws and regulations regarding criminal background inquiries.

If you have visited our website in search of information on employment opportunities or to apply for a position, and you require an accommodation, please contact Capital One Recruiting at 1-800-304-9102 or via email at RecruitingAccommodation@capitalone.com . All information you provide will be kept confidential and will be used only to the extent required to provide needed reasonable accommodations.

For technical support or questions about Capital One's recruiting process, please send an email to Careers@capitalone.com

Capital One does not provide, endorse nor guarantee and is not liable for third-party products, services, educational tools or other information available through this site.

Capital One Financial is made up of several different entities. Please note that any position posted in Canada is for Capital One Canada, any position posted in the United Kingdom is for Capital One Europe and any position posted in the Philippines is for Capital One Philippines Service Corp. (COPSSC).",,,"New York, NY",1419,6,,,Full-time,,1.7134E+12,,https://www.linkedin.com/jobs/view/3902781837/?trk=jobs_biz_prem_srch,https://dsp.prng.co/OoLqb3b,OffsiteApply,1.716E+12,,Mid-Senior level,,1.7134E+12,dsp.prng.co,0,FULL_TIME,,,,10001,36061,,,,,,,,,
3889734996,TELUS International AI Data Solutions,Online Data Analyst,"TELUS International AI-Data Solutions partners with a diverse and vibrant community to help our customers enhance their AI and machine learning models. The work of our AI Community contributes to improving technology and the digital experiences of many people around the world. Our AI Community works in our proprietary AI training platform handling all data types (text, images, audio, video and geo) across 500+ languages and dialects. We offer flexible work-from-home opportunities for people with passion for languages. The jobs are part-time, and there is no fixed schedule. Whoever you are, wherever you come from, come join our global AI community. www.telusinternational.com We are hiring freelance English & Spanish speaking Online Data Analyst’s for a project aimed at improving the content and quality of digital maps, which are used by millions of users globally. The job would suit someone who is detail-oriented, likes doing research and has a good knowledge of national and local geography.  This is a freelance position on a flexible schedule - you can work in your own time whenever work is available. You will be completing research and evaluation tasks in a web-based environment, eg verifying and comparing data, determining the relevance and accuracy of information. You will be provided with guidelines for each task, which need to be followed. The project offers a variety of tasks, and work is paid per task. 
RequirementsFull Professional Proficiency in English & SpanishYou must be living in The United States of America the last 2 consecutive yearsAbility to follow guidelines and do research online using search engines, online maps and website informationYou must have familiarity with current and historical business, media, sport, news, social media and cultural affairs in The United States of AmericaBeing open to work across a diverse set of Task Types (e.g. Maps, News, Audio tasks, Relevance)Applicants must be 18 years or over. 
Working on this project will require you to go through a standard recruitment process (including passing an open book assessment). This is a long-term project and your work will occasionally be subject to quality assurance checks. 
Why Join the TELUS International AI Community? Earn additional income with flexible hours to fit your lifestyleBetter work-life balanceBe your own bossComplimentary Well-Being package encompassing a wealth of well-being resources.Be part of an online community
PaymentRate of pay per task is inclusive of reading task guidelines. Payment will be issued in accordance with the terms of the contributor agreement upon successful completion of tasks. 
What’s next? If this sounds like a role you’d be interested in taking on, please apply below. https://telusinternational.avature.net/en_US/careers/PipelineDetail/Online-Data-Quality-Analyst-US-Spanish-Language/21403",,,"Frisco, TX",6611939,29,,,Contract,3,1.71267E+12,1,https://www.linkedin.com/jobs/view/3889734996/?trk=jobs_biz_prem_srch,https://telusinternational.avature.net/en_US/careers/PipelineDetail/Online-Data-Quality-Analyst-US-Spanish-Language/21403?source=LinkedIn,OffsiteApply,1.71526E+12,,Entry level,,1.71267E+12,,0,CONTRACT,,,,75033,,,,,,,,,,
3904950219,Dice,"Senior Staff Machine Learning Engineer, Applied Science","Dice is the leading career destination for tech experts at every stage of their careers. Our client, Pinterest, Inc., is seeking the following. Apply via Dice today!

About Pinterest:

Millions of people across the world come to Pinterest to find new ideas every day. It's where they get inspiration, dream about new possibilities and plan for what matters most. Our mission is to help those people find their inspiration and create a life they love. In your role, you'll be challenged to take on work that upholds this mission and pushes Pinterest forward. You'll grow as a person and leader in your field, all the while helping Pinners make their lives better in the positive corner of the internet.

Creating a life you love also means finding a career that celebrates the unique perspectives and experiences that you bring. As you read through the expectations of the position, consider how your skills and experiences may complement the responsibilities of the role. We encourage you to think through your relevant and transferable skills from prior experiences.

Our new progressive work model is called PinFlex, a term that's uniquely Pinterest to describe our flexible approach to living and working. Visit our PinFlex landing page to learn more.

We are looking for a highly motivated and experienced Machine Learning Engineer to join our team and help us shape the future of machine learning at Pinterest. In this role, you will tackle new challenges in machine learning that will have a real impact on the way people discover and interact with the world around them. You will collaborate with a world-class team of research scientists and engineers to develop new machine learning algorithms, systems, and applications that will bring step-function impact to the business metrics (recent publications 1, 2, 3). You will also have the opportunity to work on a variety of exciting projects in the following areas:

representation learningrecommender systemsgraph neural networknatural language processing (NLP)inclusive AIreinforcement learninguser modeling

You will also have the opportunity to mentor junior researchers and collaborate with external researchers on cutting-edge projects.

What you'll do: 

Lead cutting-edge research in machine learning and collaborate with other engineering teams to adopt the innovations into Pinterest problemsCollect, analyze, and synthesize findings from data and build intelligent data-driven modelScope and independently solve moderately complex problems; write clean, efficient, and sustainable codeUse machine learning, natural language processing, and graph analysis to solve modeling and ranking problems across growth, discovery, ads and search

What we're looking for:

Mastery of at least one systems languages (Java, C++, Python) or one ML framework (Pytorch, Tensorflow, MLFlow)Experience in research and in solving analytical problemsStrong communicator and team player. Being able to find solutions for open-ended problems8+ years working experience in the r&d or engineering teams that build large-scale ML-driven projects3+ years experience leading cross-team engineering efforts that improves user experience in productsMS/PhD in Computer Science, ML, NLP, Statistics, Information Sciences or related field

Desired skills:

Strong publication track record and industry experience in shipping machine learning solutions for large-scale challenges Cross-functional collaborator and strong communicatorComfortable solving ambiguous problems and adapting to a dynamic environment

This position is not eligible for relocation assistance.

At Pinterest we believe the workplace should be equitable, inclusive, and inspiring for every employee. In an effort to provide greater transparency, we are sharing the base salary range for this position. The position is also eligible for equity. Final salary is based on a number of factors including location, travel, relevant prior experience, or particular skills and expertise.

Information regarding the culture at Pinterest and benefits available for this position can be found here.

US based applicants only

$158,950-$327,000 USD

Our Commitment to Diversity:

Pinterest is an equal opportunity employer and makes employment decisions on the basis of merit. We want to have the best qualified people in every job. All qualified applicants will receive consideration for employment without regard to race, color, religion, sex, sexual orientation, gender identity, national origin, disability, protected veteran status, or any other characteristic under federal, state, or local law. We also consider qualified applicants regardless of criminal histories, consistent with legal requirements. If you require an accommodation during the job application process, please notify for support. Senior Staff Machine Learning Engineer, Applied Science

",,,"San Francisco, CA",6849,11,,,Full-time,2,1.7134E+12,1,https://www.linkedin.com/jobs/view/3904950219/?trk=jobs_biz_prem_srch,https://click.appcast.io/track/j7vcz0m?cs=ivj&sjg=6igi,OffsiteApply,1.71605E+12,,Mid-Senior level,,1.71345E+12,click.appcast.io,0,FULL_TIME,,,,94101,6075,,,,,,,,,
3891074608,Parallel,Senior Data Analyst,"Job Details
Role Type: Full-TimeLocation: Fully Remote (USA)Reports To: Director of EngineeringSalary: $130k-$160K 
About This RoleWe're seeking a dynamic Senior Data Analyst to drive innovation and make a meaningful impact. In this role, you'll collaborate with stakeholders across the company to unlock insights from data, driving operational excellence and enhancing business outcomes.
Seize this thrilling opportunity to:Be at the forefront of a data-centric organization, shaping the future of care for learning and thinking differences.Work on diverse projects, gaining a holistic understanding of our business and contributing to a variety of initiatives, from finance to neuropsychology.Thrive in a culture that values inclusivity, innovation, and collaboration.Play a key role in a rapidly growing company, supported by a passionate team.Continuously develop your skills and knowledge in a supportive and empowering environment.
Technology StackWe utilize the Google Cloud Platform, Python, SQL, BigQuery, and Looker Studio for data analysis and management.We ingest data from a variety of third-party tools, each providing unique insights.Our stack includes DBT and Fivetran for efficient data integration and transformation.
Key ResponsibilitiesCollaborate with teams to understand data needs and deliver tailored solutions.Analyze large sets of structured and unstructured data to identify trends and insights.Develop and maintain databases and data systems for improved data quality and accessibility.Create clear and effective data visualizations for stakeholders.Stay updated with the latest trends in data analysis and technologies.
Qualifications and Skills2-3 years of hands-on experience in data.You can distill complex data into easy to read and interpret dashboards to enable leadership / business teams to gather data insights and monitor KPIs.Solid understanding of SQL and Python, along with experience in visualization tools.Basic familiarity with Looker and BigQuery.Basic familiarity with dbt or other data warehouse modeling methods.Strong problem-solving skills and a collaborative mindset.Must be authorized to work in the US. 👋 About UsParallel is the first tech-forward provider of care for learning and thinking differences across the United States. We believe learning differences are parallel ways of thinking that should be celebrated! Our mission is to provide students with the resources and encouragement to succeed in the classroom and beyond. To us, this means helping them build confidence in their unique strengths and create strategies to work around their challenges. Parallel simplifies the process of getting support for learning differences by consolidating providers and resources on a single platform. We connect students with qualified professionals while significantly reducing waiting times, costs, and confusion. We provide a variety of services, including: Psychological Assessment & TherapyCounselingSpeech-Language TherapySpecial EducationAnd more!",,,United States,71014184,10,,,Full-time,4,1.71286E+12,1,https://www.linkedin.com/jobs/view/3891074608/?trk=jobs_biz_prem_srch,https://boards.greenhouse.io/parallellearning/jobs/4400076005,OffsiteApply,1.71546E+12,,Mid-Senior level,,1.71286E+12,,0,FULL_TIME,,,,,,,,,,,,,,
3904952791,University of Colorado,IT Business Analyst,"Who We Are:

System Administration, which also houses the Office of the President, is located in the uptown neighborhood of Denver with a few smaller offices located on the campuses. Many of our departments support the educational and research missions of the four University of Colorado campuses, but System Administration is not considered a campus. We provide diverse opportunities for professional development, innovation, and collaboration with talented staff and faculty. Learn more about CU System Administration.

The CU System Office of Advancement provides excellent customer service, strategy, expertise, and efficiency to our partners on CU’s campuses and at the University of Colorado Foundation. We support CU’s fundraising and engagement goals through advancement operations that include constituent research and development, data management, business intelligence, technical architecture, annual giving, planned giving, gift administration, marketing and communications, IT, budget and finance, and more. We believe that a healthy office culture is foundational to our success. We create this by bringing together a diverse team of colleagues and infusing our core values—Work Together, Think Big, Be Good and Have Fun—into our work every day. 

Position Summary:

The IT Business Analyst at the University of Colorado office of Advancement holds a pivotal role in driving efficiency and success within our IT operations. This position involves analyzing and translating IT-related business needs into actionable insights, functional specifications, and user stories. The role encompasses conducting thorough analysis of IT processes, collaborating with key partners to capture requirements, and ensuring seamless alignment between IT solutions and business objectives.

Additionally, the position serves as the Scrum Master for our Center of Excellence (COE) teams, guiding them through Agile methodologies and fostering a culture of collaboration and continuous improvement in the delivery of IT projects. The ideal candidate possesses a blend of strong analytical skills, IT business insight, understanding of Agile practices, and the ability to facilitate effective communication between technical and non-technical teams.

This role offers an exciting opportunity to contribute to the optimization of IT operations, drive innovation through technology solutions, and play a key part in the success and growth within our organization.

This position is exempt from the State of Colorado Classified Staff system and reports to the Senior Director of Advancement IT.

Where You Will Work:

The CU System Office of Advancement follows a “flexibility first” approach to work that defines how we manage and make use of in-person time. As a fully remote position, this role will work remotely with the exception of four separate callback weeks per year— when all our colleagues are expected to be together in the office. During callback weeks, this role is expected to work from the CU System office at 1800 Grant St. in Denver, Colorado. Any additional in-office time will be determined by the manager for this role.

Diversity and Equity:

The University of Colorado System Administration Office is committed to recruiting and supporting a diverse workforce. The university strives to promote a culture of inclusiveness, respect, communication and understanding. We encourage applications from women, ethnic minorities, persons with disabilities, persons within the LGBTQ+ community and all veterans.

Duties & Responsibilities:

Duties and responsibilities of the position include, but are not limited to:

Requirements Analysis & Delivery of IT Solutions

Conduct thorough analysis of current IT-related business processes, systems, and workflows.Collaborate with partners to gather and document IT business requirements.Translate IT business needs into functional specifications and user stories.Analyze IT data to identify trends, patterns, and insights for informed decision-making.Develop and present reports, dashboards, and visualizations for IT-related findings.Work closely with technical teams to ensure alignment between IT needs and technical solutions.Participate in the testing and validation of implemented IT solutions to ensure they meet business requirements.Act as the Scrum Master for COE teams focused on IT projects, facilitating Agile ceremonies, and fostering continuous improvement.Work with customers to examine specific use cases against vendor-delivered products, vet interpretations, document decisions, and maintain an up-to-date repository of such information.Negotiate conflicting or unprioritized requirements with partners. This may include holding meetings to deliberate on solving specific problems, identify risks and manage technology-related restrictions.Lead issue resolution and support activities with customers.

Project & Planning Participation

Coordinate and engage with multiple ongoing projects and deployed services.Ensure projects continue to meet the established objectives and business needs within the established timeframe through a continual service improvement methodology. This includes leading deployment testing, problem resolution efforts and managing relationships.Participates in university- and campus-wide IT planning efforts.

Professional Development & Proficiency Maintenance

Maintains proficiency and acquires knowledge related to the work performed by reading trade journals, attending conferences, seminars, and classes, participating in discussions with colleagues and peer institutions, and collaborating with vendors.

What We Offer:

Salary: The anticipated hiring range has been established at $78,200-$80,000.

CU System Administration takes into consideration a combination of the selected candidate’s education, training and experience as it relates to the position, as well as the position’s scope and complexity, internal pay equity and external market value when determining a salary level for potential new employees.

Benefits: With our unparalleled range of benefits, including top-notch healthcare, comprehensive wellness programs, enriching professional development, and a dynamic work-life balance, we ensure your holistic growth and happiness.

No-cost or low-cost medical & dental plan options, some inclusive of IVF assistance.Disability, Life, Vision Insurance options.Multiple retirement planning options including a mandatory 401(a) plan where CU contributes 10% of your gross pay, a 401k or 403b plan and a 457 deferred compensation plan.Pre-tax savings plans, such as Health care and Dependent care flexible spending accounts.Embrace a healthy work-life balance with ample sick and vacation leave, along with at least 12 paid holidays. This includes a dedicated week off for winter break.4 weeks of parental leave to adjust to the joys of parenthood.Tuition Benefit of 9 waived credits for eligible courses on any CU campus per academic year for employees, as well as options for your dependents.Free RTD EcoPass and Free Onsite Parking at our 1800 Grant Street Office.Many additional perks & programs with the CU Advantage.

Additional Taxable Fringe Benefits May Be Available.

For more information on benefits programs, please review our Comprehensive Benefits Guide.

Access our Total Compensation Calculator to see what your total rewards could be at CU. (This position is a University Staff position)

Qualifications:

Minimum Qualifications:

Please ensure your resume includes any and all relevant experience to be accurately assessed against these qualifications. You must meet all minimum requirements listed at the time of application to be considered for this role. 

Bachelor’s degree from an accredited institution of higher education, or equivalent professional experience (professional experience may be substituted for the educational requirement on a year-for-year basis)Three (3) years of business and/or technical analysis experience, which may include any combination of the following components:Documenting business processesGathering requirementsCreating business cases and functional specificationsWriting test plansAnalyzing and fixing software application issuesTesting software application changes
Preferred Qualifications:

Five (5) years of business or technical analysis experience, as indicated aboveExperience with the following:Salesforce Implementing an enterprise applicationField of engagement, marketing, or communicationGovernment and/or institution of higher educationProfessional certification (e.g. Certified Business Analysis Professional, Certification of Competency in Business Analysis, certified scrum master)

Knowledge, Skills, and Abilities:

To be successful in this position, employees will need to know the following:

Understanding of IT business analysis principles, methodologies, and standard processes.Proficiency in analyzing IT processes, systems, and data to derive relevant insights.Familiarity with Agile methodologies and Scrum framework in an IT context.Knowledge of data analysis tools relevant to IT, such as SQL, Excel, or similar.Understanding of project management principles and their application in IT projects.Strong analytical and problem-solving skills with attention to detail in an IT context.Superb communication and interpersonal skills to collaborate effectively across diverse IT and non-IT teams.Ability to translate IT business needs into functional specifications and user stories.Proficiency in gathering, documenting, and managing IT business requirements.Resourceful in facilitating Agile ceremonies and guiding teams through the Agile process.Ability to adapt to changing priorities in a fast-paced IT environment.Capability to lead and guide COE teams as a Scrum Master, removing impediments and fostering team collaboration.Capacity to align IT solutions with broader business objectives and strategies.Strong organizational abilities to manage multiple tasks and projects simultaneously.Interest in continuous learning and staying updated with evolving IT and Agile practices.Strong analytical and problem-solving skills with attention to detail in an IT context.Familiarity with Agile methodologies and Scrum framework in an IT context.Ability to adapt to changing priorities in a fast-paced IT environment.

How to Apply:

For full consideration, please attach the following as separate documents to your application:

 A cover letter identifying the job specific minimum qualifications you possess A resume including any and all relevant experience to be accurately assessed against the qualifications listed in the posting.

Please ensure you check the “Job Specific Attachments” box next to each document on the “Required Documents” page of the application for the appropriate documents to be attached.

When to Apply:

For full consideration completed applications must be submitted by April 24th. Reference checking is a standard step in our hiring process. You may be asked to provide contact information, including email addresses, for up to five references as part of the search process for this position. *Please note: All application materials must be submitted through CU Careers; emailed materials will not be considered.*

Sponsorship Statement:

We are unable to sponsor applicants for work visas for this position.

Background Check Statement:

The University of Colorado is committed to providing a safe and productive learning and living community. To achieve that goal, we conduct background investigations for all final applicants being considered for employment. Background investigations include a criminal history record check, and when appropriate, a financial and/or motor vehicle history. The Immigration Reform and Control Act requires that a verification of employment eligibility be documented for all new employees by the end of the third day of work. The University of Colorado is committed to diversity and equality in education and employment.

ADA Statement:

We are committed to an inclusive and barrier-free search process. We provide accommodations for applicants requesting accommodation through the search process such as alternative formats of this posting. Individuals with disabilities in need of accommodations throughout the search process should contact the ADA Coordinator at: systemhr@cu.edu.

University Staff

Job Category

Information Technology

Primary Location

Denver

Department

S0001 -- System Administration

Schedule

Full-time

Posting Date

Apr 18, 2024

Unposting Date

Ongoing

Posting Contact Name

systemhr.recruiting@cu.edu

Posting Contact Email

systemhr.recruiting@cu.edu

Position Number

00001447",80000,YEARLY,"Denver, CO",3770,12,,78200,Full-time,1,1.71345E+12,,https://www.linkedin.com/jobs/view/3904952791/?trk=jobs_biz_prem_srch,https://cu.taleo.net/careersection/2/jobdetail.ftl?src=JB-BB-10227&job=33297,OffsiteApply,1.71605E+12,,Mid-Senior level,,1.71345E+12,cu.taleo.net,0,FULL_TIME,USD,BASE_SALARY,79100,80202,8031,,,,,,,,,
3905885197,Dice,Adobe Data Engineer || Remote,"Dice is the leading career destination for tech experts at every stage of their careers. Our client, McKinsol Consulting Inc, is seeking the following. Apply via Dice today!

Title: Sr Data Engineer

Location: 100% Remote EST Time zone

Duration: 6 Months

Key Skills: AWS, Spark, Adobe Analytics/AEP(Adobe Experience Platform) platform experience, Glue, Lamda, Python, Scala, EMR, Talend, PostgreSQL, Redshift

 Configure AEP to get the data set needed and then use spark (AWS glue ) to load data in the data lake Evaluate new use cases and design ETL technical solutions to meet requirements Develop ETL solutions to meet complex use cases

Adobe Data Engineer || Remote",,,United States,6849,3,,,Full-time,,1.71348E+12,1,https://www.linkedin.com/jobs/view/3905885197/?trk=jobs_biz_prem_srch,https://click.appcast.io/track/j8dyln4?cs=ivj&sjg=6ijf,OffsiteApply,1.71613E+12,,Entry level,,1.71354E+12,click.appcast.io,0,FULL_TIME,,,,,,,,,,,,,,
3901393644,DataAnnotation,Data Analyst,"DataAnnotation is committed to creating quality AI. Join our team to help train AI chatbots while gaining the flexibility of remote work and choosing your own schedule. 
We are looking for a proficient Data Analyst to join our team to train our AI chatbots. You will work with the chatbots that we are building in order to measure their progress, as well as write and evaluate code.
In this role you will need to be proficient in at least one programming language (Python, JavaScript, HTML, C++, C# and SQL) and able to solve coding problems (think LeetCode, HackerRank, etc). For each coding problem, you must be able to explain how your solution solves the problem.
Benefits:
This is a full-time or part-time REMOTE positionYou’ll be able to choose which projects you want to work onYou can work on your own scheduleProjects are paid hourly, starting at $40+ USD per hour, with bonuses for high-quality and high-volume work
Responsibilities:
Come up with diverse problems and solutions for a coding chatbotWrite high-quality answers and code snippetsEvaluate code quality produced by AI models for correctness and performance
Qualifications:
Fluency in English (native or bilingual)Proficient in at least one programming language (Python, JavaScript, HTML, C++, C# and SQL)Excellent writing and grammar skillsA bachelor's degree (completed or in progress)
Note: Data Annotation payment is made via PayPal. We will never ask for any money from you. PayPal will handle any currency conversions from USD.",,,"Santa Clara, CA",96139831,2,,,Contract,1,1.71346E+12,1,https://www.linkedin.com/jobs/view/3901393644/?trk=jobs_biz_prem_srch,https://app.dataannotation.tech/worker_signup?projects=PROG_SA&worker_src=L&utm_medium=display&utm_source=linkedin&utm_campaign=softwaredeveloper,OffsiteApply,1.71606E+12,,,,1.71346E+12,,0,CONTRACT,,,,95050,6085,,,,,,,,,
3884435023,TeamSoft,Senior Business Systems Analyst,"TeamSoft IT Solution’s client is looking for a direct hire IT Business Systems Analyst III!
Summary: Develops and maintains a working relationship and understanding of business operations and system interfaces throughout the company.Serves as the primary liaison between IT and assigned business functional areas.Facilitates requirements gathering, specification development, test plan development, and execution through interviews, workflow analysis, and/or discussions with others.Leads discussions in evaluating business needs, research and perform impact analysis of new requirements or changes.Gathers, analyzes, and reports on data to identify issues, trends, or exceptions to drive improvement of results and architect business solutions that leverage ERP capabilities.Documents business processes and/or system functionality. Develops and maintains the corporate knowledge base for ERP and ancillary applications and associated environments.Serves as an expert on the functional configuration, capabilities, and usage of the company ERP system.
IT Business Systems Analyst III Qualifications: Bachelor of Science in Computer Science or related field. Equivalent experience will be considered.6 years of professional working experience as a Business Systems Analyst.5 years of experience supporting modern ERP and IT applications; defining and mapping business processes and understanding integration between various applications.Proven project management experience.",115000,YEARLY,"Downers Grove, IL",53255,5,,110000,Full-time,,1.71235E+12,,https://www.linkedin.com/jobs/view/3884435023/?trk=jobs_biz_prem_srch,,ComplexOnsiteApply,1.71494E+12,,Mid-Senior level,,1.71235E+12,,0,FULL_TIME,USD,BASE_SALARY,112500,60515,17043,,,,,,,,,
3906078059,hackajob,Business Director of Advanced Analytics,"hackajob has partnered with a pharmaceutical company looking for a motivated Business Director of Advanced Analytics (AA) responsible for leading the company’s business performance by utilizing advanced analytic techniques and big data sources to identify opportunities and risks for the brands and support the execution of the company’s vision and goals.
The role: Business Director of Advanced AnalyticsLocation: Hybrid in Durham, NCEmployment type: Full time permanent
Offer: up to $223k yr. (depending on experience) + benefits package
Qualifications:Bachelor's or Master’s degree in Data Analytics, Statistics, Mathematics, Marketing or Life SciencesExtensive experience (8+ years) in analytics, preferably within the pharmaceutical/ biopharma or life sciences industry, with a demonstrated track record of success in leveraging data to drive business outcomes.Strong leadership and managerial skills, with the ability to inspire and motivate a team towards achieving common goals.Proficiency in statistical analysis, data manipulation, and programming languages such as SQL, Python, R, or SAS.Experience working with diverse set of stakeholders to achieve meaningful outcomes that create business impactExcellent communication and presentation skills, with the ability to convey complex analytical findings in a clear and concise manner to both technical and non-technical audiences.Strong business acumen and strategic thinking, with the ability to translate analytical insights into actionable recommendations that drive business growth and competitive advantage.Familiarity with pharmaceutical industry dynamics, market trends, regulatory landscape, and compliance requirements is a plus.
If you're interested in finding out more about this fantastic opportunity, please get your application in and we can arrange a call. hackajob is a recruitment platform that will match you with relevant roles based on your preferences and in order to be matched with the roles you need to create an account withus.
*This role requires you to be based in the US*",,,"Durham, NC",5396873,5,,,Full-time,,1.71355E+12,,https://www.linkedin.com/jobs/view/3906078059/?trk=jobs_biz_prem_srch,https://hackajob.co/talent/discover?utm_source=LinkedIn&utm_medium=JobAds&utm_campaign=Danielle,OffsiteApply,1.71614E+12,,Director,,1.71355E+12,,0,FULL_TIME,,,,27701,37063,,,,,,,,,
3903835855,Riverbed Technology,Senior AI Engineer,"Riverbed transforms data into actionable insights and accelerates performance so organizations can deliver a seamless digital experience and drive enterprise performance. Riverbed is the only company with the collective richness of telemetry from network to app to end user, that illuminates and then accelerates every digital interaction. Riverbed offers two industry-leading portfolios: Riverbed Observability, a full-stack Observability portfolio that unifies data, insights, and actions across IT, so customers can deliver seamless, secure digital experiences; and Riverbed Acceleration, providing fast, agile, secure acceleration of any app, over any network, to users anywhere.

Together with our thousands of partners, and market-leading customers globally – including 95% of the FORTUNE 100 –, we empower every click, every digital experience.

 Position 

 Job Title:  Senior AI Engineer

 Location Preference:  Greater Boston MA; Greater Raleigh/Durham, NC; Greater Dallas, TX

Do you want to be at the forefront of Big Data and AI innovation? Do you thrive on tackling complex problems with intelligent solutions at 100-Petabyte Enterprise scale? Do you have a passion for delivering those solutions to production services? If so, then this AI Engineer role is for you!

We are looking for a talented and passionate AI Engineer to join our team and play a key role in developing and deploying cutting-edge AI solutions. You will be responsible for the AI lifecycle, from working with the Data Science team designing and building models to implementing production services including testing, deployment, and monitoring of AI solutions in a production SaaS environment.

What You Will Do

 AI service Design and Develop:  Design, develop, and implement AI services, algorithms, and machine learning models.  Train, test, and evaluate those services and models to ensure accuracy, efficiency, and scalability.  Deployment and Integration:  Develop and maintain service(s) and infrastructure that provide interfaces for integrating with AI solutions.  Monitor and maintain AI solutions in production, identifying and resolving any issues.  Data Pipeline Management:  Work as part of the engineering team to create robust data pipelines that feed curated data into AI models. Ensure data quality, reliability, and security.  Improvement & Growth:  Stay up-to-date on the latest advancements in AI and machine learning research.  Collaboration:  Collaborate with cross-functional teams (data science, engineers, product managers, solutions engineers) to ensure successful integration of AI solutions.  Communicate complex technical concepts clearly and concisely to both technical and non-technical audiences. 

What Makes You An Ideal Candidate

 Bachelors or Master's degree in Computer Science, Artificial Intelligence, Engineering, or a related field (or equivalent experience).  Strong understanding of machine learning algorithms (deep learning, reinforcement learning, etc.).  Strong understanding of Natural Language Processing (NLP) and use of Generative AI  Strong programming skills in a microservices structure. (C# .NET preferred)  Familiarity with SaaS architecture, microservices and RESTful APIs.  Experience working in Cloud platforms (eg. Azure, AWS, GCP).  Proven experience in developing and deploying AI models (ideally with experience in Python).  Experience working with big data frameworks (Spark, DataBricks, etc.) is a plus.  Excellent analytical and problem-solving skills.  Strong communication and collaboration skills.  Ability to work independently and as part of a team. 

What We Offer

Our employee benefits including flexible workplace policies, employee resource groups, learning and development resources, career progression pathways, and community engagement initiatives are some of the reasons why we have had great success in bringing in new talent. In addition, our global employee wellness programs are crafted to support the physical, emotional, and financial well-being of our employees.

Benefits & Perks vary by Country.

About Riverbed

With a 20-year history of innovation, Riverbed is agile, yet proven, and we are disrupting the market with differentiated solutions that enable our customers to deliver secure, seamless digital experiences and accelerate enterprise performance While we are a ‘customer-first’ company, we are all about our people with a shared commitment to creating a global impact. We bring our best selves to work and pursue excellence, trust, and respect for one another. We welcome diversity and value and encourage transparency and open communication throughout the company. We strive to be an inclusive, fair, and enjoyable workplace for our people globally and care about their wellbeing. We are committed to our people, partners, and customers while supporting the communities where we work and live. It’s the Power of WE that binds us together.

We want people of all backgrounds to see themselves represented and included in our work, so we actively seek to diversify our team and bring more voices to the table. We understand that when people can be themselves, more is possible. We would love to have more people on board to join us on our journey to be better every day! So, come speak with us about career possibilities at Riverbed.

Riverbed is an equal employment opportunity/Affirmative Action (EEO/AA) employer and provides equal employment opportunities (EEO) to all employees and applicants for employment without regard to race, color, religion, sex, gender, sexual orientation, gender identity or expression, national origin, age, physical disability (including HIV and AIDS), mental disability, medical condition, pregnancy or child birth (including breast feeding), sexual orientation, genetics, genetic information, marital status, veteran status or any other basis protected by and in accordance with applicable federal, state and local laws.

Riverbed encourages all of its U.S. employees to be fully vaccinated for COVID-19, but does not presently require its U.S. employees to be fully vaccinated unless such vaccination is required by applicable law or the duties of the specific position. If a specific position requires an employee to be fully vaccinated because of either applicable law or the duties of the position, then the offer of employment will be expressly conditioned on the individual being fully vaccinated for COVID-19 on or prior to their start date and providing proof of such vaccination unless the individual is legally exempt.

Check us out on:

www.riverbed.com

@LifeAtRiverbed

 Tags 

#-LI-Remote

",,,"North Carolina, United States",7796,5,,,Full-time,,1.71348E+12,1,https://www.linkedin.com/jobs/view/3903835855/?trk=jobs_biz_prem_srch,https://careers-riverbed.icims.com/jobs/7425/senior-ai-engineer/job?iis=linkedin&iisn=linkedin&mode=job,OffsiteApply,1.71607E+12,,Mid-Senior level,,1.71348E+12,careers-riverbed.icims.com,0,FULL_TIME,,,,,,,,,,,,,,
3887104313,Selby Jennings,"Senior Data Engineer (Azure, Python, SQL)","Overview: Our client, one of Boston's longest tenured private asset managers, is looking for a motivated Senior Data Engineer to join their Enterprise Data team to develop and support critical data processing and warehousing applicationsResponsibilities:Designing and implementing Python and SQL solutionsProficiency with data collection, data wrangling, visualizations, and ETL.Migrating existing systems to the cloudImplementing best practices in data modeling and access patterns for cost-efficiency and high performanceMaintaining an Azure Synapse Enterprise Data WarehouseQualifications:2-5 YOE in programming with SQL and PythonExperience and/or passion for working in financial servicesFamiliarity with enterprise applicationsBachelor’s Degree in Computer ScienceValue Added (but not required):Experience with Azure data platforms (Synapse, SQL Database, Data Factory and Data Lake)Experience working with data (files, rest APIs, databases) in PythonNo C2C at this time!",,,"Boston, MA",106584,52,,,Full-time,27,1.71267E+12,,https://www.linkedin.com/jobs/view/3887104313/?trk=jobs_biz_prem_srch,,ComplexOnsiteApply,1.71526E+12,,Mid-Senior level,,1.71267E+12,,0,FULL_TIME,,,,2108,25025,,,,,,,,,
3901353172,Sumeru Inc,Lead Data Engineer,"• Your role will actively lead the Data Operations Team, in maintaining & operating the data platform capabilities & ensuring smooth and efficient operations.• Has an inclination for cost optimizations, process automations & improvements, study the system to identify gaps & close.• Identifying & Monitoring major Operational KPIs; Assess current operational maturity and advancing to the next level.• You will play a critical role in ensuring the smooth and efficient operations of data management and analytics processes within the organization, overseeing data operations, implementing frameworks & standards, and providing continuous improvement in data[1]related workflows.• Oversee the day-to-day operations including monitoring, data ingestion, regular checks for issues, anomalies, and bottlenecks & issue resolution.• Support the team to take the capabilities of the platforms and put them into an operational practice.• Collaborate with cross-functional teams, including data engineers, data scientists, business analysts, and IT teams, to understand data requirements and ensure data operations meet business needs. • Collaborate with the data engineering team to optimize data workflows and ensure efficient data operations.• Implement monitoring systems and processes to track the performance and observability of data.• Identify bottlenecks, and proactively address performance issues to ensure high availability and responsiveness.• Lead data incident management processes, including data outages, breaches, or data[1]related disruptions.• Evaluate, select, and implement data management tools and infrastructure that support efficient data operations if need be.• Identify opportunities for innovation and promote initiatives to enhance the data platform’s capabilities and efficiency.• Create and maintain comprehensive documentation (Runbooks), including data operation processes, standard operating procedures, and best practices.• Leader who should drive things (taking the lead with minimal / no hand holding). Mentor & monitor the team members.• Stay up to date with emerging cloud technologies and best practices in data management and operations to enhance data capabilities.• Should be familiar with onshore-offshore Ops support model - L1, L2, L3 levels, Pager duty process experience & know-how, Ops KPI''s, SLA''s, handling of critical pagers/alerts, downtimes, experience with monitoring infrastructure tools (APM tools), process of handling an incident / failure / outage incl. communication & escalation path & plan till taking it to a closure.• Ensure Accountability, Adherence to process/SoP's, standards and communication. • Delivery (quality, on-time & velocity), Ensure Ingestion deployments without any bugs/issues.• Keeping runbooks updated | Standardizing documentation & continuous updates it every month.• Having an eye on Prod deployment KPI’s.• Always keep in mind about Cost (AWS/Snowflake) in terms of new deployments or Sunsetting unused services/Objects.• A mindset focused on continuous improvement involves constantly seeking ways to enhance operational processes and outcomes.• Attention to Detail Having a keen eye for detail to identify potential operational inefficiencies, mitigate risks, and maintain quality standards.• Perform quality controls and monitor production Key Performance Indicators (KPIs) to ensure consistent, high-quality output. Qualifications:• 15+ years of experience in Data and Analytics in various roles where you have demonstrated the ability to collect, organize, analyse, and disseminate information.• 5+ years of experience in leading Data Engg Operations Teams; experience in handling and leading teams,• Extensive experience in data engineering operations, data management, or related roles• Experience with data monitoring and performance optimization techniques.• Good knowledge of cloud platforms, AWS and related services for data storage, data processing, and infrastructure provisioning. 
",,,"Atlanta, GA",9901130,176,,,Contract,54,1.71345E+12,,https://www.linkedin.com/jobs/view/3901353172/?trk=jobs_biz_prem_srch,,ComplexOnsiteApply,1.71604E+12,,,,1.71345E+12,,0,CONTRACT,,,,30303,13121,,,,,,,,,
3904955360,Motion Recruitment,Support Data Engineer,"Grow your career as a Support Data Engineer with an innovative global bank in Tampa, FL. Contract role with strong possibility of extension. Will require working a hybrid schedule 2-3 days onsite per week.

Join one of the world's most renowned global banks and trusted brand with over 200 years of continuously evolving financial services worldwide. Will help provide application support, monitor dashboards, data quality exception reports, investigate and resolve data issues, coordinate resolution of data problems in upstream systems and executing solutions such as data quality reporting as well as automation of data quality monitoring and resolution. You will work alongside some of the smartest minds in the industry who are excited to share their knowledge and to learn from you.

Contract Duration: 6+ Months

Required Skills & Experience

4+ years of experience as a Data Engineer. Experience in automation, data management, data quality, financial or regulatory reporting. Strong experience with relational and non-relational data stores. Experience using ETL/ELT tools like Ab Initio, Informatica, and DataStage. Experience writing Python. Understand database performance concepts like indices, segmentation, projections, and partitions. Shell scripting in Unix environment. 

What You Will Be Doing

Support data warehouse batch and drive continuous optimization and improvement. Identify and implement process improvements: infrastructure that scales, automating manual processes, etc. Take ownership of the various tasks that will allow to maintain high-quality data; ingestion, validation, transformation, enrichment, mapping, storage, etc. Improve observability across the data infrastructure to ensure data quality from raw sources to downstream systems. Collaborate with the teams to deploy and support reliable, scalable tooling for analysis and experimentation. Collaborate with the dev teams to anticipate and support changes to the data. 

Posted By: Melissa Klein",,,"Tampa, FL",5887,226,,,Contract,88,1.71345E+12,,https://www.linkedin.com/jobs/view/3904955360/?trk=jobs_biz_prem_srch,https://motionrecruitment.com/tech-jobs/tampa/contract/support-data-engineer/735898?utm_source=linkedin&utm_medium=feed&utm_campaign=paid-20210428,OffsiteApply,1.71605E+12,,Mid-Senior level,,1.71345E+12,motionrecruitment.com,0,CONTRACT,,,,33602,12057,,,,,,,,,
3905611091,FreeWheel,Sr Machine Learning Engineer,"FreeWheel, a Comcast company, provides comprehensive ad platforms for publishers, advertisers, and media buyers. Powered by premium video content, robust data, and advanced technology, we’re making it easier for buyers and sellers to transact across all screens, data types, and sales channels. As a global company, we have offices in nine countries and can insert advertisements around the world.

Job Summary

Responsible for identifying complex problems and developing and deploying novel prototypes and algorithms to solve them. Improves accuracy and functionality of algorithms and understands the overall implications of the entire machine learning frameworks. Translates application requirements into problem statements. Analyzes and evaluates solutions both internally generated as well as third party supplied. Develops novel ways to solve problems and discover new products. Provide guidance and leadership to more junior researchers. Integrates knowledge of business and functional priorities. Acts as a key contributor in a complex and crucial environment. May lead teams or projects and shares expertise.

Job Description

Core Responsibilities

Guides the successful completion of programs that identify patterns and make decisions with minimal human intervention. Determines the technical objectives of an assignment. Leads the design of prototypes, partnering with the product team and other stakeholders through development. Conducts studies to support product or application development.Designs and implements end-to-end solutions using optimization and other advanced computer science technologies and owns live deployments. Aggregates huge amounts of data and information from large numbers of sources to discover patterns and features necessary to automate analytical models.Researches, writes and edits documentation and technical requirements, including evaluation plans, confluence pages, white papers, presentations, test results, technical manuals, formal recommendations and reports. Contributes to the company by creating patents, Application Programming Interfaces (APIs) and other intellectual property.Presents papers and/or attends conferences, as well as displaying leadership in these areas.Tests and evaluates solutions presented to the Company by various internal and external partners and vendors. Completes case studies, testing and reporting.Collaborates with teams outside of immediate work group. Represents the work team in providing solutions to technical issues associated with assigned projects.Mentor a diverse team of junior engineers in machine learning techniques, tools and concepts. Provides guidance and leadership to more junior engineers.Consistent exercise of independent judgment and discretion in matters of significance.Regular, consistent and punctual attendance. Must be able to work nights and weekends, variable schedule(s) and overtime as necessary.Other duties and responsibilities as assigned.

Employees At All Levels Are Expected To

Understand our Operating Principles; make them the guidelines for how you do your job.Own the customer experience - think and act in ways that put our customers first, give them seamless digital options at every touchpoint, and make them promoters of our products and services.Know your stuff - be enthusiastic learners, users and advocates of our game-changing technology, products and services, especially our digital tools and experiences.Win as a team - make big things happen by working together and being open to new ideas.Be an active part of the Net Promoter System - a way of working that brings more employee and customer feedback into the company - by joining huddles, making call backs and helping us elevate opportunities to do better for our customers.Drive results and growth.Respect and promote inclusion & diversity.Do what's right for each other, our customers, investors and our communities.

Disclaimer

This information has been designed to indicate the general nature and level of work performed by employees in this role. It is not designed to contain or be interpreted as a comprehensive inventory of all duties, responsibilities and qualifications.

Comcast is proud to be an equal opportunity workplace. We will consider all qualified applicants for employment without regard to race, color, religion, age, sex, sexual orientation, gender identity, national origin, disability, veteran status, genetic information, or any other basis protected by applicable law.

Education

Bachelor's Degree

While possessing the stated degree is preferred, Comcast also may consider applicants who hold some combination of coursework and experience, or who have extensive related professional experience.

Relevant Work Experience

5-7 Years",,,"Reston, VA",458871,3,,,Full-time,,1.7135E+12,,https://www.linkedin.com/jobs/view/3905611091/?trk=jobs_biz_prem_srch,https://jobs.comcast.com/jobs/description?external_or_internal=External&job_id=R386490&source=linkedin_orga_jobs_at,OffsiteApply,1.7161E+12,,Mid-Senior level,,1.71351E+12,jobs.comcast.com,0,FULL_TIME,,,,20190,,,,,,,,,,
3903870462,Central Point Partners,"Data Science Reporting Analyst  in Columbus, OH","Title: Data Science Reporting Analyst / Business Analyst (IT): II (Intermediate)JobID #: 5979  Company: Huntington National Bank  Position Type: Contract (6 months with potential extensions)Location: Columbus, OH, United States  Hybrid role (3 days onsite, 2 days remote in Bank’s Columbus office location)
Job Description
This individual will support providing transparency and visibility to key data and analysis supporting the Value Management Office (VMO) and delivery teams. They will play a key role in helping define the metrics and measurement of overall delivery effectiveness and end to end flow of work. They will help define data capture requirements, analyze patterns and trends, synthesize information into dashboards or presentations that convey insights and recommendations through storytelling, while maintaining a balance between the big picture and mastery of details.
The Team:The Value Management Office (VMO) is responsible for helping drive a value-focused transformation across Huntington. The VMO includes the following functions:Working in direct partnership with our Finance and Strategy team to mature to an outcome driven organization.Driving the adoption of agile practices and standardsSupporting continuous prioritization of initiative in partnership with business partnersSupporting value tracking, IT execution alignment, and delivery flowDriving the continued evolution of our operational processes, training, coaching and communicationsProviding visibility through the development of reporting and analysis
Basic Qualifications: Master's degree in Decision Sciences, Statistics, Applied Mathematics, Engineering, Computer Science or Information Systems, Operations Research, or a STEM degree In lieu of a Master's Degree OR Bachelor's degree with a minimum of 3 years work experience in analytics or data science 
Preferred Qualifications: Understanding of IT project execution and delivery including agile delivery best practices, concepts and measure of success. Experienced at leveraging both structured and unstructured data sources. Willingness and ability to learn new technologies on the job.Demonstrated ability to communicate complex results to technical and non-technical audiences. Developing and applying statistical or machine learning methods in a corporate environment through applications such as R, Python, or SAS Business intelligence and data mining tools such as BusinessObjects, MicroStrategy, Tableau and Tableau Server, Alteryx, or SAS Enterprise Guide/Miner Programming languages Java or C++ in a data mining context Building web-based applications using HTML, CSS, Perl, and JavaScript Financial Services background
Job Responsibilities:Work with stakeholders to ensure that needs are clearly understood and that services meet those needs.Synthesize data from our analytics tools into actionable insights. Clearly communicate these recommendations to internal stakeholders and senior leadershipActively participate in cross-functional initiatives, collaborating with team members to measure success.Ability to quickly grasp complex technical concepts and make them easily understandable through various communication mediums like visualizations and presentations.Create compelling, intuitive dashboards to enable the business with critical metrics, with a focus on data automation, anomaly detection, and actionable data visualizations.Apply visualization techniques to internal and external data sources to make accurate and actionable analyses in a timely fashion.Be a partner in the building of KPIs and metrics that help to gauge the health and success of our initiatives.Create self-service dashboards for internal business partners to learn, understand, have access to, and derive insights from data, metrics, and KPIs.Apply automation techniques to manual processes to create efficiency, improve accuracy, and build upon successes that create a suite of self-service assets.",,,"Columbus, OH",9487758,1,,,Contract,,1.71349E+12,,https://www.linkedin.com/jobs/view/3903870462/?trk=jobs_biz_prem_srch,,ComplexOnsiteApply,1.71608E+12,,Mid-Senior level,,1.71349E+12,,0,CONTRACT,,,,43085,39049,,,,,,,,,
3903435357,"DataStaff, Inc.",Business Analyst,"DataStaff, Inc. is seeking a Business Analyst for a long-term contract opportunity with one of our direct clients in Des Moines, IA
*This position is hybrid, 2 days per week will be onsite
Responsibilities:Be part of a talented software team that works on mission-critical applications using Agile methodologies.The project aims to modernize the UI Tax system by re-architecting its components to industry leading architecture and frameworks, with the goal of providing better service to both the agency staff and the end-users while positioning the agency for future technological improvements.Responsible for preparing gathering and validating requirements, preparing requirement and process mapping documentation, and facilitating requirements sessions with business stakeholders and leadership.The ideal candidate is a leader and strong team contributor who is eager to learn and develop their craft as a software professional and will find great satisfaction in the patient pursuit of excellence.
Required Skills:10 Years - Involvement in prior technology implementations10 Years - Leading requirements gathering and validation with staff10 Years - Developing requirements documentation - Use Cases10 Years - Testing system functionality against requirements and specifications.10 Years - Training staff on system functionality as developed.10 Years - General technical assistance10 Years - Experience documenting end to end processes10 Years - Background in Finance/Financial projects10 Years - Experience mapping and documenting process flows5 Years - Experience using Atlassian Suite - Jira, Confluence, etc.
This opportunity is available on a corp-to-corp basis or as a W2 position with a competitive benefits package. DataStaff, Inc. offers medical, dental, and vision coverage options as well as paid vacation, sick, and holiday leave. As many of our opportunities are long-term, we also have a 401k program available for employees after 6 months.",,,"Des Moines, IA",2283870,141,,,Contract,29,1.71345E+12,,https://www.linkedin.com/jobs/view/3903435357/?trk=jobs_biz_prem_srch,,ComplexOnsiteApply,1.71604E+12,,Mid-Senior level,,1.71345E+12,,0,CONTRACT,,,,50307,19153,,,,,,,,,
3904388514,Health Care Service Corporation,Data Analyst,"At HCSC, we consider our employees the cornerstone of our business and the foundation to our success. We enable employees to craft their career with curated development plans that set their learning path to a rewarding and fulfilling career.

Come join us and be part of a purpose driven company who is invested in your future!

Job Summary

BASIC FUNCTION:

This position is responsible for designing operational and client reports for Utilization and Medical Quality Management division; coordinating data transmission processes; conducting tests on data extracts and reports; performing data analysis; and making recommendations for process improvements.

This is a Flex position (in the office 3 days a week)**Office location for this position can be in Albuquerque, NM or Chicago, IL or Richardson, TX**

Required Job Qualifications:

Bachelor Degree in Math or Data Information Systems OR 4 years experience in data analysis/reporting.2 years experience in data analysis and/or preparing database reports.2 years experience in MS Access and MS Excel.Experience analyzing and preparing recommendations on process improvement.Project management experience.Systems database testing experience.Verbal and written communications skills to interact with internal customers, management and vendors.Analytical, organizational and planning skills.

Preferred Job Qualifications:

Experience in the healthcare data.Experience with creating pivot tables.Power BI experience.Experience with statistical software .

Are you being referred to one of our roles? If so, ask your connection at HCSC about our Employee Referral process!

HCSC Employment Statement:

HCSC is committed to diversity in the workplace and to providing equal opportunity and affirmative action to employees and applicants. We are an Equal Opportunity Employment / Affirmative Action employer dedicated to workforce diversity and a drug-free and smoke-free workplace. Drug screening and background investigation are required, as allowed by law. All qualified applicants will receive consideration for employment without regard to race, color, religion, sex, sexual orientation, gender identity, national origin, disability, or protected veteran status.",,,"Richardson, TX",1075434,10,,,Full-time,3,1.71339E+12,,https://www.linkedin.com/jobs/view/3904388514/?trk=jobs_biz_prem_srch,https://hcsc.wd1.myworkdayjobs.com/HCSC_External/job/TX---Richardson/Data-Analyst_R0030391-1?eresc=LinkedIn,OffsiteApply,1.71599E+12,,,,1.71339E+12,hcsc.wd1.myworkdayjobs.com,0,FULL_TIME,,,,75080,48113,,,,,,,,,
3894947661,Complete Staffing Solutions,Business Analyst,"Requirements

 Data analysis – Must have proficiency with SQL, Microsoft Excel and other applicable software Experience in connecting training and enablement activities to business impact. Experience in developing standardized measurement/KPI Experience in merging and analyzing disjointed data sources to formulate actionable insights. Experience working in a data-driven decision-making environment, leveraging industry standard KPIs to measure and improve performance Have a track-record of leading strategic analytics initiatives, ability to navigate strategic and tactical challenges, work in ambiguity, strong sales and general business acumen, and capacity to lead several key initiatives in parallel, working with large, extended and cross functional teams

Preferred Background/qualification

 Bachelor’s or Master’s degree in Engineering, Computer Science or Business Administration 2-5 years of experience in large scale data management and in analytics Experience extracting insights from data Communicating and presenting key findings to product teams. Experience in SQL scripting, data manipulation, data analysis, data modeling, generating business insights, defining and measuring performance metrics basis statistical modeling Excellent verbal and written communication skills, including the ability to communicate complex findings in a structured and clear manner to a non-technical audience. Excellent interpersonal and communication skills & analytical skills

Responsibilities

 Develop and maintain SOPs for internal and external partners. Ensure strategic and operational alignment between all critical business systems and their user communities Support defining of KPIs and develop reporting to track metrics across activities to measure the health of the business, risk areas and impact of improvement initiatives Act as the primary global POC for data and measurements integrity. The business analyst will be responsible for the creation & roll-out of a globally consistent measurement framework, to measure training activity metrics, business impact metrics, and ROI of partner training / enablement programs. Build the global measurement dashboard, based on above framework, and lead all data collection workflows Provide project level analysis – producing required project analysis documentation (business requirements, scope matrix, use cases, sequence diagrams & future state proposals) Collaborate closely with developers to implement the requirements, provide necessary guidance to testers during QA process Identify improvement opportunities Create and maintain project schedules by developing project plans and specifications, estimating time and resources, monitoring milestone completion, tracking all phases of the project lifecycle, providing timely reporting of issues that impact project progress, coordinating actions and resolving conflicts Predict risk basis data analysis and provide observations/next steps to mitigate the risk

Job Description

 Drive change management and collaboratively work with multiple stakeholders across departments

Skills & Proficiencies

 Data Mining & Visualization Project Management tools

The post Business Analyst appeared first on Complete Staffing Solutions.",170000,YEARLY,"New York, NY",1457175,5,,170000,Full-time,,1.71286E+12,,https://www.linkedin.com/jobs/view/3894947661/?trk=jobs_biz_prem_srch,https://completestaffingsolutions.com/jobopenings/business-analyst-22390/?utm_source=linkedin&utm_medium=Feed&utm_campaign=Aggregator,OffsiteApply,1.71545E+12,,Mid-Senior level,,1.71286E+12,completestaffingsolutions.com,0,FULL_TIME,USD,BASE_SALARY,170000,10001,36061,,,,,,,,,
3902351966,V2Soft,Data Engineer,"Role: Data Engineer - HYBRIDType: Contract Location: Auburn Hills, MI 
Job Description:Product Support is the primary quality liaison group between the factories. The primary role of the Data Engineer position is to design, construct, test and maintain data sources for deeper analysis. Additionally, the Data Engineer will be responsible for monitoring/improving work processes and developing and maintaining Python-based reporting functions. Years of Experience:2+ years Python programming experience Description:Data Engineering (50%)• Obtain and manage a sufficient set of usable data from multiple sources, including manipulating noisy and irregular data to produce clean datasets• Identify, design, and implement internal process improvements: data discovery, automating manual processes, optimizing data delivery, re-designing infrastructure for greater scalability, etc• Assemble and maintain large, complex data sets that meet functional / non-functional business requirements.• Enhance the data infrastructure framework by evaluating new and existing technologies and techniques to create efficient processes around data extraction, aggregation, and analytics• Establish and maintain standards and guidelines for the design, development, tuning, deployment, and maintenance of information and advanced data analytics• Work with IT&S to assist with data-related technical issues and ensure data architecture will support the business requirements.• Actively participate in knowledge sharing sessions, code and design reviews etc. Reporting Functions (30%)• Develop Python-based tools and reports to improve data understanding and effiencies for multiple groups within Aftersales• Develop method(s) for connecting data sources for deeper data understanding, analysis and reporting Collaboration and Support (20%)• Work closely with Data Scientists and Analysts to understand business needs and grow data understanding and analytics within Aftersales• Collaborate with other teams within VW/Audi Aftersales to create synergies within groups to improve efficiencies• Support data requests from management, and the creation of special reports within Aftersales Required• Solid understanding of statistical modelling, predictive analysis, and data mining• Hands-on experience with Python and relevant packages• Demonstrated IT/Systems/Database background• Strong analytical skills• High self-organizing skills• Strong proficiency with the Microsoft Office Suite• Excellent interpersonal and communication skills• Ability to understand and communicate complex quantitative analysis in a clear, precise, and actionable manner Desired• Automotive technical knowledge/experience• Working knowledge of automotive warranty systems and processes• Proficiency with data extraction tools such as SQL, Business Objects, Cognos, etc. Education• Bachelor’s degree in information technology, Computer Science, Applied Math, Statistics, Data Analytics, Data Science, or a related field",,,"Auburn Hills, MI",696534,28,,,Contract,12,1.71354E+12,,https://www.linkedin.com/jobs/view/3902351966/?trk=jobs_biz_prem_srch,,SimpleOnsiteApply,1.71613E+12,,,,1.71354E+12,,0,CONTRACT,,,,48326,,,,,,,,,,
3887490958,CGI,Business Analyst Communications Consultant,"Position Description

This is an exciting opportunity to work in a growing company with great benefits. This will be a client-facing role. The work will be primarily remote; however, we will travel to client-site from time to time. If you are looking for an opportunity to learn and grow, this is it.

CGI is seeking talented Business Analysts to join our dynamic team. You will be instrumental in building and communicating business processes to our clients. Your attention to detail and positive attitude will be highly valued in this high-profile position. If you are great with juggling different tasks and like working with smart, talented people, this is the place for you!

Your future duties and responsibilities

 Provide external (client) communication support for the CGI Service Delivery Leads to help solve complex client business processes and problems;. Analyze complex client processes and business problems; identifying alternative solutions and/or assisting clients to understand gaps in business functions/processes typically served by technology. Facilitate sessions/meetings with client lines of businesses or CGI Service Delivery Leads to obtain requirements for processes to be developed and / or maintained. Develop and/or contribute to policies, training materials, process documents, standard operating procedures, and other external (client) communications Performs non-routine and complex assignments with little guidance regarding review. Improve our client-facing materials with each communication. Participate in project status meetings, internally and with the client. Escalate appropriately critical unresolved issues, including recommendations for resolution.

Required Qualifications To Be Successful In This Role

 Strong sense of ownership and ability to drive tasks through to completion. Demonstrate the ability to provide information and ideas in a clear, comprehensive, concise, and organized manner. Demonstrated ability to consistently meet deadlines on time and able to balance multiple deliverables at once. Excellent analytical and problem-solving skills. Demonstrated ability to quickly acquire extensive subject matter expertise.

CGI is required by law in some jurisdictions to include a reasonable estimate of the compensation range for this role. The determination of this range includes various factors not limited to skill set, level, experience, relevant training, and licensure and certifications. To support the ability to reward for merit-based performance, CGI typically does not hire individuals at or near the top of the range for their role. Compensation decisions are dependent on the facts and circumstances of each case. A reasonable estimate of the current range for this role in the U.S. is $60,300.00 - $180,200.00.

CGI anticipates accepting applications for this position through April 15, 2024.

At CGI we call our professionals “members” to reinforce that all who join our team are, as owners, empowered to participate in the challenges and rewards that come from building a world-class company. CGI’s benefits include:

 Competitive base salaries Eligibility to participate in an attractive Share Purchase Plan (SPP) in which the company matches dollar-for-dollar contributions made by eligible employees, up to a maximum, for their job category 401(k) Plan and Profit Participation for eligible members Generous holidays, vacation, and sick leave plans Comprehensive insurance plans that include, among other benefits, medical, dental, vision, life, disability, out-of-county emergency coverage in all countries of employment. Back-up childcare, Pet insurance, a Member Assistance Program, a 529 college savings program, a personal financial management tool, lifestyle management programs and more

Insights you can act on

While technology is at the heart of our clients’ digital transformation, we understand that people are at the heart of business success.

When you join CGI, you become a trusted advisor, collaborating with colleagues and clients to bring forward actionable insights that deliver meaningful and sustainable outcomes. We call our employees “members” because they are CGI shareholders and owners and owners who enjoy working and growing together to build a company we are proud of. This has been our Dream since 1976, and it has brought us to where we are today — one of the world’s largest independent providers of IT and business consulting services.

At CGI, we recognize the richness that diversity brings. We strive to create a work culture where all belong and collaborate with clients in building more inclusive communities. As an equal-opportunity employer, we want to empower all our members to succeed and grow. If you require an accommodation at any point during the recruitment process, please let us know. We will be happy to assist.

Ready to become part of our success story? Join CGI — where your ideas and actions make a difference.

Qualified applicants will receive consideration for employment without regard to their race, ethnicity, ancestry, color, sex, religion, creed, age, national origin, citizenship status, disability, pregnancy, medical condition, military and veteran status, marital status, sexual orientation or perceived sexual orientation, gender, gender identity, and gender expression, familial status, political affiliation, genetic information, height, weight, or any other legally protected status or characteristics.

CGI provides reasonable accommodations to qualified individuals with disabilities. If you need an accommodation to apply for a job in the U.S., please email the CGI U.S. Employment Compliance mailbox at US_Employment_Compliance@cgi.com. You will need to reference the Position ID of the position in which you are interested. Your message will be routed to the appropriate recruiter who will assist you. Please note, this email address is only to be used for those individuals who need an accommodation to apply for a job. Emails for any other reason or those that do not include a Position ID will not be returned.

We make it easy to translate military experience and skills! Click here to be directed to our site that is dedicated to veterans and transitioning service members.

All CGI offers of employment in the U.S. are contingent upon the ability to successfully complete a background investigation. Background investigation components can vary dependent upon specific assignment and/or level of US government security clearance held. CGI will consider for employment qualified applicants with arrests and conviction records in accordance with all local regulations and ordinances.

CGI will not discharge or in any other manner discriminate against employees or applicants because they have inquired about, discussed, or disclosed their own pay or the pay of another employee or applicant. However, employees who have access to the compensation information of other employees or applicants as a part of their essential job functions cannot disclose the pay of other employees or applicants to individuals who do not otherwise have access to compensation information, unless the disclosure is (a) in response to a formal complaint or charge, (b) in furtherance of an investigation, proceeding, hearing, or action, including an investigation conducted by the employer, or (c) consistent with CGI’s legal duty to furnish information.",,,"Lebanon, VA",1415,36,,,Full-time,6,1.71235E+12,,https://www.linkedin.com/jobs/view/3887490958/?trk=jobs_biz_prem_srch,https://cgi.njoyn.com/corp/xweb/xweb.asp?clid=21001&page=jobdetails&jobid=J0424-0255&BRID=1119301&SBDID=943,OffsiteApply,1.71494E+12,,Mid-Senior level,,1.71235E+12,cgi.njoyn.com,0,FULL_TIME,,,,24266,51167,,,,,,,,,
3904948162,Apex Systems,Sr Data Engineer,"Job#: 2023101

Job Description:

 Senior Data Engineer (ADF)

Onsite 3 days a week: San Antonio

if interested please send resumes to [email protected]

Job Summary: 

As part of the Data and Analytics team, the person will architect and deliver highly scalable, high-performance analytical and transformation platforms. The solutions will include cloud, hybrid, and legacy environments, requiring a broad and deep stack of data analytical, engineering and architecture skills. This person would also engage in requirements and solution concept development, requiring strong analytic and communication skills.

 Responsibilities: 

 Function as the solution lead for architecting and building the data pipelines and analytical repositories to support the development / enablement of Information Supply Chains – this could include building (1) data provisioning frameworks, (2) data integration into data warehouse, data marts and other analytical repositories (3) integration of analytical results into operational systems, (4) development of data lakes and other data archival stores  Build an end to end data solutions from understanding business requirements  Optimally leverage the data management tool components for developing efficient solutions for data management, data storage, data packaging and integration. Develop overall design and determine division of labor across various architectural components  Deploy and customize Standard Architecture components that can be reused  Assist in development of task plans including schedule and effort estimation 

 Skills and Qualifications: 

 Bachelor’s Degree or foreign equivalent in Computer Science, Electrical Engineering, Mathematics, Computer Applications, Information Systems or Engineering is required  Highly experienced in Data analytical functions,  Azure cloud experience (ADLS, ADF, Synapse, Logic Apps, Event Hub)  Strong data architecture & modeling skills  10+ years’ total experience in data space, devising end to end data solutions.  6+ years’ advanced distributed schema and SQL development skills including partitioning for performance of ingestion and consumption patterns  2+ years’ experience in a data engineering, leveraging Python, Pyspark, etc. 

 if interested please send resumes to [email protected] 

EEO Employer

Apex Systems is an equal opportunity employer. We do not discriminate or allow discrimination on the basis of race, color, religion, creed, sex (including pregnancy, childbirth, breastfeeding, or related medical conditions), age, sexual orientation, gender identity, national origin, ancestry, citizenship, genetic information, registered domestic partner status, marital status, disability, status as a crime victim, protected veteran status, political affiliation, union membership, or any other characteristic protected by law. Apex will consider qualified applicants with criminal histories in a manner consistent with the requirements of applicable law. If you have visited our website in search of information on employment opportunities or to apply for a position, and you require an accommodation in using our website for a search or application, please contact our Employee Services Department at [email protected] or 844-463-6178 .

Apex Systems is a world-class IT services company that serves thousands of clients across the globe. When you join Apex, you become part of a team that values innovation, collaboration, and continuous learning. We offer quality career resources, training, certifications, development opportunities, and a comprehensive benefits package. Our commitment to excellence is reflected in many awards, including ClearlyRated's Best of Staffing® in Talent Satisfaction in the United States and Great Place to Work® in the United Kingdom and Mexico.

Apex Systems is a world-class IT services company that serves thousands of clients across the globe. When you join Apex, you become part of a team that values innovation, collaboration, and continuous learning. We offer quality career resources, training, certifications, development opportunities, and a comprehensive benefits package. Our commitment to excellence is reflected in many awards, including ClearlyRated's Best of Staffing® in Talent Satisfaction in the United States and Great Place to Work® in the United Kingdom and Mexico.

4400 Cox Road

Suite 200

Glen Allen, Virginia 23060

Apex Systems is an equal opportunity employer. We do not discriminate or allow discrimination on the basis of race, color, religion, creed, sex (including pregnancy, childbirth, breastfeeding, or related medical conditions), age, sexual orientation, gender identity, national origin, ancestry, citizenship, genetic information, registered domestic partner status, marital status, disability, status as a crime victim, protected veteran status, political affiliation, union membership, or any other characteristic protected by law. Apex will consider qualified applicants with criminal histories in a manner consistent with the requirements of applicable law. If you have visited our website in search of information on employment opportunities or to apply for a position, and you require an accommodation in using our website for a search or application, please contact our Employee Services Department at [email protected] (Do not submit resumes or solicit consultants to this email address). UnitedHealthcare creates and publishes the Transparency in Coverage Machine-Readable Files on behalf of Apex Systems.",,,"San Antonio, TX",4787,6,,,Full-time,1,1.71345E+12,,https://www.linkedin.com/jobs/view/3904948162/?trk=jobs_biz_prem_srch,https://www.apexsystems.com/job/2023101_usa/sr-data-engineer,OffsiteApply,1.71605E+12,,Mid-Senior level,,1.71345E+12,www.apexsystems.com,0,FULL_TIME,,,,78201,48029,,,,,,,,,
3904944214,TELUS International,Online Data Analyst,"We are hiring freelance English speaking Online Data Analysts for a project aimed at improving the content and quality of digital maps, which are used by millions of users globally. The job would suit someone who is detail-oriented, likes doing research and has a good knowledge of national and local geography.
This is a freelance position on a flexible schedule - you can work in your own time whenever work is available. You will be completing research and evaluation tasks in a web-based environment, e.g., verifying and comparing data, determining the relevance and accuracy of information. You will be provided with guidelines for each task, which need to be followed. The project offers a variety of tasks, and work is paid per task.
RequirementsFull Professional Proficiency in English You must be living in the USA for the last 2 consecutive yearsAbility to follow guidelines and do research online using search engines, online maps and website informationYou must have familiarity with current and historical business, media, sport, news, social media and cultural affairs in USABeing open to work across a diverse set of Task Types (e.g. Maps, News, Audio tasks, Relevance)Applicants must be 18 years or over.
Working on this project will require you to go through a standard recruitment process (including passing an open book assessment). This is a long-term project and your work will occasionally be subject to quality assurance checks.
Why Join the TELUS International AI Community?Earn extra incomeAccess to our community wellbeing initiativeBe your own bossFlexible Hours to fit in with your lifestyleBe a part of an online community
TELUS International AI-Data Solutions partners with a diverse and vibrant community to help our customers enhance their AI and machine learning models. The work of our AI Community contributes to improving technology and the digital experiences of many people around the world. Our AI Community works in our proprietary AI training platform handling all data types (text, images, audio, video and geo) across 500+ languages and dialects. We offer flexible work-from-home opportunities for people with passion for languages. The jobs are part-time, and there is no fixed schedule. Whoever you are, wherever you come from, come join our global AI community. www.telusinternational.com

If you have any questions, do not hesitate to contact us at sourcingteam9@telusinternational.ai",,,"Brownsville, TX",1258653,14,,,Part-time,4,1.71345E+12,1,https://www.linkedin.com/jobs/view/3904944214/?trk=jobs_biz_prem_srch,https://jobs.telusinternational.com/en_US/careers/PipelineDetail/Online-Data-Analyst-English-USA/21404,OffsiteApply,1.71604E+12,,Entry level,,1.71345E+12,,0,PART_TIME,,,,78520,48061,,,,,,,,,
3904570046,will bank,[FINANCE] Business Analytics,"Job Description

Aqui no will sempre estamos atrás de novos desafios, e por isso buscamos pessoas que estejam dispostas a aprender em todos os momentos, sair de zonas de conforto e que curtam times auto gerenciáveis. Nós fazemos parte e somos responsáveis por entregar uma solução incrível para o brasileiro que gosta de lidar com o dinheiro de forma simples. Se você, assim como nós, também é vidrado em projetos de alta performance e entrega de valor, vem com a gente!

O will é formado pelas diferenças! Trabalhamos juntos em busca dos mesmos objetivos, vivemos e respeitamos as diferentes formas de pensar e de ser, e buscamos nos conectar diariamente através do mesmo propósito: fazer parte de um movimento de inclusão financeira no Brasil. Nós estamos mudando o país por onde ninguém nunca tentou antes.

Está posição é para o time de Finance e envolve coleta, processamento e avaliação de dados.

A posição será estratégica para permitir um crescimento de forma escalável e sustentável, gerando maior domínio dos dados, mitigando riscos, garantindo maior confiança dos números financeiros da companhia e também permitindo maior consistência na experiência do cliente.

Nosso objetivo

Nosso propósito é prover soluções de dados utilizando advanced analytics, inteligência artificial e machine learning. Estamos diretamente envolvidos com o contexto de negócio utilizando nossos skills analíticos para alavancar a performance, gerar insights e criar produtos de dados escaláveis.

Responsibilities and assignments

Quais serão os seus desafios?

Atuar em ambientes dinâmicos e de alta performance, com mudanças e ajustes de rota frequentes;Apoiar a equipe de negócios através de dados para auxiliar na tomada de decisões;Desenvolvimento, gerenciamento e análise de indicadores de performance para report;Atuar no levantamento de regras de negócios, processos internos e especificações técnicas de órgãos reguladores e demais;Melhoria contínua para identificação de gargalos, validação de dados e automação de processos manuais (gerando hipóteses para o time de Produto);Responsabilidade técnica pela estruturação, organização e documentação dos dados de seu contexto;Modelagem de dados internos e externos, além de conhecimento do negócio sob a perspectiva financeira, contábil e regulatória;Paixão por resolver problemas e construir soluções baseadas em dados, disseminando a cultura data driven pela empresa.

Requirements And Qualifications

Para isso, você vai precisar ter:

Conhecimento em SQL, Python e Excel avançado para tratamento de dados;Conhecimento prévio em finanças e mercado financeiro;Excelente habilidade de comunicação, traduzindo números em conhecimento e decisões, facilitando a interlocução com os times de negócio;Conhecimento em alguma ferramenta de visualização de dados (PowerBi, Metabase, Looker, Tableau ou outras).

E Será Um Diferencial Se Você Tiver

Experiência com operações em startups, fintechs ou bancos;Atuado em ambientes com infraestrutura em AWS (ECS, EC2, Redshift, S3, Athena, EMR);Conhecimento de Metodologia Ágil para gestão de projetos;Experiência em discussões regulatórias e contabilidade de produtos financeiros

Additional information

Gostou? Isso porque você ainda não viu os benefícios de ser um willer:

 Cartão Flash para seus gastos flexíveis: Com o valor total de R$ 1.346,00 reais/mês, sendo R$ 605,00 destinados a Vale Alimentação/Refeição, R$ 100,00 para despesas de home office, e o restante, R$ 641,00, é totalmente flexível para uso em aplicativos de mobilidade, farmácias, cultura, educação, alimentação e refeições. Saúde de qualidade com a Amil: Tenha acesso a uma rede de saúde e odontológica de primeira linha através da Amil Saúde. Benefícios que fazem a diferença: Oferecemos seguro de vida, auxílio creche, auxílio para dependentes com deficiência, um dia de folga especial no seu aniversário, além de descontos em farmácias e parcerias com o Sesc em todo o Brasil. Bem-Estar é prioridade: Cuide da sua saúde mental e física com as parcerias que temos. Acesse serviços profissionais de psicologia com o C4life e Psicologia Viva, e tenha acesso a academias e aulas online através do Gympass e Totalpass. Educação é essencial: Descontos em instituições de ensino, como SkillHub, Faculdade São Judas, Estácio de Sá, Ibemec, EnglishBay, LingoPass e muito mais. Programa Distribuwill: Faça parte do nosso Programa de Participação nos Resultados, o Distribuwill! Inclusão e diversidade: Oferecemos reembolso para a retificação de nomes para pessoas trans, e acreditamos em uma licença parental de 180 dias para um cuidado igualitário em todas as configurações familiares. Clube will by coClub: Participe do Clube will, uma plataforma exclusiva que conecta nossa comunidade com interesses em comum, desafios, benefícios, experiências e celebrações!

Confira nossas outras oportunidades :)

﻿EMOTE

olá,

E aí, tudo bem?

Primeiro eu vou me apresentar! Eu sou um banco digital, mas pode me chamar de will. Sou a segunda maior instituição de pagamento do Brasil com mais de cinco milhões de clientes! Nasci com um propósito muito claro: democratizar o mundo financeiro e mostrar que crédito é um voto de confiança que todos e todas merecem, e podem ter.

Eu tenho como intenção dar a possibilidade de todas as pessoas nesse Brasil terem direito ao crédito. Você tem noção que a maioria das pessoas nem tem acesso a instituições financeiras? Eu tô aqui pra mudar isso! Quero tornar o mundo financeiro mais simples e mais acessível. 

E para multiplicar o crédito e conquistar esse sonho, precisamos de pessoas que multipliquem o melhor delas. E para isso é preciso ter atitudes multiplicadoras. As pessoas que trabalham comigo são Willers. Já são mais de 1300 que estão espalhadas e espalhados pelos quatro cantos do Brasil. Isso mesmo, atuamos em regime de trabalho remoto e temos um pilar cultural focado em multiplicar o melhor das pessoas.

Multiplicar o melhor de mim é multiplicar o will, multiplicar o will é multiplicar o melhor de mim. 

Busco Atrair Pessoas Que Estão Dispostas a Crescer Comigo, Porque Aqui Não Existe Crescimento Do Negócio Sem o Crescimento Das Pessoas. E Para Isso Acredito Que Cinco Atitudes Podem Ajudar a Multiplicar o Seu Melhor Por Aqui

Assumir a responsa

Agir com empatia

Jogar Junto

Mexer o ponteiro

Comunicar de forma assertiva

Já são mais de 1300 que estão espalhadas e espalhados pelos quatro cantos do Brasil multiplicando o melhor deles e delas. E além disso, estamos caminhando para atingir os dados demográficos que representam a população brasileira, onde 57% da população se declara como negra. Hoje, +44% de willers que se autodeclaram pessoas não brancas e 51% são mulheres. Eu quero ser tão diverso como o Brasil, sei que é desafiador, mas eu não tô nessa sozinho, tem um monte de gente me ajudando a chegar lá.

E aí, me curtiu? Corre pra ver as minhas vagas e fazer parte dessa história de democratizacão do crédito! #VemSerWill

",,,United States,65636743,6,,,Full-time,,1.71355E+12,1,https://www.linkedin.com/jobs/view/3904570046/?trk=jobs_biz_prem_srch,https://vemserwill.gupy.io/jobs/7053872?jobBoardSource=gupy_public_page,OffsiteApply,1.71614E+12,,Entry level,,1.71355E+12,vemserwill.gupy.io,0,FULL_TIME,,,,,,,,,,,,,,
3887716629,Vericast,Senior Staff Data Scientist (Remote),"Company Description

Vericast is a big data company. We receive on average over 100 billion intent signals daily, which assist in generating a deep understanding of a person’s interest and in-market signals across 1,300 interest topics. This is coupled with strong geographic targeting, as over 30 billion location signals are collected daily from over one million retail stores and over 120 million households.

Data Science plays a crucial role in delivering our solutions today and will play a more prominent role in our future. A typical data science project has a solid mathematical foundation, an exploratory dimension, and a data-driven workflow. This is also true at Vericast. Our data science projects have strong foundations on machine learning, data engineering, and modeling. We are building a privacy-centric future of digital advertising by focusing on web content. We are connecting web content to consumer interest and action, ultimately driving which ads are shown on a webpage.

To continue our journey, we are seeking data science experts who are passionate about using cutting edge technology and conceiving innovative methods to solve unique and complex problems. As a Senior Staff Data Scientist at Vericast, your contributions will help us stay at the forefront of the AdTech industry.

Job Description

A Senior Staff Data Scientist is a hands-on expert who is passionate about all aspects of data science and can contribute by designing, conducting, and incorporating analyses of large-scale data from a wide variety of sources. This involves converting ambiguous requirements to concrete solutions for exploring data, designing and/or applying appropriate algorithms, documenting the findings, and incorporating the analysis into end-to-end solutions, systems, and platforms. Effective communication with other job disciplines is required. Contributions are expected at a level of results above and beyond entry-level and mid-level Data Scientists.

Key Duties & Responsibilities

Have a wider impact by providing insights and effective leadership into data science, digital media, and data engineering. This individual will have the hands-on skills to be an individual contributor and the experience for mentoring and leading other data scientists (25%)Act often as a technical lead, determining approach, objectives, requirements, features, milestones, implementation tasks, and tradeoffs of end-to-end large scale data science projects, platforms, and systems (25%)Act as a subject matter expert in data science (ML/AI) algorithms and underlying technologies (programming languages and systems) (15%)Design, conduct, and incorporate analyses of large-scale data from a wide variety of sources (15%)Work within the scrum practices in team projects (10%)Contribute to hiring process by screening higher level candidates, team interviews, manager candidates, i.e., act as a ""Bar Raiser"" (10%)

Qualifications

Education

Bachelor's Degree in a quantitative discipline (Computer Science, Mathematics, Engineering, Statistics) (Required)Master's Degree in a quantitative discipline (Computer Science, Mathematics, Engineering, Statistics) (Desired)Doctorate Degree (Preferred)In lieu of the above education requirements, a combination of experience and education will be considered.

Experience

8 - 10 years Relevant Experience (Required)

Knowledge/Skills/Abilities

Strong analytical skills, with expertise and solid understanding of multiple statistical/analytical machine learning techniques applied at large scale.Technical proficiency in ML algorithms, scalable ML platforms, languages, and tools (Python, Spark, ML/Ops) in a corporate setting is highly desirable.Ability to communicate effectively across multi-disciplinary teams (e.g., data science, engineering and product management, org leadership).Prior experience in applying Data Science in Digital Marketing Technology, Graph Theory, Privacy and Geolocation Data is a plus.

Additional Information

Salary:$160,000-175,000

The ultimate compensation offered for the position will depend upon several factors such as skill level, cost of living, experience, and responsibilities.

Vericast offers a generous total rewards benefits package that includes medical, dental and vision coverage, 401K and flexible PTO. A wide variety of additional benefits like life insurance, employee assistance and pet insurance are also available, not to mention smart and friendly coworkers!

At Vericast, we don’t just accept differences - we celebrate them, we support them, and we thrive on them for the benefit of our employees, our clients, and our community. As an Equal Opportunity employer, Vericast considers applicants for all positions without regard to race, color, creed, religion, national origin or ancestry, sex, sexual orientation, gender identity, age, disability, genetic information, veteran status, or any other classifications protected by law. Applicants who have disabilities may request that accommodations be made in order to complete the selection process by contacting our Talent Acquisition team at talentacquisition@vericast.com. EEO is the law. To review your rights under Equal Employment Opportunity please visit: www.dol.gov/ofccp/regs/compliance/posters/pdf/eeopost.pdf.

",175000,YEARLY,"Austin, TX",64594777,62,,160000,Full-time,8,1.71235E+12,1,https://www.linkedin.com/jobs/view/3887716629/?trk=jobs_biz_prem_srch,https://jobs.smartrecruiters.com/Vericast/743999978745450-senior-staff-data-scientist-remote-,OffsiteApply,1.71494E+12,,Mid-Senior level,,1.71235E+12,jobs.smartrecruiters.com,0,FULL_TIME,USD,BASE_SALARY,167500,78701,48453,,,,,,,,,
3900967072,PCS Wireless,Business Intelligence Analyst,"Ready to be a part of a game-changing team that thrives on defying the impossible? About PCS Wireless
Founded in 2001, by two visionary traders, PCS Wireless, affectionately known as “PCS”, is not your average mobile device distributor. Led by fearless entrepreneurs, PCS has completely transformed the landscape of the device resale market, both from a business and a consumer perspective.
Today, PCS is a recognized global leader powering the secondary market. We buy and sell mobile devices and products worldwide through partners and programs. By breathing new life into old devices, we efficiently extend a device’s lifecycle up to 5 times or more. We collaborate with industry giants including consumer electronics manufacturers, wholesalers, big box retailers and small businesses alike, catering to a diverse clientele of more than 1,500 customers. Our operations span major markets worldwide with offices and warehouses in the Americas, APAC, UK & EMEA. Our go-getting spirit valuing flexibility, a ""me for we approach"" and curiosity, and it continues to be the foundation of our success. We are looking for doers and thinkers who get things done and have fun doing it!
About the RoleAs a Business Intelligence Analyst specializing in Power BI, you will be responsible for extracting, analyzing, and visualizing data to provide both base-level reporting and actionable insights for our organization. You will both directly and indirectly support various departments and functions.  What You Will Do
1. Data Collection and Analysis: Gather and consolidate data from multiple sources, ensuring accuracy and completeness.Perform data cleansing and transformation to prepare data for analysis.Over time, analyze large datasets to identify trends, patterns, and correlations.2. Power BI Dashboard Development: Design and develop Power BI dashboards and reports tailored to the needs of each department and various programs, business lines, and functions.Create interactive visualizations and drill-down capabilities for deeper insights.Optimize dashboard performance for efficient data retrieval and visualization.3. Requirement Gathering and Collaboration: Work closely with our Solutions BAs to understand data requirements and objectives.Translate business requirements into technical specifications for Power BI solutions.Collaborate with appropriate team members to ensure data availability and accessibility.4. Data Interpretation and Insights: Interpret data trends and patterns to provide actionable insights and recommendations.Identify opportunities for process improvement and operational efficiency based on data analysis.Communicate findings to stakeholders through clear and compelling visualizations and presentations.5. Training and Support: Provide training and support to users on Power BI functionality and best practices.Serve as a subject matter expert for Power BI within the organization, offering guidance and assistance as needed.6. Stay Updated on Power BI Features and Best Practices: Stay abreast of the latest developments in Power BI and related technologies.Continuously improve skills and knowledge through self-learning and professional development activities. We Are Seeking People Who:
Bachelor’s degree in Computer Science, Information Systems, Statistics, Mathematics, or a related field.3+ years of experience as a Business Intelligence Analyst or similar role, with a strong preference towards Power BI expertise.Proficiency in Power BI Desktop, including data modeling, DAX calculations, and visualization design.Strong analytical and problem-solving skills, with the ability to translate business requirements into technical solutions.Experience working with SQL databases and writing SQL queries.Competency with Python, and SparkExcellent communication and collaboration skills, with the ability to interact effectively with stakeholders at all levels.Strong attention to detail and a commitment to delivering high-quality work.Ability to work independently and manage multiple projects simultaneously.Relevant certifications in Power BI or related technologies (e.g., Microsoft Certified: Data Analyst Associate) are a plus.
What's in it for YouA supportive, diverse, and global team with growth mindsetA scaling company with great industry professionalsGreat opportunities to get involved with exciting projects.If you are ready to join our fast-paced company, apply below!
We are an Equal Opportunity Employer. All qualified applicants for employment without regard to race, color, religion, sex, gender, sexual orientation, gender identity, ancestry, age, or national origin will be considered. No qualified applicants will be discriminated against on the basis of disability or protected veteran status.",,,"Florham Park, NJ",69909,136,,,Part-time,57,1.71339E+12,,https://www.linkedin.com/jobs/view/3900967072/?trk=jobs_biz_prem_srch,https://pcsglobal.bamboohr.com/careers/214?source=aWQ9MTI%3D,OffsiteApply,1.71599E+12,,Associate,,1.71339E+12,,0,PART_TIME,,,,7932,34027,,,,,,,,,
3891072371,WalkWater Technologies,Junior Data Analyst (Logistics),"REQ ID – 32311425ROLE – Junior Data Analyst (Logistics)LOCATION – Austin, TX MAIN SKILLS – Very Strong, Microsoft Excel (Pivot Tables, Sumifs, Vlookups etc), Data manipulation, Logistics and operations terminology Job SummaryApple AMR Ops Logistics is looking for an experienced Data Analyst to support its Business Analytics team. This position will be responsible for ensuring maintenance and frequent updates to Apple’s internal Shipping Exceptions Management System. The position will work closely with AMR Logistics stakeholders to ensure timely execution of daily jobs by transforming data in Excel into Apple’s internal tools.  Key Responsibilities• Review multiple Excel reports and ensure timely uploads into the Shipping Exceptions Management System• Develop robust data visualizations that will help to answer commonly asked questions quickly and thoroughly about Shipping Exceptions• Identify data anomalies, work to root cause and remediate issues in data collection, storage, transformation, or reporting Key Qualifications1 – 2 years of work experience preferredSkilled in Excel and data manipulation (mandatory)Familiarity with Logistics and Operations terminologyFamiliarity with Business Objects a plusAbility to create cross-platform reportsAbility to turn data into information and insightsHigh-level attention to detail, including the ability to spot data errors and potential issues in Apple’s internal systems Hard Skills:Microsoft Excel (Pivot Tables, Sumifs, Vlookups etc)Good Verbal and Communication skills",,,"Austin, TX",3356865,2,,,Contract,,1.71286E+12,,https://www.linkedin.com/jobs/view/3891072371/?trk=jobs_biz_prem_srch,,ComplexOnsiteApply,1.71545E+12,,Mid-Senior level,,1.71286E+12,,0,CONTRACT,,,,78701,48453,,,,,,,,,
3901694555,EY,Analytics & Data Management - Supply Chain Sector - Senior Manager - Consulting - Location OPEN,"EY focuses on high-ethical standards and integrity among its employees and expects all candidates to demonstrate these qualities. At EY, you’ll have the chance to build a career as unique as you are, with the global scale, support, inclusive culture and technology to become the best version of you. And we’re counting on your unique voice and perspective to help EY become even better, too. Join us and build an exceptional experience for yourself, and a better working world for all.

Advisory Services Senior Manager, Data Governance 

EY delivers unparalleled service in information strategy enabled through a mix of service focuses including information architecture, information management and information governance- which in turn enables organizations to exploit source systems by insuring that they provide a trusted, sustainable data stream for accurate and improved BI, EPM and analytic applications. We provide data architecture focused on organizing the underlying data in the most effective manner to provide the business timely access to information to improve business performance. We also provide data governance as an organizational framework consisting of people, process and technology to enable organizations to manage data as a business asset.

The opportunity 

You will help our client’s navigate the complex world of Information Data Governance and Data Quality. The Data Governance and Data Quality Analyst will specialize in serving EY clients in the areas of Data Strategy, Data Governance, Data Quality, Data Definition and Usage, and Data Management.

We’ll look to you to provide our clients with a unique business perspective on how Data Strategy, Data Governance, Data Quality, Data Definition and Usage, and Data Management can transform and improve their entire organization – starting with key business issues they face. This is a high growth area with plenty of opportunities to enhance your skillset and build your career.

Your Key Responsibilities

There is no such thing as a typical day. You will run multiple client engagement teams, work with a wide variety of clients to help them navigate the complex world of advanced analytics. We’ll look to you to work with a wide variety of clients to deliver professional services, and manage business development activities on strategic and global priority accounts.

Skills And Attributes For Success

Fostering relationships with client personnel at appropriate levels. Consistently delivering quality client services. Driving high- quality work products within expected timeframes and on budget. Monitoring progress, managing risk and ensuring key stakeholders are kept informed about progress and expected outcomes. Managing expectations of client service delivery. Staying abreast of current business and industry trends relevant to the client's business Effectively managing and motivating client engagement teams with diverse skills and backgrounds. Providing constructive on- the- job feedback/coaching to team members. Fostering an innovative and inclusive team- oriented work environment. Playing an active role in counselling and mentoring junior consultants within the organization Cultivating and managing business development opportunities. Developing and maintaining long- term client relationships and networks. Assisting in the strategy and implementation of Master Data Management, Data Governance, Enterprise Data Management, Enterprise Content Management and Knowledge Management 

To qualify for the role you must have 

A bachelor's degree and approximately eight years of related work experience; or a graduate degree and approximately five years of related work experience A minimum of eight years’ experience in providing complex consultative services in the following focus areas: information strategy, data architecture, information/data governance, master data management, data quality, data integration Working knowledge of the modernized information management tool landscape (e.g. Talend, Collibra, Oracle DRM, SAP MDM, Informatica, Hyperion, Essbase, SQL. A strong working knowledge and point of view on the evolving concepts and practices for modernizing information management Proficiency with advising clients on the full data supply chain from data wrangling to data consumption via analytics. Proven track record of understanding business challenges and translating them into value-add solutions - strong analytical and problem- solving skills - actively participate in brainstorming, identifying core issues and effectively finding and using data to manage complex analysis Engagement leadership experience including: managing junior level consulting staff, providing regular status updates, monitoring project economics, as well as managing client relationships Strong analytical and problem- solving skills as well as excellent oral and written communication skills A willingness to travel to meet client needs; travel is estimated at 80%. A valid driver’s license in the US and a valid passport required; willingness and ability to travel internationally 

Ideally, you’ll also have 

Degree emphasis in Finance, Accounting, Economics, Business, Computer Science, IT or Engineering preferred 

What We Look For

We’re interested in passionate leaders with strong vision and a desire to stay on top of trends in the Information Strategy and Management industry. If you have a genuine passion for helping businesses

achieve the full potential of their data, this role is for you.

What We Offer

We offer a comprehensive compensation and benefits package where you’ll be rewarded based on your performance and recognized for the value you bring to the business. The salary range for this job in most geographic locations in the US is $139,800 to $319,400. The salary range for New York City Metro Area, Washington State and California (excluding Sacramento) is $167,700 to $363,000. Individual salaries within those ranges are determined through a wide variety of factors including but not limited to education, experience, knowledge, skills and geography. In addition, our Total Rewards package includes medical and dental coverage, pension and 401(k) plans, and a wide range of paid time off options. Under our flexible vacation policy, you’ll decide how much vacation time you need based on your own personal circumstances. You’ll also be granted time off for designated EY Paid Holidays, Winter/Summer breaks, Personal/Family Care, and other leaves of absence when needed to support your physical, financial, and emotional well-being.

Continuous learning: You’ll develop the mindset and skills to navigate whatever comes next.Success as defined by you: We’ll provide the tools and flexibility, so you can make a meaningful impact, your way.Transformative leadership: We’ll give you the insights, coaching and confidence to be the leader the world needs.Diverse and inclusive culture: You’ll be embraced for who you are and empowered to use your voice to help others find theirs.

If you can demonstrate that you meet the criteria above, please contact us as soon as possible.

The Exceptional EY Experience. It’s Yours To Build.

EY | Building a better working world

EY exists to build a better working world, helping to create long-term value for clients, people and society and build trust in the capital markets.

Enabled by data and technology, diverse EY teams in over 150 countries provide trust through assurance and help clients grow, transform and operate.

Working across assurance, consulting, law, strategy, tax and transactions, EY teams ask better questions to find new answers for the complex issues facing our world today.

EY is an equal opportunity, affirmative action employer providing equal employment opportunities to applicants and employees without regard to race, color, religion, age, sex, sexual orientation, gender identity/expression, pregnancy, genetic information, national origin, protected veteran status, disability status, or any other legally protected basis, including arrest and conviction records, in accordance with applicable law.

EY is committed to providing reasonable accommodation to qualified individuals with disabilities including veterans with disabilities. If you have a disability and either need assistance applying online or need to request an accommodation during any part of the application process, please call 1-800-EY-HELP3, type Option 2 (HR-related inquiries) and then type Option 1 (HR Shared Services Center), which will route you to EY’s Talent Shared Services Team or email SSC Customer Support at ssc.customersupport@ey.com",319400,YEARLY,"New York, NY",1073,61,,139800,Full-time,8,1.71321E+12,,https://www.linkedin.com/jobs/view/3901694555/?trk=jobs_biz_prem_srch,https://careers.ey.com/ey/job/New-York-Analytics-&-Data-Management-Supply-Chain-Sector-Senior-Manager-Consulting-Location-OPEN-NY-10001-8604/1060794401/?feedId=337401&utm_source=LinkedInJobPostings&utm_campaign=j2w_linkedin,OffsiteApply,1.71581E+12,,Mid-Senior level,,1.71322E+12,careers.ey.com,0,FULL_TIME,USD,BASE_SALARY,229600,10001,36061,,,,,,,,,
3905869890,aramco,"Gas Processing AI Engineer-Relocate to Saudi Arabia, Permanent Expat Family Relocation Package","Job Req ID: 12466Description: 
Aramco energizes the world economy.Aramco occupies a unique position in the global energy industry. We are the world's largest producer of hydrocarbons (oil and gas), with the lowest upstream carbon intensity of any major producer. With our significant investment in technology and infrastructure, we strive to maximize the value of the energy we produce for the world along with a commitment to enhance Aramco’s value to society.
OverviewGas Operations Technical Support Department is looking to hire a Gas Processing AI Engineer with hands-on experience in AI applications for the Hydrocarbon Processing & Control Industry, specifically, in the Gas Processing and Liquefaction business. Key ResponsibilitiesYou will be required to perform the following:- Lead the development and implementation of AI strategies & roadmaps for optimizing gas operations and business functions- Collaborate with cross-functional teams to identify AI use cases to transform gas operations and business functions (AI Mapping)- Design, develop, and implement AI models and algorithms that solve complex problems- Implement Gen AI use cases to enhance natural gas operations and optimize the Gas business functions- Design and implement AI-enabled plant optimizers for efficiency and reliability- Integrate AI models into existing systems and applications- Troubleshoot and resolve technical issues related to AI models and deployments- Ensure compliance with data privacy and security regulations- Stay up-to-date with the latest advancements in AI and machine learning As a Gas Processing AI Engineer, you will play a crucial role in developing, implementing, and maintaining artificial intelligence solutions that drive business growth and optimized operations. You will collaborate with cross-functional teams to understand business requirements, map new AI trends to address business challenges / opportunities, design AI models, and deploy such models in the gas plants. The ideal candidate should have a strong background in AI and machine learning with hands-on programming and problem-solving skills.  Minimum Requirements
As a successful candidate, you must have a Bachelor's or Master's degree in Chemical Engineering with (10) years of experience in the Oil/Gas industry and significant hands-on experience of AI applications in the Gas Industry.Preferred Qualifications:- PhD or Master's degree in Chemical Engineering- Minimum 10 years of experience in Oil & Gas Industry- Minimum 5 years of Hands-on experience in implementing successful AI projects in the Gas Processing sector- Strong programming skills in Python, TensorFlow, and PyTorch- Experience with reinforcement learning and generative AI (LLM) models- Experience with natural language processing (NLP) and AI Computer Vision- Excellent communication and leadership abilitiesRequirements:- Bachelor's or Master's degree in Chemical Engineering with demonstrated hand-on experience in AI applications and projects- Proven work experience as a Gas Processing AI Engineer or in a similar role- Strong knowledge of machine learning algorithms, neural networks, and deep learning frameworks (e.g., TensorFlow, PyTorch)- Strong knowledge of plant networks and infrastructure requirements to deploy and scale AI in gas plants- Proficiency in programming languages such as Python, Java, or C++- Excellent problem-solving and analytical skills- Strong communication and teamwork abilities- Ability to work on multiple projects and prioritize tasks effectivelyMinimum Years of Experience :09",,,"California, United States",5098,,,,Full-time,,1.71354E+12,,https://www.linkedin.com/jobs/view/3905869890/?trk=jobs_biz_prem_srch,https://careers.aramco.com/expat_uk/job/Gas-Processing-AI-Engineer/853470823/,OffsiteApply,1.71613E+12,,Mid-Senior level,,1.71354E+12,,0,FULL_TIME,,,,,,,,,,,,,,
3905361950,CGI,Business Analyst,"Position Description

Do you have a proven interest in information technology and business and a passion for learning? Are you a go-to problem solver that is motivated to make an impact by providing designing customized business efficiencies for our clients? If so, joining CGI as a Business Analyst could be the ideal opportunity for you.

You will join one of our many teams and work in a highly collaborative, fast-paced environment to provide expertise in designing, developing, and executing solutions to enhance the quality of IT products and services for our clients. At CGI, you can explore your full potential – not confined by borders or pre-defined paths. You’re empowered to tackle problems in your own unique way which is not only valued and respected but encouraged.

Come be part of building one of the largest independent technology and business services firms in the world. As digital transformation continues to accelerate, CGI is at the center of this change—supporting our clients’ digital journeys and offering our professionals exciting career opportunities. Join our team of professionals where you will be working to support our client within the Judicial Sector undertake a public search application modernization.

Your future duties and responsibilities

 A mid-level business analyst that can support the design of various components of a search solution under the guidance of a Senior Business Analyst, SMEs and architects. Requirements analysis experience Familiar with the agile process including writing good features, user stories, acceptance criteria, developing epic roadmaps, and explaining the business goals and intent of features to technical staff such as developers and testers. Analytical and problem-solving skills Strong oral and written communication skills Experience working with JIRA and Confluence. Ability to work in a dynamic environment and can juggle multiple priorities.

Required Qualifications To Be Successful In This Role

 3-5 years of experience with Business Analysis, Requirement Elicitation, writing user stories, and developing agile roadmaps Minimum of 2+ years of agile experience

Desired:

 Prior experience working with the federal government and experience with the judiciary a plus. Prior experience working with unified search solutions of documents across multiple databases.

#CGIFederalJob

CGI is required by law in some jurisdictions to include a reasonable estimate of the compensation range for this role. The determination of this range includes various factors not limited to: skill set level; experience and training; and licensure and certifications. CGI typically does not hire individuals at or near the top of the range for their role. Compensation decisions are dependent on the facts and circumstances of each case. A reasonable estimate of the current range is $74,600 - $143,700.

Insights you can act on

While technology is at the heart of our clients’ digital transformation, we understand that people are at the heart of business success.

When you join CGI, you become a trusted advisor, collaborating with colleagues and clients to bring forward actionable insights that deliver meaningful and sustainable outcomes. We call our employees “members” because they are CGI shareholders and owners and owners who enjoy working and growing together to build a company we are proud of. This has been our Dream since 1976, and it has brought us to where we are today — one of the world’s largest independent providers of IT and business consulting services.

At CGI, we recognize the richness that diversity brings. We strive to create a work culture where all belong and collaborate with clients in building more inclusive communities. As an equal-opportunity employer, we want to empower all our members to succeed and grow. If you require an accommodation at any point during the recruitment process, please let us know. We will be happy to assist.

Ready to become part of our success story? Join CGI — where your ideas and actions make a difference.

Qualified applicants will receive consideration for employment without regard to their race, ethnicity, ancestry, color, sex, religion, creed, age, national origin, citizenship status, disability, pregnancy, medical condition, military and veteran status, marital status, sexual orientation or perceived sexual orientation, gender, gender identity, and gender expression, familial status, political affiliation, genetic information, height, weight, or any other legally protected status or characteristics.

CGI provides reasonable accommodations to qualified individuals with disabilities. If you need an accommodation to apply for a job in the U.S., please email the CGI U.S. Employment Compliance mailbox at US_Employment_Compliance@cgi.com. You will need to reference the Position ID of the position in which you are interested. Your message will be routed to the appropriate recruiter who will assist you. Please note, this email address is only to be used for those individuals who need an accommodation to apply for a job. Emails for any other reason or those that do not include a Position ID will not be returned.

We make it easy to translate military experience and skills! Click here to be directed to our site that is dedicated to veterans and transitioning service members.

All CGI offers of employment in the U.S. are contingent upon the ability to successfully complete a background investigation. Background investigation components can vary dependent upon specific assignment and/or level of US government security clearance held. CGI will consider for employment qualified applicants with arrests and conviction records in accordance with all local regulations and ordinances.

CGI will not discharge or in any other manner discriminate against employees or applicants because they have inquired about, discussed, or disclosed their own pay or the pay of another employee or applicant. However, employees who have access to the compensation information of other employees or applicants as a part of their essential job functions cannot disclose the pay of other employees or applicants to individuals who do not otherwise have access to compensation information, unless the disclosure is (a) in response to a formal complaint or charge, (b) in furtherance of an investigation, proceeding, hearing, or action, including an investigation conducted by the employer, or (c) consistent with CGI’s legal duty to furnish information.

",143700,YEARLY,"Fairfax, VA",1415,7,,74600,Full-time,1,1.71349E+12,,https://www.linkedin.com/jobs/view/3905361950/?trk=jobs_biz_prem_srch,https://cgi.njoyn.com/corp/xweb/xweb.asp?clid=21001&page=jobdetails&jobid=J1023-0660&BRID=1084822&SBDID=943,OffsiteApply,1.71609E+12,,Mid-Senior level,,1.71349E+12,cgi.njoyn.com,0,FULL_TIME,USD,BASE_SALARY,109150,22030,51600,,,,,,,,,
3902360711,Oracle,Oracle Business Intelligence Techno-Functional Consultant,"Job Description

Role: Oracle Business Intelligence Techno-Functional Consultant

Location: Near Pleasanton, CA, is preferred, followed by Austin, TX. Other locations in the US may also be considered but need to be able to work west coast hours.

Note: This position is not eligible for C2C arrangement as it is direct hire. No sponsorship is available.

Work with Oracle's Customer success Services team to develop, implement, and support Business Intelligence product on Oracle's global infrastructure. We are looking for a strong Oracle Business Intelligence technical & functional consultant who thrives on solving complex business problems by implementing and supporting various modules. Business Intelligence tools like Tableau and Power BI a plus.

As an integral part of the Customer Success Service Business Intelligence Team, you will be responsible for:

Analyzing functional and operational issues reported by the customer with their Oracle Analytics Cloud/Data Warehouse environment and provide the solution or workaround on time.Interacting with customer implementation team and provide guidance on the Oracle Product Best Practices.Assisting on the development of customer solutions (pre-implementation), as well as addressing customer questions and concerns regarding the functionality of their Oracle OACS/Fusion Data Intelligence environments (post-implementation, ongoing maintenance).Performing root cause analyses and recommend meaningful recommendations to the customers to avoid similar issues going forward.Collaborating with Partners internally within Oracle and on customer side for successful delivery.Customer Management.Working with remote and geographically distributed customers to enable building the analytics solutions.Owning/driving key end to end product/services while being very technically hands-on.Ensuring customer success including delivering enhancements/bug fixes as needed.Monitoring the ODI or Informatica ETL Jobs and address any failures in a quick manner to ensure the Analytics data is current, and the OBIEE Agents and Report jobs.Working closely with internal and external partners to gather requirements and design complex business application extensions and data integration solutions.


Preferred Qualifications:

Bachelor’s degree in Computer Science, Computer Engineering, Information Technology or an equivalent engineering/science field.Background on Oracle Fusion SaaS application and Oracle Analytics Cloud (OAC) / FAW (FDI) / OAS.Able to operate independently to provide quality work products; perform varied and complex duties and tasks that need independent judgement.Functional experience with OAC and Data Warehouse.Goal-oriented for technology and a strong desire to learn about AI/ML, Natural language processing, and innovative technologies.Strong analytical skills and critical thinking abilities.Desire to be part of a continuous learning and professional growth culture.Collaborate with multi-functional teams and be a part of complete project experience from concept to implementation.Complex technical problem-solving competence and ability to conceptualize innovative solutions.Exceptional professionalism and work ethic, with ability to meet targets.Strong communication skills and the ability to collaborate effectively.Basic knowledge of database concepts and Linux OS.Basic understanding of cloud platforms and services and an eagerness to deepen your expertise.Be self-motivated with lot of energy and driving to closure of each assignment.Good interpersonal skills with the ability to build rapport with all stakeholders.Ability to clearly and concisely articulate ideas and solutions.Cloud Admin experience in OCI or other clouds Azure, AWS a plus.DevOps skills – Python, Docker, Kubernetes will be added advantage.Latest certifications in Oracle Cloud Infra & Oracle SIEBEL and OBIEE technologies a plus.Should be a technical leader who inspires other teammates. 


Does this sound like you? Apply today!

Responsibilities

 Qualifications 

Leading contributor individually and as a team member, providing direction and mentoring to others. Work is non-routine and very complex, involving the application of advanced technical/business skills in area of specialization. BS or equivalent experience in programming on enterprise or department servers or systems.

About Us

As a world leader in cloud solutions, Oracle uses tomorrow’s technology to tackle today’s problems. True innovation starts with diverse perspectives and various abilities and backgrounds.

When everyone’s voice is heard, we’re inspired to go beyond what’s been done before. It’s why we’re committed to expanding our inclusive workforce that promotes diverse insights and perspectives.

We’ve partnered with industry-leaders in almost every sector—and continue to thrive after 40+ years of change by operating with integrity.

Oracle careers open the door to global opportunities where work-life balance flourishes. We offer a highly competitive suite of employee benefits designed on the principles of parity and consistency. We put our people first with flexible medical, life insurance and retirement options. We also encourage employees to give back to their communities through our volunteer programs.

We’re committed to including people with disabilities at all stages of the employment process. If you require accessibility assistance or accommodation for a disability at any point, let us know by calling +1 888 404 2494, option one.

Disclaimer:

Oracle is an Equal Employment Opportunity Employer*. All qualified applicants will receive consideration for employment without regard to race, color, religion, sex, national origin, sexual orientation, gender identity, disability and protected veterans’ status, or any other characteristic protected by law. Oracle will consider for employment qualified applicants with arrest and conviction records pursuant to applicable law.

 Which includes being a United States Affirmative Action Employer


",,,United States,1028,4,,,Full-time,,1.71348E+12,1,https://www.linkedin.com/jobs/view/3902360711/?trk=jobs_biz_prem_srch,https://eeho.fa.us2.oraclecloud.com/hcmUI/CandidateExperience/en/job/236718/?utm_medium=jobboard&utm_source=LinkedIn,OffsiteApply,1.71613E+12,,Mid-Senior level,,1.71354E+12,eeho.fa.us2.oraclecloud.com,0,FULL_TIME,,,,,,,,,,,,,,
3902783695,WalkWater Technologies,Business Analyst - Supply Chain and Financial,"Business Analyst - Supply Chain and Financial
--Recruiting recent grads with work authorization - as OPT EAD, H1B , Green Card and US Citizens for Business Analyst jobs.--We Sponsor H1B visasCoding knowledge is not required as there is minimal coding in this functional application.The software is an ERP (Enterprise Resource Planning) for the supply chain, finance and manufacturing industry.The business analyst shall study the functional aspect of the business process improvement.Good communication and quick learning skills are essential for this role.
WalkWater Technologies Inc. is currently recruiting for full time positions. The positions available are Oracle ERP Business Analyst, Oracle ERP Financial Functional Analyst and Manufacturing (Supply Chain) Functional Analyst.The position is a full time role with Walk Water. The training will be here in San Jose CA.Walk Water Technologies is pleased to extend a Training and Employment offer to you. The employment is contingent on successfully completing the training program.The training program is for a duration of 5 weeks. It’s a full time training course, Theory Class – 5:00pm – 6:30pm Practicals – 3:30pm – 4:30pm
Our 5 week online training comprises of a hands on training on Oracle e-Business Suite Release 12.1.3. You will be trained on 3 modules in Oracle ERP Financials and 3 modules in Oracle ERP Supply chain Management.
The Role that you will be performing– The role that you will be performing is that of a “Oracle Business Analyst”. What this role entails is working with our various clients, understanding what their business process is, come up with the “AS IS” process and the derive the “TO BE” process.

Regards,Melani VasWalkWater Technologies www.e-walkwater.com6040 Hellyer Avenue, #100San Jose, CA 95138Direct: (408) 414 5908Cell: (408) 838 1184Email: melani@e-walkwater.com",,,"Milpitas, CA",3356865,155,,,Contract,41,1.7134E+12,1,https://www.linkedin.com/jobs/view/3902783695/?trk=jobs_biz_prem_srch,,ComplexOnsiteApply,1.716E+12,,Mid-Senior level,,1.7134E+12,,0,CONTRACT,,,,95035,6085,,,,,,,,,
3891079268,Encore Talent Solutions,Information Technology Business Analyst,"Encore Talent is seeking an IT Business Analyst (SAP Finance & Accounting) to collaborate with internal and external stakeholders. Responsibilities include identifying and documenting requirements linked to business and IT initiatives, spearheading technical projects, delineating test scenarios and use cases, validating technical deliverables, exploring technical solutions, and offering support and consultation to business areas to ensure IT and business alignment.
Responsibilities:
Work with internal and external customers to gather, organize, and document stakeholder requirements for projects and application enhancements.Deliver SAP configuration support within all Finance-related modules including General Ledger, Accounts Payable, Accounts Receivable, Fixed Assets, Cost Center Accounting, Profit Center Accounting, and Internal Orders.Develop and maintain a strong SAP user community through end-user training, support, and knowledge sharing to keep solution aligned with the business.Perform stakeholder, impact, and gap analysis.Facilitate requirements gathering sessions and project status meetings.Develop business cases and scope for proposed projects.Construct and manage detailed project plans, work breakdown structures, and master test plans.Create and execute test scenarios.Coordinate quality acceptance testing and user acceptance testing.Develop and execute training plans for current application changes and new application releases.Create and manage change requests and software enhancement requests.Assist in troubleshooting post-implementation issues for projects.Manage POC (proof of concept), RFP (request for proposal), and RFQ (request for proposal) process.Facilitate root cause analysis and solution development activities; analyze and quantify the potential value of the solution options.Provide support and consulting services for various technology systems.Function as the liaison between IT and the business to ensure the successful delivery of projects and application enhancements, timely identification and resolution of technology-related issues, delivery of quality IT services, and strategic alignment between IT and the business.Cultivate and manage relationships with vendors to ensure expectations are clearly communicated, project deliverables are provided in a timely manner, quality standards are met, and SLA are adhered to. Review, evaluate, and develop recommendations for enhancements and support of applications.Identify opportunities for process improvement, cost reduction, and automation within IT and the various lines of business. Conduct research, analyze data, and develop insights to assist in project planning and decision-making.Work with programming resources to ensure system enhancements follow the appropriate IT guidelines, meet or exceed user requirements, and are completed on time.Prepare technical reports by collecting, analyzing, and summarizing information and trends.Run ad-hoc reports using SQL queries, SAP tools, or other reporting tools.Perform job duties in compliance with all local, state, and federal regulations and company policies.
Qualifications:
US citizen or green card holderFocused experience working directly with Finance and Accounting departments.3+ years of relevant business analysis experience.Experience with SAP S4 required.3-5 years of experience with SAP FI (GL, AP, AR, FA), CO (CCA, PCA, Internal Orders)Experience with large software implementations and systems integrations.Exposure to various project methodologies (Agile, Waterfall, or hybrid of both).Experience creating test plans and facilitating user acceptance testing.Experience constructing business cases and providing technology support.Focused experience working directly with external vendors.Experience with SAC Analytics and SAC Planning preferred.2+ years of relevant project management experience preferred.1-3 years of working with ERP applications preferred.Familiarity with all types of technical documentation (business requirement documents, process maps, system diagrams, user experience, uses cases, user stories, test plans, test cases, etc.)Excellent communication and presentation skills; able to effectively convey information to stakeholders at all levels of the organization.Familiarity with project management tools, methodologies, and best practicesStrong interpersonal skills with the ability to work independently or as part of a team.Ability to multi-task, effectively prioritize work, and manage multiple assignments concurrently.Strong analytical and problem-solving skills with attention to detail.Ability to direct and prioritize the workload of a team.Strong planning and organization skills.Passion for customer service, efficiency, effectiveness, precision, and quality.Team player with a willingness to assist others and share expertise.Able to work flexible hours; expected to work nights and weekends as needed.Ability to travel between offices, as required.
Encore Talent Solutions is an Equal Opportunity Employer. We respect and seek to empower each individual and support the diverse cultures, perspectives, skills, and experiences within our workforce.",120000,YEARLY,"Cincinnati, OH",101394644,1,,100000,Full-time,,1.71287E+12,,https://www.linkedin.com/jobs/view/3891079268/?trk=jobs_biz_prem_srch,,ComplexOnsiteApply,1.71546E+12,,,,1.71287E+12,,0,FULL_TIME,USD,BASE_SALARY,110000,45202,39061,,,,,,,,,
3884823184,"V-Soft Consulting Group, Inc.",Data Engineer (SAP ECC To HANA Migration),"Data Engineer (SAP ECC To HANA Migration) (Remote)

Primary Location: Charlotte, North Carolina

V-Soft Consulting is currently hiring for a Data Engineer (SAP ECC To HANA Migration) (Remote) for our premier client.

Education And Experience »

Prior experience working on a SAP ECC to SAP S4 Hana Migration Project.4+ years in an ETL or Data Engineering roles; building and implementing data pipelines and modeling data.Experience with SAP data and data structures.Experience managing Snowflake instances, including data ingestion and modeling.Experience with IBM DataStage is a plus.Very strong skills with SQL with the ability to write efficient queries.Familiarity with Fivetran for replication.

What You’ll Do

Job Responsibilities:

Define, build, test, and implement data pipelines for S/4 and ECC tables into Snowflake.Work across multiple teams, such as project managers, SAP Basis, architecture, and business users.Monitor pipeline performance and cost efficiency.Collaborate with analytics and reporting teams to ensure reporting requirements are met.Perform data analysis required to troubleshoot data related issues and assist in the resolution of data issues.

Interested?

Qualified candidates should send their resumes to srai@vsoftconsulting.com

V-Soft Consulting Group is recognized among the top 100 fastest growing staffing companies in North America, V-Soft Consulting Group is headquartered in Louisville, KY with strategic locations in India, Canada and the U.S. V-Soft is known as an agile, innovative technology services company holding several awards and distinctions and has a wide variety of partnerships across diverse technology stacks.

As a valued V-Soft Consultant, you’re eligible for full benefits (Medical, Dental, Vision), a 401(k) plan, competitive compensation and more. V-Soft is partnered with numerous Fortune 500 companies, exceptionally positioned to advance your career growth.

V-Soft Consulting provides equal employment opportunities to all employees and applicants for employment and prohibits discrimination and harassment of any type without regard to race, color, religion, age, sex, national origin, disability status, genetics, protected veteran status, sexual orientation, gender identity or expression, or any other characteristic protected by federal, state or local laws.

For more information or to view all our open jobs, please visit www.vsoftconsulting.com or call (844) 425-8425.

",,,"Charlotte, NC",96692,31,,,Contract,8,1.71237E+12,,https://www.linkedin.com/jobs/view/3884823184/?trk=jobs_biz_prem_srch,,SimpleOnsiteApply,1.71496E+12,,Entry level,,1.71237E+12,www.vsoftconsulting.com,0,CONTRACT,,,,28202,37119,,,,,,,,,
3905821286,Plymouth Rock Assurance,Lead Data Scientist,"The Lead Data Scientist takes a lead role in assigned data science initiatives with limited supervision. He/she will be independently responsible for full-cycle of model development, deployment and monitoring to enable future growth and profitability for our book of business through appropriate pricing, underwriting of risk and other related disciplines.
Essential Functions and ResponsibilitiesProduces complex predictive models enabling the creation of rating plans and evaluation of risk and profitability.Identifies drivers of insurance costs, understanding the economics of customers’ behavior and estimating the expected losses for segments of risks using advanced statistical and analytical techniques on large data sets.Develops studies that evaluate new business models for customer retention and growth initiatives as well as estimate the lifetime value of customer segments.Participates in the development of the overall analytical framework to support the company’s strategy for growthTakes active role in innovationMentors junior members of the teamCommunicates analysis, strategy and recommendations to diverse audiences, including technical and non-technical.Collaborates with upper management to assess the potential effects of proposed solutions and incorporates these considerations into recommendations.Advanced skills and training in predictive modeling, data mining and other quantitative and research analytics (Non-Linear Regression Analysis, Multivariate Analysis, Bayesian Methods, Generalized Linear Models, Decision Trees, Non Parametric estimations, etc.).Ability to apply various predictive modeling techniques to develop solutions to various real-world problems.Hands-on experience developing and delivering structured, methodology projects.Exceptional programming ability in SAS, SQL, R, Python or other programming languages.Excellent written and oral communication and presentation skills.In-depth understanding of database principles and experience working with large databases.Ability to influence and guide across departmental boundaries.
Qualifications and Education3 or more years of experience developing and implementing multivariate predictive models using GLM and other statistical methods. PhD in economics, statistics, or related field required.Or in the alternative, a Master’s degree in Statistics, Engineering, Mathematics, Economics, or a related field (foreign educational equivalent accepted) and five (5) years of experience as indicated above.High level of organizational and project management experience handling multiple projects simultaneously.
About the CompanyThe Plymouth Rock Company and its affiliated group of companies write and manage over $2 billion in personal and commercial auto and homeowner’s insurance throughout the Northeast and mid-Atlantic, where we have built an unparalleled reputation for service. We continuously invest in technology, our employees thrive in our empowering environment, and our customers are among the most loyal in the industry. The Plymouth Rock group of companies employs more than 1,900 people and is headquartered in Boston, Massachusetts. Plymouth Rock Assurance Corporation holds an A.M. Best rating of “A-/Excellent”.",,,"Woodbridge, NJ",540808,3,,,Full-time,,1.71353E+12,,https://www.linkedin.com/jobs/view/3905821286/?trk=jobs_biz_prem_srch,,SimpleOnsiteApply,1.71612E+12,,Mid-Senior level,,1.71353E+12,,0,FULL_TIME,,,,7095,34023,,,,,,,,,
3902864219,Harris Allied,Business Analyst/QA - Trading Systems,"Business Analyst/QA - Trading Systems (Fixed Income Derivatives)
Pioneering fintech startup revolutionizing the trading of global derivatives, swaps, and options through an innovative electronic execution venue. Their cutting-edge technology provides rapid execution globally across asset classes. Led by a team of Wall Street luminaries, they are licensed by the CFTC, ensuring a secure and transparent trading environment.
The Role:Join our passionate team as a Business Analyst and play a pivotal role in shaping the future of derivatives trading. You will collaborate closely with our rates trading team and leading bank dealer clients to identify and implement solutions that optimize their trading experience on our cutting-edge platform. This is a contract-to-hire opportunity.
Responsibilities:Partner with business stakeholders, traders, and clients to understand their trading needs and challenges.Translate business requirements into clear and concise functional specifications and test cases.Prioritize and manage the project backlog for efficient execution.Collaborate with the development team to ensure projects meet established functional and non-functional requirements.Foster clear communication between business and development teams, bridging the gap between technical and non-technical aspects.You are a perfect fit if you have:5+ years of experience as a Business Analyst or QA Analyst with electronic trading systems, preferably in a front-office role.Experience with IRD, Fixed Income, or Equity trading.Experience supporting front-office trading teams.Proven ability to thrive in an Agile/Scrum development methodology (2+ years of experience, certification preferred).Experience working with offshore development teams (2+ years).A strong desire to work in a fast-paced startup environment (highly desirable).Excellent project management skills.Qualifications:Bachelor's degree in Computer Science, Management Information Systems, or Engineering (a Master's degree or MBA is a plus).Hands-on approach with a dedication to high-quality work.A problem-solving mindset and a passion for innovation.Excellent communication, collaboration, and interpersonal skills.",80,HOURLY,"New York, NY",1595660,3,,65,Full-time,,1.71356E+12,,https://www.linkedin.com/jobs/view/3902864219/?trk=jobs_biz_prem_srch,,ComplexOnsiteApply,1.71616E+12,,Associate,,1.71356E+12,,0,FULL_TIME,USD,BASE_SALARY,150800,10001,36061,,,,,,,,,
3901678622,Integration International Inc.,Product / business Analyst,"Required SkillsBachelor's degree in a relevant field (e.g., Business, Computer Science, Engineering) or equivalent2 to 4 years’ hands on work experience as a Product Analyst role in a tech startup or a digital transformation and innovation organization.Proficiency in writing database SQL queriesProficiency coding in PythonStrong analytical skills with proficiency in data analysis tools and techniques.Excellent communication and interpersonal skills. Able to present product data analysis / narrative to various groups.
Nice to haveExperience in AI-Powered and Generative AI (LLM) products.Experience with user analysis tools like Google Analytics or Adobe Analytics or similar.Experience in building dashboards in AWS QuickSight and QuickSight Q.Familiarity with Agile/Scrum methodologies.Ability to adapt to a fast-paced, evolving startup environment.",,,United States,92309,810,,,Full-time,311,1.71321E+12,1,https://www.linkedin.com/jobs/view/3901678622/?trk=jobs_biz_prem_srch,,ComplexOnsiteApply,1.71581E+12,,Mid-Senior level,,1.71321E+12,,0,FULL_TIME,,,,,,,,,,,,,,
3889756865,Matlen Silver,Data Analyst/Engineer Techno Functional Analyst (Jersey City) x2,"Job Title: Data Analyst/Engineer Techno Functional Analyst
 Duration: 12-18 months
 Location: Jersey City, NJ or Charlotte, NC
 Required Pay Scale: 60-65/Hour on W2
 ***Due to client requirements this role is only open to USC or GC candidates***
 
 Job Summary:
 Project Details:
Corporate treasury data horizontal team is migrating off of Oracle RDBMS to a Hadoop Infrastructure. Processing 4 billion records of treasury data per day. POCs are complete, they are now processing data in about 1 hour. 
They need to hire this ""techno functional analyst"" not to face off with business, but more so to act like a psuedo data engineer. They will go in look and and understand data lineage, look at feed files trace it thru schemas, understand data movements, help developers do a huge migration, see where breaks are coming from as they happen, help developers understand current code and changes needed, look at legacy feeds and work them thru the new platform. dealt with large data sets in the past.
 Must Haves
mid senior exp minimum 5-7 yrs 
 data analysis, lineage not as important- wont do that for 8+ months,
 SQL at least a 4,
 rdbms,
 experience working with large data sets
 
 Desired Skills
Hadoop 
Financial industry experience
 About Matlen Silver
 Experience Matters. Let your experience be driven by our experience. For more than 40 years, Matlen Silver has delivered solutions for complex talent and technology needs to Fortune 500 companies and industry leaders. Led by hard work, honesty, and a trusted team of experts, we can say that Matlen Silver technology has created a solutions experience and legacy of success that is the difference in the way the world works.
 
 Matlen Silver is an Equal Opportunity Employer and considers all applicants for all positions without regard to race, color, religion, gender, national origin, age, sexual orientation, veteran status, the presence of a non-job-related medical condition or disability, or any other legally protected status.
 If you are a person with a disability needing assistance with the application or at any point in the hiring process, please contact us at email and/or phone at: info@matlensilver.com // 908-393-8600
 ",,HOURLY,"New Jersey, United States",16127,179,65,,Contract,39,1.71267E+12,,https://www.linkedin.com/jobs/view/3889756865/?trk=jobs_biz_prem_srch,https://www.aptrack.co/uap/AAAGoQAPaUsCHS1y/,OffsiteApply,1.71526E+12,,,,1.71267E+12,,0,CONTRACT,USD,BASE_SALARY,135200,,,,,,,,,,,
3906226767,Verizon,Military Fellowship - Data Scientist,"When you join Verizon

Verizon is one of the world's leading providers of technology and communications services, transforming the way we connect around the world. We're a human network that reaches across the globe and works behind the scenes. We anticipate, lead, and believe that listening is where learning begins. In crisis and in celebration, we come together-lifting up our communities and striving to make an impact to move the world forward. If you're fueled by purpose, and powered by persistence, explore a career with us. Here, you'll discover the rigor it takes to make a difference and the fulfillment that comes with living the #NetworkLife.

What you'll be doing...

The Network Capital Management (NCM) team is hiring a strategic thinker with strong software frontend and backend skills to join a high-profile, high-visibility organization that powers Verizon's Network capital analytics. You will be part of a team that builds strategy, analysis, and insights that inform, quantify, and enable business decisions and investments for Verizon Networks. As a member of NCM, you will shape multibillion-dollar investments for the nation's largest network.

For this role, you will be a member of the Waypoint Project Team. Waypoint creates and ingests model data to produce comprehensive optimized multi-year capital plans across a series of data-driven dashboards with dependencies between major network programs allowing for a strong focus on capital-efficient performance outcomes that are feasible based on various build pipelines while emphasizing trade-offs between plans, collaboration, and feedback.

In order to be successful, decisions need to be made based on high-quality data insights that are aligned with NCM's partners & stakeholders.

The responsibilities associated with this role are:
Partner with the existing team to identify critical focus areas for upcoming work
Develop new features and maintain the existing Waypoint data platform 
Work on critical focus areas by meeting with stakeholders to identify the business process, and relevant data to create meaningful high-value models 
Measure model outcomes as input actuals shift to understand the impacts on future plans
Perform quality assurance testing and maintenance on existing and new dashboards to maintain a high user experience
Lead efforts to boost engagement via demonstrations and gathering stakeholder feedback for future enhancements that boost value/use 
Aid in transitioning the tool's architecture from external Verizon sources to NCM sources. 

What we're looking for...

You'll need to have:
Must be a current participant of the Department of Defense Skillbridge Program or of the Hiring our Heroes Corporate Fellowship Program Cohort 2-2024.
Bachelor's degree or higher in data science, engineering, or computer science
Six or more years of Experience with logical data modeling development tools & languages, visualization tools (Tableau), database management (SQL), & API integration
Strong understanding of SQL, Python (or other relevant programming languages), problem-solving using logical representations of real-world systems
Analytical capability, including the ability to analyze a large amount of data between and amongst various systems
Proven ability to prioritize, manage, and deliver multiple complex projects against key deliverables and timelines
Strong written and verbal communication skills, including the ability to distill complex issues quickly, effectively communicate strategies, and summarize key points
Visualization/storyboarding experience to present insights and recommendations in concise, intuitive, narratives
Demonstrated effective communication skills with the ability to influence and set expectations across various functional teams; and across all levels within the organization 

Even better if you have one or more of the following:
Master's degree in data science, engineering, or computer science 
High level of curiosity and investigative mindset, with strong attention to detail
Experience with Alteryx, Tableau, and other data processing programs
Experience with Agile methodologies
Strong project and process management skills and ability to manage multiple competing projects/priorities simultaneously
Able to translate data into Executive Presentations in an accurate, clear, and concise manner, including graphical displays
Strong Google Suite & Microsoft Office skills

If Verizon and this role sound like a fit for you, we encourage you to apply even if you don't meet every ""even better"" qualification listed above.

Where you'll be working

In this hybrid role, you'll have a defined work location that includes work from home and assigned office days set by your manager.

Scheduled Weekly Hours
40

Equal Employment Opportunity

We're proud to be an equal opportunity employer - and celebrate our employees' differences, including race, color, religion, sex, sexual orientation, gender identity, national origin, age, disability, and Veteran status. At Verizon, we know that diversity makes us stronger. We are committed to a collaborative, inclusive environment that encourages authenticity and fosters a sense of belonging. We strive for everyone to feel valued, connected, and empowered to reach their potential and contribute their best. Check out our diversity and inclusion page to learn more.",,,"Basking Ridge, NJ",1103,,,,Full-time,,1.71356E+12,,https://www.linkedin.com/jobs/view/3906226767/?trk=jobs_biz_prem_srch,https://www.aplitrak.com/?adid=YmJnZW5lcmljLjczNDk3LjE1NTBAdmVyaXpvbndvcmtkYXkuYXBsaXRyYWsuY29t,OffsiteApply,1.71615E+12,,Associate,,1.71356E+12,www.aplitrak.com,0,FULL_TIME,,,,7920,34035,,,,,,,,,
3887840211,The Hawk Group,Data Engineer,"Job SummaryThe Data Engineer role will be responsible for building data pipelines from source systems into the analytics environment with validation to allow creation and operations of analytical solutions and computational models. The role will receive daily direction from the Alaska Digital Technology Data Management and Analytics Senior Solutions Architect.
ResponsibilitiesDevelop, test, and manage data pipelines.Collect, explore, validate, and condition data.Collaborate with business subject matter experts and data scientists to create data sets and engineer features for analytical models.Productionize and operationalize analytical models.Adhere to ConocoPhillips’ governance and compliance policies for data and processes.Monitor model performance.Modernize business-critical Oracle database hosted on Unix leveraging Perl scripts for integration and transformation logic.Monitor, optimize, and support the development, test and production environments working closely with the database administrators, analytics architect, and IT infrastructure support to ensure system availability.Integrate and prepare large, varied datasets including time series data and designing specialized database tables and information links within the environment.Work closely with engineers, data scientists, geo-scientists, project/program managers, and IT teams to provide clean and reliable data.
Required QualificationsBS Degree in Computer Science, Math, Engineering, Statistics, Information Systems, Information Science, or related field5+ years of MS work experienceStrong practical programming skills, including an advanced knowledge of one or more programming languages, and at least an intermediate knowledge of Python. R, C++, Java, SQL, PerlExperience with data visualization/analytics tools, plus strong Excel skills Spotfire, Power BIExperience with an RDBMS, including strong SQL skills Snowflake, Oracle hosted on Unix, Teradata, MS SQLExperience connecting to enterprise systemsExperience with Cloud DevOps and Infrastructure as Code (IaC) Azure, AWS (Cloud Formation, Terraform), MS AzureExperience handling large amount of operational data Experience with Oil & Gas time series data feeds in combination with historical and unstructured dataExcellent verbal and written presentation skills, with the ability to communicate clearly and persuasivelyOil and Gas Industry experienceExcellent interpersonal skills in areas such as teamwork and communications Open attitude towards and ability to learn and utilize new technologies and standardsUnderstand project processes and methodology to support Project Management initiatives and delivery Project Management",,,"Anchorage, AK",640071,21,,,Full-time,5,1.71236E+12,,https://www.linkedin.com/jobs/view/3887840211/?trk=jobs_biz_prem_srch,,SimpleOnsiteApply,1.71496E+12,,Mid-Senior level,,1.71236E+12,,0,FULL_TIME,,,,99501,2020,,,,,,,,,
3885101852,Ascentt,Data Engineer,"Overview:As a Data Engineer specializing in Cloud Image and Edge Device handling, you will play a crucial role inthe development and maintenance of our data infrastructure, particularly focused on managing imagedata from edge devices and processing it efficiently in cloud environments. You will be responsible fordesigning, implementing, and optimizing data pipelines to ensure seamless ingestion, storage, andanalysis of image data from various sources. Additionally, you will collaborate closely with crossfunctionalteams to integrate data-driven solutions into our products and services.Responsibilities:Data Pipeline Development: Design, implement, and maintain scalable data pipelines for ingesting,processing, and analyzing image data from edge devices to cloud-based storage and computingplatforms.Data Architecture: Design and Architect a Data Lake for structured and unstructured data over cloud(e.g., AWS, Azure, Google Cloud) for efficient storage, processing, and retrieval of data, ensuring highavailability, reliability, and performance.Edge Device Integration: Develop strategies and mechanisms for seamless integration of edge deviceswith cloud-based systems, including data synchronization, device management, and security protocols.Image Data Processing: Implement algorithms and techniques for real-time processing, transformation,and analysis of image data, optimizing for speed, accuracy, and resource efficiency.Data Quality and Governance: Implement data quality checks, validation processes, and governanceframeworks to ensure the integrity, consistency, and security of image data throughout its lifecycle.Performance Optimization: Identify performance bottlenecks in data pipelines and cloud infrastructure,and implement optimizations to improve throughput, latency, and cost-effectiveness.Collaboration and Communication: Collaborate with cross-functional teams, including softwareengineers, data scientists, and domain experts, to understand requirements, prioritize tasks, and deliverintegrated solutions.Documentation and Best Practices: Document design decisions, implementation details, and bestpractices for data engineering processes, ensuring knowledge sharing and continuous improvementwithin the team.Qualifications:Bachelor's or Master's degree in Computer Science, Engineering, or related field.Proven experience as a Data Engineer, preferably with specialization in handling image data.Strong proficiency in cloud computing platforms (e.g., AWS, Azure, Google Cloud) and related services(e.g., S3, EC2, Lambda, Kubernetes).Experience with data engineering tools like DataBrick, Snowflake, Glue etc.Proficiency in programming languages commonly used in data engineering (e.g., Python, Scala, Java) andfamiliarity with relevant libraries and frameworks (e.g., Apache Spark, TensorFlow, OpenCV).Solid understanding of data modeling, schema design, and database technologies (e.g., SQL, NoSQL,data warehouses).Familiarity with DevOps practices, CI/CD pipelines, and containerization technologies (e.g., Docker,Kubernetes).Strong problem-solving skills, analytical thinking, and attention to detail.Excellent communication and collaboration skills, with the ability to work effectively in a cross-functionalteam environment.",,,"Dallas, TX",230220,2,,,Full-time,,1.7124E+12,,https://www.linkedin.com/jobs/view/3885101852/?trk=jobs_biz_prem_srch,,SimpleOnsiteApply,1.72795E+12,,,,1.7124E+12,,0,FULL_TIME,,,,75201,48113,,,,,,,,,
3887920166,USAA,"Director, Decision Science Analytics – Personal Lines Product Intelligence","Why USAA?

At USAA, we have an important mission: facilitating the financial security of millions of U.S. military members and their families. Not all of our employees served in our nation’s military, but we all share in the mission to give back to those who did. We’re working as one to build a great experience and make a real impact for our members.

We believe in our core values of honesty, integrity, loyalty and service. They’re what guides everything we do – from how we treat our members to how we treat each other. Come be a part of what makes us so special!

The Opportunity

We offer a flexible work environment that requires an individual to be in the office 4 days per week. This position can be based in one of the following locations: San Antonio, TX; Phoenix, AZ or Tampa, FL.

Relocation assistance is not available for this position.

Leads and develops a highly analytical staff that provides decision support for business areas across the enterprise. By serving as a strategic partner to the business this function will be responsible for applying mathematical and statistical techniques and/or innovative /quantitative analytical approaches to draw conclusions and make 'insight to action' recommendations to answer business objectives and drive change.

What You’ll Do

As a strategic partner, leads or collaborates with other analytical leaders in executing the strategic direction of the business using mathematical and statistical techniques and/or innovative/quantitative analytical approaches.Develops team reputation as highly skilled experts in the area of decision science support.Oversees and coordinates analytical tasks which include the evaluation of the business problem, analytical methodology, validation, documentation and presentation of findings and recommendations.Monitors, understands, and adopts emerging technology that can affect the application of scientific methodologies and/or quantitative analytical approaches to problem resolutions.Identifies additional resource needs ranging from IT investments, 3rd party support or additional analysts and provides business rationale and justification for additional needs.Understands the business direction, environment and strategies, to set the analytic direction and builds strategy to execute the approach that will influence business and drive change.Leads the effort and/or partners with enterprise analytics teams to build USAA core analytics capabilities and processes.Builds and oversees a team of employees for assigned functional area through ongoing execution of recruiting, development, retention, mentor and support, performance management, and managerial activities.Assigns and or Serves as a mentor for mathematical skills and statistical techniques and guides teams to use the appropriate approaches, to drive fact-based decision-making.Maintains and innovates knowledge of data analysis tools, data visualization, developing analysis queries and procedures in SQL, SAS, BI tools or other analysis software, and relevant industry data & methods and ability to connect external insights to business problems.Researches and pursues the latest and/or industry leading practices in data and analytics, (Ex: Cloud, Data Mining, Python, Neural Networks, Sensor data, IoT, Streaming/NRT data) to advance the overall DSA community knowledge.Identifies opportunities to continue to learn in the data and analytics space, whether informal (E.g., Coursera, Udemy, Kaggle, Code Up, etc.) or formal (E.g. Certifications or advanced coursework).Works with IT/CTO partners to advance new data and platforms that correspond to evolving skill sets.Ensures risks associated with business activities are effectively identified, measured, monitored, and controlled in accordance with risk and compliance policies and procedures.

What You Have

Bachelor's degree in quantitative analytics field such as Economics, Finance, Statistics, Mathematics, Actuarial Sciences, Operations Research, Data and/or Business Analysis, Data Science or other quantitative discipline; OR 4 years of related experience in statistics, mathematics or quantitative analytics (in addition to the minimum years of experience required) may be substituted in lieu of degree.8 years of experience in a decision support analytic function OR advanced degree in relevant quantitative discipline, 6 years of experience in a decision support analytic function.3 years of direct team lead or management experience.Demonstrates expert skills in mathematical and statistical techniques and approaches used to influence Business Strategy with fact-based decision-making to all levels of leadership up to senior executive levels.Modernizes knowledge of data analysis tools, data visualization, developing analysis queries and procedures in SQL, SAS, BI tools or other analysis software, and relevant industry data & methods and ability to connect external insights to business problems.Experience with new and emerging data sets, and incorporation (data wrangling, data munging) into new insights.

What Sets You Apart

Experience in product forecasting and planning.Product Management experience.Strong communication skills, specifically being able to explain a complex topic to a non-technical audience.Strong Microsoft Excel skills.

The above description reflects the details considered necessary to describe the principal functions of the job and should not be construed as a detailed description of all the work requirements that may be performed in the job.

What We Offer

Compensation: USAA has an effective process for assessing market data and establishing ranges to ensure we remain competitive. You are paid within the salary range based on your experience and market data of the position. The actual salary for this role may vary by location. The salary range for this position is: $158,960 - $286,130.

Employees may be eligible for pay incentives based on overall corporate and individual performance and at the discretion of the USAA Board of Directors.

Benefits: At USAA our employees enjoy best-in-class benefits to support their physical, financial, and emotional wellness. These benefits include comprehensive medical, dental and vision plans, 401(k), pension, life insurance, parental benefits, adoption assistance, paid time off program with paid holidays plus 16 paid volunteer hours, and various wellness programs. Additionally, our career path planning and continuing education assists employees with their professional goals.

For more details on our outstanding benefits, please visit our benefits page on USAAjobs.com.

Applications for this position are accepted on an ongoing basis, this posting will remain open until the position is filled. Thus, interested candidates are encouraged to apply the same day they view this posting. 

USAA is an Equal Opportunity Employer. All qualified applicants will receive consideration for employment without regard to race, color, religion, sex, sexual orientation, gender identity, national origin, disability, or status as a protected veteran.",286130,YEARLY,"Phoenix, AZ",4501,4,,158960,Full-time,,1.71264E+12,,https://www.linkedin.com/jobs/view/3887920166/?trk=jobs_biz_prem_srch,https://dsp.prng.co/fKmNnbb,OffsiteApply,1.71523E+12,,Director,,1.71264E+12,dsp.prng.co,0,FULL_TIME,USD,BASE_SALARY,222545,85003,4013,,,,,,,,,
3902872004,Ledgent Technology,BI Analyst,"Roth Staffing is looking for a Sr. BI Analyst within the medical technologies firm. The BI Analyst will be responsible to develop, implement, and support with IT structure data to solve tangible business problems by creating ETL pipeline using Python or tools like, SQL Query, SSIS and DAX programming languages, creating Datamart and Data warehousing, perform data visualization using BI packages (Power BI, Power Automate, Power Apps, Dataflows) and applying statistical analysis tools like Minitab.Job Responsibilities:
*Leads efforts to reengineer and optimize business processes and systems by assessing business needs and developing, proposing, and implementing technology solution options.
*Build and develop data visualization, tools, dashboards, and reports to improve business intelligence and meet business goals.
*Leads and manages enhancements and modifications to optimize business intelligence processes by coordinating with SME and identify new data requirements, analysis strategies and reporting mechanisms.
*Configures and tests systems to execute features, integration, and reporting.
*Collaborate with organization stakeholders and business unit users to analyze data sets to spot trends and patterns that can be translated into actionable insights and modelling and integrating visualization into Power BI by querying data from various sources like SQL servers, Oracle, Azure SQL, Excel, PDF, etc
*Understanding business questions that drive reports, listen to business questions and reporting requirements to create one-time reports and dashboards that provide data driven answers that helps making business decisions.
*Write sophisticated SQL with a preference for well-architected data models, optimized query performance, and documented code.Qualifications:
* Bachelor's degree in a technical field such as computer science, computer engineering or related field required
* 5-7 years experience required
*Strong ability to manage and deal with different cultures and nationalities
*Substantial understanding and knowledge of enterprise information systems such as ERP, PLM, CRM, QMS, etc (such as JDE, SAP, Pilgrim) preferred
*Experience with FDA guidelines for Software Quality and Systems Validation required and is a plus
*4+ years of SQL experience, should be able to write complex queries including, stored procedure, creating indexes, CTE's, Functions, and query optimization.
*4+ years of Power BI experience with creating and publishing reports, DAX queries, M-code, Data Flows, Power App, and Power Automate.
*Strong experience using Power BI with on premise and cloud data sources, including Oracle, and SQL Server.
*Strong experience in performance tuning of Power BI reports and SQL with large volume data sources.
*In-depth understanding of database management systems, online analytical processing (OLAP) and ETL (Extract, transform, load) framework.
*Highly Proficient with Microsoft Excel
*Should be able to create ETL pipelines in SQL, Python or tools like, SSIS, Azure data factory.
*Proven expertise in usage of MS Office Suite
*2+ years of experience with python.
Desired Skills and Experience

Roth Staffing is looking for a Sr. BI Analyst within the medical technologies firm. The BI Analyst will be responsible to develop, implement, and support with IT structure data to solve tangible business problems by creating ETL pipeline using Python or tools like, SQL Query, SSIS and DAX programming languages, creating Datamart and Data warehousing, perform data visualization using BI packages (Power BI, Power Automate, Power Apps, Dataflows) and applying statistical analysis tools like Minitab.

Job Responsibilities:
*Leads efforts to reengineer and optimize business processes and systems by assessing business needs and developing, proposing, and implementing technology solution options.
*Build and develop data visualization, tools, dashboards, and reports to improve business intelligence and meet business goals.
*Leads and manages enhancements and modifications to optimize business intelligence processes by coordinating with SME and identify new data requirements, analysis strategies and reporting mechanisms.
*Configures and tests systems to execute features, integration, and reporting.
*Collaborate with organization stakeholders and business unit users to analyze data sets to spot trends and patterns that can be translated into actionable insights and modelling and integrating visualization into Power BI by querying data from various sources like SQL servers, Oracle, Azure SQL, Excel, PDF, etc
*Understanding business questions that drive reports, listen to business questions and reporting requirements to create one-time reports and dashboards that provide data driven answers that helps making business decisions.
*Write sophisticated SQL with a preference for well-architected data models, optimized query performance, and documented code.

Qualifications:
* Bachelor's degree in a technical field such as computer science, computer engineering or related field required
* 5-7 years experience required
*Strong ability to manage and deal with different cultures and nationalities
*Substantial understanding and knowledge of enterprise information systems such as ERP, PLM, CRM, QMS, etc (such as JDE, SAP, Pilgrim) preferred
*Experience with FDA guidelines for Software Quality and Systems Validation required and is a plus
*4+ years of SQL experience, should be able to write complex queries including, stored procedure, creating indexes, CTE's, Functions, and query optimization.
*4+ years of Power BI experience with creating and publishing reports, DAX queries, M-code, Data Flows, Power App, and Power Automate.
*Strong experience using Power BI with on premise and cloud data sources, including Oracle, and SQL Server.
*Strong experience in performance tuning of Power BI reports and SQL with large volume data sources.
*In-depth understanding of database management systems, online analytical processing (OLAP) and ETL (Extract, transform, load) framework.
*Highly Proficient with Microsoft Excel
*Should be able to create ETL pipelines in SQL, Python or tools like, SSIS, Azure data factory.
*Proven expertise in usage of MS Office Suite
*2+ years of experience with python.

All qualified applicants will receive consideration for employment without regard to race, color, national origin, age, ancestry, religion, sex, sexual orientation, gender identity, gender expression, marital status, disability, medical condition, genetic information, pregnancy, or military or veteran status. We consider all qualified applicants, including those with criminal histories, in a manner consistent with state and local laws, including the City of Los Angeles' Fair Chance Initiative for Hiring Ordinance.",73,HOURLY,"Irvine, CA",10592585,2,,70,Contract,,1.71357E+12,1,https://www.linkedin.com/jobs/view/3902872004/?trk=jobs_biz_prem_srch,,SimpleOnsiteApply,1.71616E+12,,Mid-Senior level,,1.71357E+12,,0,CONTRACT,USD,BASE_SALARY,148720,92602,,,,,,,,,,
3899544343,Vaco,Senior Manager of Talent Acquisition Analytics & Business Intelligence (Direct-Hire / Remote),"Vaco is actively seeking a remote Senior Manager of Talent Acquisition Analytics with signifigant experience in Workday and Bower BI for direct-hire employment with our client.

This is a fantastic opportunity to join a stable and highly respected organization that is a proven leader in their field!


Summary

This position will partner with senior executives within HR and operations and act as the primary point of contact for analysis, reporting, business intelligence, and recruitment analytics. 

Education and Experience:
 5+ years of HR / HRIS reporting and analytics experience with a solid understanding of Talent Acquisition principles and metrics.Experience with Workday HRIS system including reporting.Advanced development skills with Power BI.Ability to build and support custom dashboards as well as ad hoc and recurring reports.Ability to understand and translate data needs into concise and presentable reports, dashboards, and presentations.Detail-oriented and ability to work independently and manage multiple priorities in a fast-paced environment.Previous management experience, preferably within data analysis and business intelligence.
 Additional Details:
 Employment Type: Direct HireStart Date: ImmediateLocation: RemoteTarget Compensation: $160k salary plus bonus Employment Status: Corp-to-Corp or employment sponsorship is not being considered at this time

Interested Candidates are Encouraged to Apply for Immediate Consideration!",170000,YEARLY,"Memphis, TN",11229,372,,160000,Full-time,120,1.71328E+12,1,https://www.linkedin.com/jobs/view/3899544343/?trk=jobs_biz_prem_srch,,SimpleOnsiteApply,1.71449E+12,,Mid-Senior level,,1.71328E+12,,0,FULL_TIME,USD,BASE_SALARY,165000,38103,47157,,,,,,,,,
3904092271,maven,Lead Machine Learning Researcher,"Our client is an elite systematic trading firm with an enviable track record of superior performance. 
They also enjoy a unique friendly and collaborative research engineering culture more akin to a scientific organization or graduate school.
The firm prides itself in its spectacular long term retention record nurtured through extremely high levels of compensation, the freedom to pursue intellectual curiosities and the aggressive promotion of work-life balance and family first policies. 
As part of their continuing success and growth plans, the firm is hiring PhD quants, researchers and quantitative developers across a variety of trading teams.
Depending on your experience and interests, you will work on enhancing existing or developing new automated trading strategies and algorithms.
This is a great long term opportunity to join and continue to build your career in a collaborative and creative team of some of the smartest talent in the quant trading business.
Requirements:
Outstanding academic background (Bachelors, Masters, PhD) in a hard science.1-5 years of experience researching & implementing algorithmic trading signals / strategies at a trading firm or Investment Bank.Expertise in one or more of statistics, machine learning, artificial intelligence and math.Strong programming skills in Python and or C++.",,,Greater Chicago Area,3333693,2,,,Full-time,,1.71353E+12,,https://www.linkedin.com/jobs/view/3904092271/?trk=jobs_biz_prem_srch,,ComplexOnsiteApply,1.71612E+12,,,,1.71353E+12,,0,FULL_TIME,,,,,,,,,,,,,,
3887489778,MetLife,Principal AI Engineer (Virtual),"Requirements

 Description and Requirements 

 Role Value Proposition: 

The Platforms & Engineering organization provides modern capabilities and services that are common to the enterprise, that can be used by the various CIO and Business teams. These services range from API platform capabilities, CRM functions, Cloud Data platforms and Developer Productivity tools to name a few. The most recent addition has been with Generative AI capabilities, which has been offered as a platform to drive more reuse and ease the burden for app teams to onboard into using AI capabilities.

As part of our continued focus on driving efficiencies related to platforms and developer productivity, we are looking for an experienced Principal AI engineer to work as part of a multidisciplinary team with the mission to research, develop, and implement responsible use of AI to provide superior customer service and create operational and market differentiating capabilities to further establish MetLife as a global industry leader in the Insurance and Financial Services industry.

The Principal AI engineer will utilize deep learning, neuro-linguistic programming, computer vision, chatbots, model fine-tuning, and retrieval augmented generation to help us improve various business outcomes and drive innovation.

 Objectives of this role 

 Manage and direct processes and R&D (research and development) to meet the needs of our AI strategy  Understand company and customer challenges and how integrating AI capabilities can help lead to solutions  Lead cross-functional teams in identifying and prioritizing key areas of business where AI solutions can drive significant business benefit  Analyze and explain AI and machine learning (ML) solutions while setting and maintaining high ethical standards 


Responsibilities

 Advise executives and business leaders on a broad range of technology, strategy, and policy issues associated with AI  Work on functional design, process design (including scenario design, flow mapping), prototyping, testing, training, and defining support procedures, in collaboration with an advanced engineering team, internal partners, and executive leadership  Articulate and document the solutions architecture and lessons learned for each exploration and accelerated incubation  Stay abreast of advancements in the AI and automation market and competitor landscape  Research, develop, and test various language models against internal benchmarks to identify the most optimal model for the given use case 


Preferred Skills And Qualifications

 Bachelor’s Degree in Computer Science, Information Systems, Business Administration, Engineering, or related field.  10+ years of experience in full stack engineering, especially in cloud environments, in a large enterprise  5+ years of Experience with cloud service providers such as Azure (mandatory), AWS & GCP (preferred)  Expertise with the DevSecOps processes and driving improvements to Developer Experience  Two or more years of experience in applying AI to practical and comprehensive technology solutions  Experience with ML, deep learning, TensorFlow, Python, NLP  Knowledge of basic algorithms, object-oriented and functional design principles, and best-practice patterns  Experience in REST API development, NoSQL database design, and RDBMS design and optimization 


The wage range for applicants for this position is$140k to $180k. This role is also eligible for annual short-term incentive compensation. MetLife offers a comprehensive benefits program, including healthcare benefits, life insurance, retirement benefits, parental leave, legal plan services and paid time off. All incentives and benefits are subject to the applicable plan terms.

Equal Employment Opportunity/Disability/Veterans

If you need an accommodation due to a disability, please email us at accommodations@metlife.com. This information will be held in confidence and used only to determine an appropriate accommodation for the application process.

MetLife maintains a drug-free workplace.",,,United States,2213,51,,,Full-time,2,1.71235E+12,1,https://www.linkedin.com/jobs/view/3887489778/?trk=jobs_biz_prem_srch,https://www.metlifecareers.com/ml/FolderDetail/Principal-AI-Engineer/1952?&utm_source=linkedin.com&utm_medium=job_posting&utm_campaign=2016_media_gta&utm_content=&utm_term=,OffsiteApply,1.71494E+12,,,,1.71235E+12,www.metlifecareers.com,0,FULL_TIME,,,,,,,,,,,,,,
3903442651,TRM Labs,Senior Data Scientist (Advanced Analytics),"TRM is on a mission to build a safer financial system for billions of people. We deliver a blockchain intelligence data platform to financial institutions, crypto companies, and governments to fight cryptocurrency fraud and financial crime. We consider our business — and our profit — as a way to move towards our mission sustainably and at scale.

As a Senior Data Scientist, you will have end-to-end ownership of custom models, algorithms, and other data products that feed directly into TRM’s UX. In collaboration with a highly skilled team of engineers, data scientists, and research scientists, your goal will be to uncover valuable and defensible information that can be used to detect, prevent, and mitigate cryptocurrency fraud and financial crime. The models and algorithms you create will be specifically designed to identify new threat vectors that are unique to cryptocurrencies and blockchains. These tools will be consumed by prestigious entities such as former FBI, Secret Service, and other law enforcement agencies, enabling them to stay ahead of evolving criminal activities in the cryptocurrency space.

The impact you'll have here:

Develop custom models, algorithms, and interactive visualizations that will be consumed by former FBI, Secret Service, and Europol agents and analysts to detect new threat vectors unique to cryptocurrencies and blockchainsCollaborate with engineers and research scientists to design algorithms to analyze complex data structures inherent to cryptocurrencies and blockchains. This will involve working with distributed ledger technologies, cryptographic protocols, and transactional data to uncover suspicious activities.Lead the development of advanced machine learning and statistical models tailored to identify patterns and anomalies associated with cryptocurrency fraud and financial crime. These models will help detect potential threats and provide valuable insights for law enforcement agencies.Create interactive visualizations that allow law enforcement agencies to explore and understand complex blockchain data easily. These visualizations will enable investigators to navigate through the data effectively and identify key insights related to potential fraud and financial crime.As a leader in the team, you will collaborate closely with engineers, data scientists, and research scientists to align on project goals, methodologies, and deliverables. You will communicate your findings and insights effectively to both technical and non-technical stakeholders.You will stay up to date with the latest developments in the field of blockchain technology, cryptocurrencies, and financial crime. This will involve continuous learning, attending conferences, and exploring research papers to incorporate cutting-edge techniques into your work.Develop your skills through exceptional training as well as frequent coaching and mentoring from colleaguesEstablish best practices and statistical rigor around data-driven decision-making

What we're looking for:

Your academic background is in a quantitative field such as Computer Science, Statistics, Engineering, Economics or Physics. Advanced degree preferred.You have 4+ years of experience working in an analytical role.You have proven experience with at least one programming language (Python preferred) and are comfortable developing code in a team environment (e.g. git, notebooks, testing).You have a working knowledge of relational databases, (e.g. SQL)You think about data in terms of statistical distributions and have a big enough analytics toolbox to know how to find patterns in data and identify targets for performanceYou have a high tolerance for ambiguity. You find a way through. You anticipate. You connect and synthesize.You are delivery-oriented, able to lead and execute modeling efforts from start to finishYou have excellent verbal and written communication skills and experience in influencing decisions with information

Life at TRM Labs

Our Principles

TRM's culture is shaped by how we make decisions, how we execute, and how we treat each other

Impact-Oriented Trailblazer: We put customers first, driving for speed, focus, and adaptability.Master Craftsperson: We prioritize speed, high standards, and distributed ownership.Inspiring Colleague: We value humility, candor, and a one-team mindset.

Build a Career

Joining TRM means being part of a mission-driven team comprised of industry leaders.

At TRM, you'll experience:

Purpose: Have a real-world impact, from disrupting terrorist networks to returning stolen funds.Growth: Professional advancement opportunities through clearly defined career pathways and biannual performance reviews.Ownership: Take pride in your work. Have a large breadth and scope of contributions and impact.

Work Environment

Remote First: Our headquarters is online but we highly value in-person interactions, organizing regular meetups and offsites for team building.Async Communication: Clear communication is key in our decentralized setup. We use tools such as Slack, Notion, and Loom, to promote transparency and efficiency.High Ownership: Small teams drive big goals at TRM with ownership, responsibility, and a direct impact. There's no strict clocking in or out. Team members are trusted to balance personal schedules with team needs.TRM Speed: We move “surprisingly fast” while maintaining a high bar in service of our customers and mission. This can feel both intense and rewarding. Our unique approach emphasizes quick wins, rapid iterations, and constant feedback.Diversity and Inclusion: Diversity at TRM encompasses backgrounds, experiences, and perspectives. Every day is an opportunity to learn from a colleague, whether they're a law enforcement expert or a tech pioneer.

Benefits And Perks

At TRM, we know that supporting our team members can take many forms. Our goal is to enable you to care for yourself, your family, and your community with a diverse and curated benefits package for full-time employees.

Remote-first work environment Regular team offsites and retreatsCompetitive salaries and stock optionsPremium health, dental, and vision insuranceFSA, HSA, and 401K programsLife & disability coverageGenerous paid time for vacation, holidays, and parental leaveFertility, professional coaching, and mental health resources

Join Us

We are looking for team members who love building from the ground up and want to work hard in a fast-paced and ambitious environment. We are remote-first, with exceptionally talented team members located around the world. If you like solving tough problems quickly and seeing your work improve the lives of billions of people, we want you at TRM.

We encourage you to reach out even if your experience doesn't precisely match the job description. Don't worry about picking exactly the right job; we can always explore other options after starting the conversation. Your passion and interests will set you apart, especially if your background or career is unconventional.",,,United States,18742807,17,,,Full-time,1,1.7134E+12,1,https://www.linkedin.com/jobs/view/3903442651/?trk=jobs_biz_prem_srch,https://www.trmlabs.com/careers-list?gh_jid=5156551004&gh_src=21d21f294us,OffsiteApply,1.71605E+12,,Mid-Senior level,,1.71345E+12,www.trmlabs.com,0,FULL_TIME,,,,,,,,,,,,,,
